original_image_path,frame,district,severity,max_dbz,rain_pixels,rain_level,rain_level_data
cropped_districts_by_frame/north/20260226_190023\frame_002\บางซื่อ.png,2,บางซื่อ,0.0,0.0,0,ไม่มีฝน,0
cropped_districts_by_frame/central/20260222_220005\frame_006\หนองแขม.png,6,หนองแขม,0.0,0.0,0,ไม่มีฝน,0
cropped_districts_by_frame/central/20260523_060001\frame_002\บางเขน.png,2,บางเขน,0.0,0.0,0,ไม่มีฝน,0
cropped_districts_by_frame/central/20260525_060006\frame_002\พระโขนง.png,2,พระโขนง,0.0,0.0,0,ไม่มีฝน,0
cropped_districts_by_frame/central/20260226_230000\frame_005\ป้อมปราบศัตรูพ่าย.png,5,ป้อมปราบศัตรูพ่าย,0.0,0.0,0,ไม่มีฝน,0
cropped_districts_by_frame/central/20260520_230003\frame_006\สวนหลวง.png,6,สวนหลวง,0.0,0.0,0,ไม่มีฝน,0
cropped_districts_by_frame/north/20260504_180023\frame_011\ดุสิต.png,11,ดุสิต,0.0,0.0,0,ไม่มีฝน,0
cropped_districts_by_frame/central/20260527_030000\frame_009\ธนบุรี.png,9,ธนบุรี,0.0,0.0,0,ไม่มีฝน,0
cropped_districts_by_frame/north/20260227_160023\frame_006\ลาดพร้าว.png,6,ลาดพร้าว,0.0,0.0,0,ไม่มีฝน,0
cropped_districts_by_frame/north/20260504_160022\frame_006\ดุสิต.png,6,ดุสิต,0.0,0.0,0,ไม่มีฝน,0
cropped_districts_by_frame/north/20260510_030023\frame_011\ลาดพร้าว.png,11,ลาดพร้าว,0.0,0.0,0,ไม่มีฝน,0
cropped_districts_by_frame/north/20260507_200023\frame_005\ดินแดง.png,5,ดินแดง,0.0,0.0,0,ไม่มีฝน,0
cropped_districts_by_frame/north/20260509_000025\frame_003\ราษฎร์บูรณะ.png,3,ราษฎร์บูรณะ,0.0,0.0,0,ไม่มีฝน,0
cropped_districts_by_frame/central/20260312_070000\frame_004\สัมพันธวงศ์.png,4,สัมพันธวงศ์,0.0,0.0,0,ไม่มีฝน,0
cropped_districts_by_frame/central/20260520_220002\frame_005\ทวีวัฒนา.png,5,ทวีวัฒนา,0.0,0.0,0,ไม่มีฝน,0
cropped_districts_by_frame/central/20260505_030001\frame_009\สะพานสูง.png,9,สะพานสูง,0.0,0.0,0,ไม่มีฝน,0
cropped_districts_by_frame/central/20260505_000001\frame_005\พระโขนง.png,5,พระโขนง,0.0,0.0,0,ไม่มีฝน,0
cropped_districts_by_frame/north/20260226_180022\frame_000\ทุ่งครุ.png,0,ทุ่งครุ,0.0,0.0,0,ไม่มีฝน,0
cropped_districts_by_frame/central/20260501_150000\frame_009\วัฒนา.png,9,วัฒนา,0.0,0.0,0,ไม่มีฝน,0
cropped_districts_by_frame/central/20260519_220001\frame_001\พระนคร.png,1,พระนคร,0.0,0.0,0,ไม่มีฝน,0
cropped_districts_by_frame/north/20260312_090023\frame_009\ดอนเมือง.png,9,ดอนเมือง,0.0,0.0,0,ไม่มีฝน,0
cropped_districts_by_frame/central/20260514_010000\frame_010\ลาดพร้าว.png,10,ลาดพร้าว,0.0,0.0,0,ไม่มีฝน,0
cropped_districts_by_frame/central/20260523_060001\frame_008\คันนายาว.png,8,คันนายาว,0.0,0.0,0,ไม่มีฝน,0
cropped_districts_by_frame/central/20260520_220002\frame_007\ธนบุรี.png,7,ธนบุรี,0.0,0.0,0,ไม่มีฝน,0
cropped_districts_by_frame/north/20260312_120023\frame_011\ทุ่งครุ.png,11,ทุ่งครุ,0.0,0.0,0,ไม่มีฝน,0
cropped_districts_by_frame/central/20260508_180005\frame_007\สาทร.png,7,สาทร,0.0,0.0,0,ไม่มีฝน,0
cropped_districts_by_frame/north/20260314_010024\frame_003\ลาดกระบัง.png,3,ลาดกระบัง,0.0,0.0,0,ไม่มีฝน,0
cropped_districts_by_frame/north/20260514_050022\frame_009\ดินแดง.png,9,ดินแดง,0.0,0.0,0,ไม่มีฝน,0
cropped_districts_by_frame/central/20260523_030002\frame_001\บางพลัด.png,1,บางพลัด,0.0,0.0,0,ไม่มีฝน,0
cropped_districts_by_frame/north/20260227_000023\frame_011\สัมพันธวงศ์.png,11,สัมพันธวงศ์,0.0,0.0,0,ไม่มีฝน,0
cropped_districts_by_frame/north/20260513_230023\frame_010\คันนายาว.png,10,คันนายาว,0.0,0.0,0,ไม่มีฝน,0
cropped_districts_by_frame/north/20260509_010028\frame_000\หนองแขม.png,0,หนองแขม,0.0,0.0,0,ไม่มีฝน,0
cropped_districts_by_frame/north/20260508_230023\frame_009\หนองแขม.png,9,หนองแขม,0.0,0.0,0,ไม่มีฝน,0
cropped_districts_by_frame/central/20260228_070000\frame_009\ตลิ่งชัน.png,9,ตลิ่งชัน,0.0,0.0,0,ไม่มีฝน,0
cropped_districts_by_frame/central/20260425_190002\frame_006\ทุ่งครุ.png,6,ทุ่งครุ,0.0,0.0,0,ไม่มีฝน,0
cropped_districts_by_frame/north/20260505_050024\frame_006\ลาดกระบัง.png,6,ลาดกระบัง,0.0,0.0,0,ไม่มีฝน,0
cropped_districts_by_frame/north/20260517_200025\frame_008\คันนายาว.png,8,คันนายาว,0.0,0.0,0,ไม่มีฝน,0
cropped_districts_by_frame/north/20260520_220024\frame_007\ป้อมปราบศัตรูพ่าย.png,7,ป้อมปราบศัตรูพ่าย,0.0,0.0,0,ไม่มีฝน,0
cropped_districts_by_frame/north/20260508_230023\frame_008\หนองแขม.png,8,หนองแขม,0.0,0.0,0,ไม่มีฝน,0
cropped_districts_by_frame/north/20260508_200025\frame_007\บางนา.png,7,บางนา,0.0,0.0,0,ไม่มีฝน,0
cropped_districts_by_frame/central/20260430_130000\frame_001\ดินแดง.png,1,ดินแดง,0.0,0.0,0,ไม่มีฝน,0
cropped_districts_by_frame/north/20260505_040026\frame_005\บางกอกน้อย.png,5,บางกอกน้อย,0.0,0.0,0,ไม่มีฝน,0
cropped_districts_by_frame/central/20260520_230003\frame_001\วังทองหลาง.png,1,วังทองหลาง,0.0,0.0,0,ไม่มีฝน,0
cropped_districts_by_frame/north/20260504_160022\frame_004\ประเวศ.png,4,ประเวศ,0.0,0.0,0,ไม่มีฝน,0
cropped_districts_by_frame/north/20260312_080023\frame_008\พระนคร.png,8,พระนคร,0.0,0.0,0,ไม่มีฝน,0
cropped_districts_by_frame/central/20260504_170000\frame_000\สัมพันธวงศ์.png,0,สัมพันธวงศ์,0.0,0.0,0,ไม่มีฝน,0
cropped_districts_by_frame/central/20260501_150000\frame_008\วัฒนา.png,8,วัฒนา,0.0,0.0,0,ไม่มีฝน,0
cropped_districts_by_frame/north/20260226_190023\frame_009\จตุจักร.png,9,จตุจักร,0.0,0.0,0,ไม่มีฝน,0
cropped_districts_by_frame/north/20260505_020023\frame_000\ปทุมวัน.png,0,ปทุมวัน,0.0,0.0,0,ไม่มีฝน,0
cropped_districts_by_frame/central/20260430_130000\frame_000\วังทองหลาง.png,0,วังทองหลาง,0.0,0.0,0,ไม่มีฝน,0
cropped_districts_by_frame/central/20260505_050001\frame_009\ป้อมปราบศัตรูพ่าย.png,9,ป้อมปราบศัตรูพ่าย,0.0,0.0,0,ไม่มีฝน,0
cropped_districts_by_frame/north/20260505_040026\frame_008\บางซื่อ.png,8,บางซื่อ,0.0,0.0,0,ไม่มีฝน,0
cropped_districts_by_frame/north/20260514_000023\frame_004\ป้อมปราบศัตรูพ่าย.png,4,ป้อมปราบศัตรูพ่าย,0.0,0.0,0,ไม่มีฝน,0
cropped_districts_by_frame/central/20260508_170000\frame_008\บางคอแหลม.png,8,บางคอแหลม,0.0,0.0,0,ไม่มีฝน,0
cropped_districts_by_frame/north/20260520_100027\frame_000\ภาษีเจริญ.png,0,ภาษีเจริญ,0.0,0.0,0,ไม่มีฝน,0
cropped_districts_by_frame/north/20260226_170024\frame_001\คลองสาน.png,1,คลองสาน,0.0,0.0,0,ไม่มีฝน,0
cropped_districts_by_frame/central/20260314_000000\frame_008\สายไหม.png,8,สายไหม,0.0,0.0,0,ไม่มีฝน,0
cropped_districts_by_frame/north/20260312_090023\frame_008\บางกอกใหญ่.png,8,บางกอกใหญ่,0.0,0.0,0,ไม่มีฝน,0
cropped_districts_by_frame/north/20260504_220025\frame_003\วัฒนา.png,3,วัฒนา,0.0,0.0,0,ไม่มีฝน,0
cropped_districts_by_frame/north/20260226_170024\frame_003\หลักสี่.png,3,หลักสี่,0.0,0.0,0,ไม่มีฝน,0
cropped_districts_by_frame/north/20260508_220024\frame_007\ดุสิต.png,7,ดุสิต,0.0,0.0,0,ไม่มีฝน,0
cropped_districts_by_frame/north/20260508_190023\frame_011\บึงกุ่ม.png,11,บึงกุ่ม,0.0,0.0,0,ไม่มีฝน,0
cropped_districts_by_frame/central/20260523_020000\frame_008\สัมพันธวงศ์.png,8,สัมพันธวงศ์,0.0,0.0,0,ไม่มีฝน,0
cropped_districts_by_frame/central/20260508_220002\frame_004\คลองสาน.png,4,คลองสาน,0.0,0.0,0,ไม่มีฝน,0
cropped_districts_by_frame/central/20260523_120002\frame_004\สายไหม.png,4,สายไหม,0.0,0.0,0,ไม่มีฝน,0
cropped_districts_by_frame/central/20260226_230000\frame_011\ลาดพร้าว.png,11,ลาดพร้าว,0.0,0.0,0,ไม่มีฝน,0
cropped_districts_by_frame/north/20260227_150023\frame_001\ปทุมวัน.png,1,ปทุมวัน,0.0,0.0,0,ไม่มีฝน,0
cropped_districts_by_frame/central/20260523_120002\frame_007\บางกอกใหญ่.png,7,บางกอกใหญ่,0.0,0.0,0,ไม่มีฝน,0
cropped_districts_by_frame/north/20260504_180023\frame_005\ดอนเมือง.png,5,ดอนเมือง,0.0,0.0,0,ไม่มีฝน,0
cropped_districts_by_frame/central/20260505_050001\frame_007\วังทองหลาง.png,7,วังทองหลาง,0.0,0.0,0,ไม่มีฝน,0
cropped_districts_by_frame/central/20260527_030000\frame_010\สะพานสูง.png,10,สะพานสูง,0.0,0.0,0,ไม่มีฝน,0
cropped_districts_by_frame/central/20260218_120002\frame_011\วังทองหลาง.png,11,วังทองหลาง,0.0,0.0,0,ไม่มีฝน,0
cropped_districts_by_frame/north/20260504_160022\frame_003\ธนบุรี.png,3,ธนบุรี,0.0,0.0,0,ไม่มีฝน,0
cropped_districts_by_frame/central/20260508_220002\frame_006\หนองแขม.png,6,หนองแขม,0.0,0.0,0,ไม่มีฝน,0
cropped_districts_by_frame/north/20260505_030024\frame_009\จตุจักร.png,9,จตุจักร,0.0,0.0,0,ไม่มีฝน,0
cropped_districts_by_frame/north/20260226_170024\frame_003\ภาษีเจริญ.png,3,ภาษีเจริญ,0.0,0.0,0,ไม่มีฝน,0
cropped_districts_by_frame/north/20260505_030024\frame_005\บึงกุ่ม.png,5,บึงกุ่ม,0.0,0.0,0,ไม่มีฝน,0
cropped_districts_by_frame/central/20260524_040006\frame_002\คลองสามวา.png,2,คลองสามวา,0.0,0.0,0,ไม่มีฝน,0
cropped_districts_by_frame/north/20260227_160023\frame_003\ราษฎร์บูรณะ.png,3,ราษฎร์บูรณะ,0.0,0.0,0,ไม่มีฝน,0
cropped_districts_by_frame/central/20260508_180005\frame_000\ภาษีเจริญ.png,0,ภาษีเจริญ,0.0,0.0,0,ไม่มีฝน,0
cropped_districts_by_frame/north/20260227_180023\frame_011\ลาดกระบัง.png,11,ลาดกระบัง,0.0,0.0,0,ไม่มีฝน,0
cropped_districts_by_frame/central/20260508_170000\frame_000\สายไหม.png,0,สายไหม,0.0,0.0,0,ไม่มีฝน,0
cropped_districts_by_frame/north/20260314_010024\frame_006\ห้วยขวาง.png,6,ห้วยขวาง,0.0,0.0,0,ไม่มีฝน,0
cropped_districts_by_frame/central/20260524_030001\frame_002\ตลิ่งชัน.png,2,ตลิ่งชัน,0.0,0.0,0,ไม่มีฝน,0
cropped_districts_by_frame/north/20260227_150023\frame_009\ราษฎร์บูรณะ.png,9,ราษฎร์บูรณะ,0.0,0.0,0,ไม่มีฝน,0
cropped_districts_by_frame/central/20260525_040000\frame_004\สาทร.png,4,สาทร,0.0,0.0,0,ไม่มีฝน,0
cropped_districts_by_frame/central/20260522_120000\frame_004\สาทร.png,4,สาทร,0.0,0.0,0,ไม่มีฝน,0
cropped_districts_by_frame/north/20260507_180025\frame_010\ตลิ่งชัน.png,10,ตลิ่งชัน,0.0,0.0,0,ไม่มีฝน,0
cropped_districts_by_frame/north/20260514_000023\frame_004\ราษฎร์บูรณะ.png,4,ราษฎร์บูรณะ,0.0,0.0,0,ไม่มีฝน,0
cropped_districts_by_frame/central/20260527_020002\frame_009\จอมทอง.png,9,จอมทอง,0.0,0.0,0,ไม่มีฝน,0
cropped_districts_by_frame/central/20260505_010001\frame_001\บางกะปิ.png,1,บางกะปิ,0.0,0.0,0,ไม่มีฝน,0
cropped_districts_by_frame/central/20260526_190003\frame_010\จตุจักร.png,10,จตุจักร,0.0,0.0,0,ไม่มีฝน,0
cropped_districts_by_frame/central/20260227_010001\frame_005\สาทร.png,5,สาทร,0.0,0.0,0,ไม่มีฝน,0
cropped_districts_by_frame/north/20260505_050024\frame_004\บึงกุ่ม.png,4,บึงกุ่ม,0.0,0.0,0,ไม่มีฝน,0
cropped_districts_by_frame/north/20260312_110024\frame_001\ดุสิต.png,1,ดุสิต,0.0,0.0,0,ไม่มีฝน,0
cropped_districts_by_frame/north/20260508_220024\frame_001\ลาดพร้าว.png,1,ลาดพร้าว,0.0,0.0,0,ไม่มีฝน,0
cropped_districts_by_frame/central/20260505_030001\frame_006\จตุจักร.png,6,จตุจักร,0.0,0.0,0,ไม่มีฝน,0
cropped_districts_by_frame/north/20260227_150023\frame_009\ดินแดง.png,9,ดินแดง,0.0,0.0,0,ไม่มีฝน,0
cropped_districts_by_frame/north/20260504_170022\frame_001\ทุ่งครุ.png,1,ทุ่งครุ,0.0,0.0,0,ไม่มีฝน,0
cropped_districts_by_frame/central/20260505_050001\frame_000\ตลิ่งชัน.png,0,ตลิ่งชัน,0.0,0.0,0,ไม่มีฝน,0
cropped_districts_by_frame/north/20260227_150023\frame_003\วังทองหลาง.png,3,วังทองหลาง,0.0,0.0,0,ไม่มีฝน,0
cropped_districts_by_frame/central/20260514_040003\frame_011\บางพลัด.png,11,บางพลัด,0.0,0.0,0,ไม่มีฝน,0
cropped_districts_by_frame/north/20260312_070022\frame_011\ธนบุรี.png,11,ธนบุรี,0.0,0.0,0,ไม่มีฝน,0
cropped_districts_by_frame/north/20260505_050024\frame_008\บางบอน.png,8,บางบอน,0.0,0.0,0,ไม่มีฝน,0
cropped_districts_by_frame/north/20260226_230022\frame_002\สวนหลวง.png,2,สวนหลวง,0.0,0.0,0,ไม่มีฝน,0
cropped_districts_by_frame/north/20260226_200022\frame_005\คลองสามวา.png,5,คลองสามวา,0.0,0.0,0,ไม่มีฝน,0
cropped_districts_by_frame/north/20260508_180027\frame_002\พญาไท.png,2,พญาไท,0.0,0.0,0,ไม่มีฝน,0
cropped_districts_by_frame/central/20260312_080000\frame_009\ปทุมวัน.png,9,ปทุมวัน,0.0,0.0,0,ไม่มีฝน,0
cropped_districts_by_frame/central/20260508_200003\frame_010\ราชเทวี.png,10,ราชเทวี,0.0,0.0,0,ไม่มีฝน,0
cropped_districts_by_frame/north/20260510_010023\frame_011\ทุ่งครุ.png,11,ทุ่งครุ,0.0,0.0,0,ไม่มีฝน,0
cropped_districts_by_frame/north/20260226_170024\frame_010\บางรัก.png,10,บางรัก,0.0,0.0,0,ไม่มีฝน,0
cropped_districts_by_frame/north/20260502_070026\frame_003\บางซื่อ.png,3,บางซื่อ,0.0,0.0,0,ไม่มีฝน,0
cropped_districts_by_frame/central/20260522_120000\frame_004\พระนคร.png,4,พระนคร,0.0,0.0,0,ไม่มีฝน,0
cropped_districts_by_frame/north/20260314_010024\frame_010\บางขุนเทียน.png,10,บางขุนเทียน,0.0,0.0,0,ไม่มีฝน,0
cropped_districts_by_frame/north/20260514_000023\frame_010\คลองสามวา.png,10,คลองสามวา,0.0,0.0,0,ไม่มีฝน,0
cropped_districts_by_frame/central/20260317_140002\frame_004\สาทร.png,4,สาทร,0.0,0.0,0,ไม่มีฝน,0
cropped_districts_by_frame/central/20260508_200003\frame_008\วัฒนา.png,8,วัฒนา,0.0,0.0,0,ไม่มีฝน,0
cropped_districts_by_frame/north/20260508_220024\frame_001\วัฒนา.png,1,วัฒนา,0.0,0.0,0,ไม่มีฝน,0
cropped_districts_by_frame/central/20260524_040006\frame_009\บางกอกใหญ่.png,9,บางกอกใหญ่,0.0,0.0,0,ไม่มีฝน,0
cropped_districts_by_frame/central/20260226_210001\frame_005\คันนายาว.png,5,คันนายาว,0.0,0.0,0,ไม่มีฝน,0
cropped_districts_by_frame/central/20260523_110002\frame_009\จอมทอง.png,9,จอมทอง,0.0,0.0,0,ไม่มีฝน,0
cropped_districts_by_frame/central/20260519_220001\frame_004\พญาไท.png,4,พญาไท,0.0,0.0,0,ไม่มีฝน,0
cropped_districts_by_frame/north/20260508_170022\frame_006\ราชเทวี.png,6,ราชเทวี,0.0,0.0,0,ไม่มีฝน,0
cropped_districts_by_frame/central/20260430_120001\frame_005\ยานนาวา.png,5,ยานนาวา,0.0,0.0,0,ไม่มีฝน,0
cropped_districts_by_frame/central/20260520_200001\frame_001\พญาไท.png,1,พญาไท,0.0,0.0,0,ไม่มีฝน,0
cropped_districts_by_frame/north/20260226_170024\frame_002\สะพานสูง.png,2,สะพานสูง,0.0,0.0,0,ไม่มีฝน,0
cropped_districts_by_frame/north/20260502_080024\frame_002\วัฒนา.png,2,วัฒนา,0.0,0.0,0,ไม่มีฝน,0
cropped_districts_by_frame/central/20260312_080000\frame_008\ทวีวัฒนา.png,8,ทวีวัฒนา,0.0,0.0,0,ไม่มีฝน,0
cropped_districts_by_frame/central/20260520_200001\frame_004\สายไหม.png,4,สายไหม,0.0,0.0,0,ไม่มีฝน,0
cropped_districts_by_frame/north/20260226_200022\frame_007\ราชเทวี.png,7,ราชเทวี,0.0,0.0,0,ไม่มีฝน,0
cropped_districts_by_frame/central/20260226_230000\frame_009\ประเวศ.png,9,ประเวศ,0.0,0.0,0,ไม่มีฝน,0
cropped_districts_by_frame/north/20260514_020029\frame_006\ตลิ่งชัน.png,6,ตลิ่งชัน,0.0,0.0,0,ไม่มีฝน,0
cropped_districts_by_frame/north/20260312_110024\frame_007\มีนบุรี.png,7,มีนบุรี,0.0,0.0,0,ไม่มีฝน,0
cropped_districts_by_frame/central/20260525_000000\frame_008\บางกอกใหญ่.png,8,บางกอกใหญ่,0.0,0.0,0,ไม่มีฝน,0
cropped_districts_by_frame/central/20260525_060006\frame_001\สัมพันธวงศ์.png,1,สัมพันธวงศ์,0.0,0.0,0,ไม่มีฝน,0
cropped_districts_by_frame/north/20260314_000024\frame_000\ดินแดง.png,0,ดินแดง,0.0,0.0,0,ไม่มีฝน,0
cropped_districts_by_frame/north/20260514_050022\frame_008\บางขุนเทียน.png,8,บางขุนเทียน,0.0,0.0,0,ไม่มีฝน,0
cropped_districts_by_frame/north/20260227_180023\frame_004\พญาไท.png,4,พญาไท,0.0,0.0,0,ไม่มีฝน,0
cropped_districts_by_frame/north/20260227_150023\frame_007\บางพลัด.png,7,บางพลัด,0.0,0.0,0,ไม่มีฝน,0
cropped_districts_by_frame/central/20260505_040003\frame_001\ทวีวัฒนา.png,1,ทวีวัฒนา,0.0,0.0,0,ไม่มีฝน,0
cropped_districts_by_frame/central/20260525_040000\frame_001\บางแค.png,1,บางแค,0.0,0.0,0,ไม่มีฝน,0
cropped_districts_by_frame/central/20260524_040006\frame_010\จอมทอง.png,10,จอมทอง,0.0,0.0,0,ไม่มีฝน,0
cropped_districts_by_frame/north/20260227_160023\frame_007\วัฒนา.png,7,วัฒนา,0.0,0.0,0,ไม่มีฝน,0
cropped_districts_by_frame/north/20260226_190023\frame_004\ปทุมวัน.png,4,ปทุมวัน,0.0,0.0,0,ไม่มีฝน,0
cropped_districts_by_frame/central/20260218_130000\frame_002\ป้อมปราบศัตรูพ่าย.png,2,ป้อมปราบศัตรูพ่าย,0.0,0.0,0,ไม่มีฝน,0
cropped_districts_by_frame/north/20260226_230022\frame_008\ลาดพร้าว.png,8,ลาดพร้าว,0.0,0.0,0,ไม่มีฝน,0
cropped_districts_by_frame/central/20260312_070000\frame_007\พญาไท.png,7,พญาไท,0.0,0.0,0,ไม่มีฝน,0
cropped_districts_by_frame/north/20260508_170022\frame_008\บางบอน.png,8,บางบอน,0.0,0.0,0,ไม่มีฝน,0
cropped_districts_by_frame/north/20260508_220024\frame_010\จอมทอง.png,10,จอมทอง,0.0,0.0,0,ไม่มีฝน,0
cropped_districts_by_frame/central/20260314_000000\frame_002\สวนหลวง.png,2,สวนหลวง,0.0,0.0,0,ไม่มีฝน,0
cropped_districts_by_frame/central/20260514_040003\frame_006\ทวีวัฒนา.png,6,ทวีวัฒนา,0.0,0.0,0,ไม่มีฝน,0
cropped_districts_by_frame/central/20260523_010000\frame_009\บางกะปิ.png,9,บางกะปิ,0.0,0.0,0,ไม่มีฝน,0
cropped_districts_by_frame/north/20260226_200022\frame_010\ประเวศ.png,10,ประเวศ,0.0,0.0,0,ไม่มีฝน,0
cropped_districts_by_frame/central/20260218_120002\frame_004\ธนบุรี.png,4,ธนบุรี,0.0,0.0,0,ไม่มีฝน,0
cropped_districts_by_frame/north/20260510_020023\frame_002\พญาไท.png,2,พญาไท,0.0,0.0,0,ไม่มีฝน,0
cropped_districts_by_frame/central/20260523_100002\frame_001\บางรัก.png,1,บางรัก,0.0,0.0,0,ไม่มีฝน,0
cropped_districts_by_frame/central/20260222_220005\frame_010\ภาษีเจริญ.png,10,ภาษีเจริญ,0.0,0.0,0,ไม่มีฝน,0
cropped_districts_by_frame/north/20260508_190023\frame_001\ดุสิต.png,1,ดุสิต,0.0,0.0,0,ไม่มีฝน,0
cropped_districts_by_frame/central/20260312_070000\frame_005\บางบอน.png,5,บางบอน,0.0,0.0,0,ไม่มีฝน,0
cropped_districts_by_frame/north/20260227_150023\frame_011\ราชเทวี.png,11,ราชเทวี,0.0,0.0,0,ไม่มีฝน,0
cropped_districts_by_frame/central/20260505_000001\frame_001\ปทุมวัน.png,1,ปทุมวัน,0.0,0.0,0,ไม่มีฝน,0
cropped_districts_by_frame/north/20260312_090023\frame_003\สาทร.png,3,สาทร,0.0,0.0,0,ไม่มีฝน,0
cropped_districts_by_frame/central/20260430_120001\frame_011\ป้อมปราบศัตรูพ่าย.png,11,ป้อมปราบศัตรูพ่าย,0.0,0.0,0,ไม่มีฝน,0
cropped_districts_by_frame/central/20260525_040000\frame_007\บางรัก.png,7,บางรัก,0.0,0.0,0,ไม่มีฝน,0
cropped_districts_by_frame/north/20260514_040026\frame_007\ประเวศ.png,7,ประเวศ,0.0,0.0,0,ไม่มีฝน,0
cropped_districts_by_frame/north/20260520_090023\frame_004\วังทองหลาง.png,4,วังทองหลาง,0.0,0.0,0,ไม่มีฝน,0
cropped_districts_by_frame/north/20260227_150023\frame_009\บางกอกใหญ่.png,9,บางกอกใหญ่,0.0,0.0,0,ไม่มีฝน,0
cropped_districts_by_frame/central/20260520_230003\frame_001\บางรัก.png,1,บางรัก,0.0,0.0,0,ไม่มีฝน,0
cropped_districts_by_frame/central/20260508_180005\frame_002\ธนบุรี.png,2,ธนบุรี,0.0,0.0,0,ไม่มีฝน,0
cropped_districts_by_frame/north/20260510_010023\frame_008\ดุสิต.png,8,ดุสิต,0.0,0.0,0,ไม่มีฝน,0
cropped_districts_by_frame/north/20260314_000024\frame_011\ทุ่งครุ.png,11,ทุ่งครุ,0.0,0.0,0,ไม่มีฝน,0
cropped_districts_by_frame/north/20260520_170023\frame_002\บางเขน.png,2,บางเขน,0.0,0.0,0,ไม่มีฝน,0
cropped_districts_by_frame/central/20260524_070000\frame_005\ลาดพร้าว.png,5,ลาดพร้าว,0.0,0.0,0,ไม่มีฝน,0
cropped_districts_by_frame/central/20260312_070000\frame_011\บางแค.png,11,บางแค,0.0,0.0,0,ไม่มีฝน,0
cropped_districts_by_frame/central/20260527_020002\frame_006\จอมทอง.png,6,จอมทอง,0.0,0.0,0,ไม่มีฝน,0
cropped_districts_by_frame/north/20260502_080024\frame_008\คันนายาว.png,8,คันนายาว,0.0,0.0,0,ไม่มีฝน,0
cropped_districts_by_frame/north/20260508_190023\frame_005\บางบอน.png,5,บางบอน,0.0,0.0,0,ไม่มีฝน,0
cropped_districts_by_frame/central/20260520_100004\frame_004\บึงกุ่ม.png,4,บึงกุ่ม,0.0,0.0,0,ไม่มีฝน,0
cropped_districts_by_frame/central/20260508_210000\frame_007\พระโขนง.png,7,พระโขนง,0.0,0.0,0,ไม่มีฝน,0
cropped_districts_by_frame/north/20260505_050024\frame_010\ดอนเมือง.png,10,ดอนเมือง,0.0,0.0,0,ไม่มีฝน,0
cropped_districts_by_frame/north/20260314_000024\frame_000\บางกอกน้อย.png,0,บางกอกน้อย,0.0,0.0,0,ไม่มีฝน,0
cropped_districts_by_frame/north/20260514_020029\frame_001\บางซื่อ.png,1,บางซื่อ,0.0,0.0,0,ไม่มีฝน,0
cropped_districts_by_frame/central/20260505_050001\frame_002\ห้วยขวาง.png,2,ห้วยขวาง,0.0,0.0,0,ไม่มีฝน,0
cropped_districts_by_frame/central/20260222_220005\frame_003\บางคอแหลม.png,3,บางคอแหลม,0.0,0.0,0,ไม่มีฝน,0
cropped_districts_by_frame/north/20260505_040026\frame_006\ลาดพร้าว.png,6,ลาดพร้าว,0.0,0.0,0,ไม่มีฝน,0
cropped_districts_by_frame/north/20260510_010023\frame_005\ยานนาวา.png,5,ยานนาวา,0.0,0.0,0,ไม่มีฝน,0
cropped_districts_by_frame/north/20260520_180026\frame_011\วังทองหลาง.png,11,วังทองหลาง,0.0,0.0,0,ไม่มีฝน,0
cropped_districts_by_frame/north/20260514_030023\frame_007\บึงกุ่ม.png,7,บึงกุ่ม,0.0,0.0,0,ไม่มีฝน,0
cropped_districts_by_frame/north/20260508_180027\frame_001\บางบอน.png,1,บางบอน,0.0,0.0,0,ไม่มีฝน,0
cropped_districts_by_frame/north/20260513_170024\frame_003\ยานนาวา.png,3,ยานนาวา,0.0,0.0,0,ไม่มีฝน,0
cropped_districts_by_frame/north/20260227_150023\frame_003\บางขุนเทียน.png,3,บางขุนเทียน,0.0,0.0,0,ไม่มีฝน,0
cropped_districts_by_frame/central/20260527_030000\frame_000\จอมทอง.png,0,จอมทอง,0.0,0.0,0,ไม่มีฝน,0
cropped_districts_by_frame/north/20260513_170024\frame_003\คลองสาน.png,3,คลองสาน,0.0,0.0,0,ไม่มีฝน,0
cropped_districts_by_frame/central/20260525_050001\frame_000\บางกอกน้อย.png,0,บางกอกน้อย,0.0,0.0,0,ไม่มีฝน,0
cropped_districts_by_frame/north/20260520_170023\frame_008\คลองเตย.png,8,คลองเตย,0.0,0.0,0,ไม่มีฝน,0
cropped_districts_by_frame/central/20260526_190003\frame_010\สัมพันธวงศ์.png,10,สัมพันธวงศ์,0.0,0.0,0,ไม่มีฝน,0
cropped_districts_by_frame/north/20260508_180027\frame_011\ยานนาวา.png,11,ยานนาวา,0.0,0.0,0,ไม่มีฝน,0
cropped_districts_by_frame/north/20260514_040026\frame_008\บางขุนเทียน.png,8,บางขุนเทียน,0.0,0.0,0,ไม่มีฝน,0
cropped_districts_by_frame/central/20260523_050000\frame_010\บางกอกใหญ่.png,10,บางกอกใหญ่,0.0,0.0,0,ไม่มีฝน,0
cropped_districts_by_frame/north/20260226_210023\frame_003\คลองสาน.png,3,คลองสาน,0.0,0.0,0,ไม่มีฝน,0
cropped_districts_by_frame/north/20260520_090023\frame_006\หนองแขม.png,6,หนองแขม,0.0,0.0,0,ไม่มีฝน,0
cropped_districts_by_frame/central/20260508_180005\frame_001\บางแค.png,1,บางแค,0.0,0.0,0,ไม่มีฝน,0
cropped_districts_by_frame/north/20260508_220024\frame_007\คลองสาน.png,7,คลองสาน,0.0,0.0,0,ไม่มีฝน,0
cropped_districts_by_frame/north/20260505_030024\frame_003\คันนายาว.png,3,คันนายาว,0.0,0.0,0,ไม่มีฝน,0
cropped_districts_by_frame/north/20260504_220025\frame_008\ป้อมปราบศัตรูพ่าย.png,8,ป้อมปราบศัตรูพ่าย,0.0,0.0,0,ไม่มีฝน,0
cropped_districts_by_frame/north/20260226_180022\frame_007\บางขุนเทียน.png,7,บางขุนเทียน,0.0,0.0,0,ไม่มีฝน,0
cropped_districts_by_frame/central/20260218_093052\frame_006\ห้วยขวาง.png,6,ห้วยขวาง,0.0,0.0,0,ไม่มีฝน,0
cropped_districts_by_frame/central/20260505_050001\frame_010\พระนคร.png,10,พระนคร,0.0,0.0,0,ไม่มีฝน,0
cropped_districts_by_frame/central/20260312_080000\frame_004\คลองเตย.png,4,คลองเตย,0.0,0.0,0,ไม่มีฝน,0
cropped_districts_by_frame/north/20260504_190024\frame_004\ป้อมปราบศัตรูพ่าย.png,4,ป้อมปราบศัตรูพ่าย,0.0,0.0,0,ไม่มีฝน,0
cropped_districts_by_frame/north/20260520_090023\frame_001\ตลิ่งชัน.png,1,ตลิ่งชัน,0.0,0.0,0,ไม่มีฝน,0
cropped_districts_by_frame/north/20260514_000023\frame_003\หนองแขม.png,3,หนองแขม,0.0,0.0,0,ไม่มีฝน,0
cropped_districts_by_frame/central/20260505_000001\frame_004\บางขุนเทียน.png,4,บางขุนเทียน,0.0,0.0,0,ไม่มีฝน,0
cropped_districts_by_frame/central/20260317_140002\frame_001\ปทุมวัน.png,1,ปทุมวัน,0.0,0.0,0,ไม่มีฝน,0
cropped_districts_by_frame/central/20260508_220002\frame_007\จอมทอง.png,7,จอมทอง,0.0,0.0,0,ไม่มีฝน,0
cropped_districts_by_frame/north/20260507_180025\frame_009\บางแค.png,9,บางแค,0.0,0.0,0,ไม่มีฝน,0
cropped_districts_by_frame/central/20260523_120002\frame_002\ประเวศ.png,2,ประเวศ,0.0,0.0,0,ไม่มีฝน,0
cropped_districts_by_frame/north/20260513_230023\frame_002\บางรัก.png,2,บางรัก,0.0,0.0,0,ไม่มีฝน,0
cropped_districts_by_frame/central/20260227_010001\frame_005\สายไหม.png,5,สายไหม,0.0,0.0,0,ไม่มีฝน,0
cropped_districts_by_frame/central/20260312_070000\frame_010\คลองเตย.png,10,คลองเตย,0.0,0.0,0,ไม่มีฝน,0
cropped_districts_by_frame/north/20260501_020027\frame_006\บางขุนเทียน.png,6,บางขุนเทียน,0.0,0.0,0,ไม่มีฝน,0
cropped_districts_by_frame/north/20260227_160023\frame_006\สะพานสูง.png,6,สะพานสูง,0.0,0.0,0,ไม่มีฝน,0
cropped_districts_by_frame/north/20260517_200025\frame_010\ทุ่งครุ.png,10,ทุ่งครุ,0.0,0.0,0,ไม่มีฝน,0
cropped_districts_by_frame/central/20260314_000000\frame_007\บางรัก.png,7,บางรัก,0.0,0.0,0,ไม่มีฝน,0
cropped_districts_by_frame/central/20260523_120002\frame_003\คลองสามวา.png,3,คลองสามวา,0.0,0.0,0,ไม่มีฝน,0
cropped_districts_by_frame/north/20260227_160023\frame_008\หนองแขม.png,8,หนองแขม,0.0,0.0,0,ไม่มีฝน,0
cropped_districts_by_frame/central/20260524_070000\frame_011\สะพานสูง.png,11,สะพานสูง,0.0,0.0,0,ไม่มีฝน,0
cropped_districts_by_frame/central/20260222_220005\frame_011\บางเขน.png,11,บางเขน,0.0,0.0,0,ไม่มีฝน,0
cropped_districts_by_frame/central/20260523_020000\frame_002\บางรัก.png,2,บางรัก,0.0,0.0,0,ไม่มีฝน,0
cropped_districts_by_frame/central/20260505_020000\frame_005\ป้อมปราบศัตรูพ่าย.png,5,ป้อมปราบศัตรูพ่าย,0.0,0.0,0,ไม่มีฝน,0
cropped_districts_by_frame/central/20260523_030002\frame_001\บางรัก.png,1,บางรัก,0.0,0.0,0,ไม่มีฝน,0
cropped_districts_by_frame/north/20260520_170023\frame_008\มีนบุรี.png,8,มีนบุรี,0.0,0.0,0,ไม่มีฝน,0
cropped_districts_by_frame/north/20260508_180027\frame_005\หนองแขม.png,5,หนองแขม,0.0,0.0,0,ไม่มีฝน,0
cropped_districts_by_frame/north/20260314_000024\frame_000\ประเวศ.png,0,ประเวศ,0.0,0.0,0,ไม่มีฝน,0
cropped_districts_by_frame/north/20260510_040027\frame_001\บางบอน.png,1,บางบอน,0.0,0.0,0,ไม่มีฝน,0
cropped_districts_by_frame/central/20260514_020006\frame_000\สัมพันธวงศ์.png,0,สัมพันธวงศ์,0.0,0.0,0,ไม่มีฝน,0
cropped_districts_by_frame/north/20260227_160023\frame_009\ยานนาวา.png,9,ยานนาวา,0.0,0.0,0,ไม่มีฝน,0
cropped_districts_by_frame/central/20260523_100002\frame_009\หนองแขม.png,9,หนองแขม,0.0,0.0,0,ไม่มีฝน,0
cropped_districts_by_frame/central/20260504_190001\frame_002\พระโขนง.png,2,พระโขนง,0.0,0.0,0,ไม่มีฝน,0
cropped_districts_by_frame/north/20260520_180026\frame_005\บางเขน.png,5,บางเขน,0.0,0.0,0,ไม่มีฝน,0
cropped_districts_by_frame/central/20260525_000000\frame_010\ประเวศ.png,10,ประเวศ,0.0,0.0,0,ไม่มีฝน,0
cropped_districts_by_frame/north/20260514_010023\frame_009\พระนคร.png,9,พระนคร,0.0,0.0,0,ไม่มีฝน,0
cropped_districts_by_frame/north/20260508_190023\frame_002\ทวีวัฒนา.png,2,ทวีวัฒนา,0.0,0.0,0,ไม่มีฝน,0
cropped_districts_by_frame/central/20260227_010001\frame_007\ตลิ่งชัน.png,7,ตลิ่งชัน,0.0,0.0,0,ไม่มีฝน,0
cropped_districts_by_frame/central/20260505_000001\frame_009\จตุจักร.png,9,จตุจักร,0.0,0.0,0,ไม่มีฝน,0
cropped_districts_by_frame/central/20260523_120002\frame_009\คลองเตย.png,9,คลองเตย,0.0,0.0,0,ไม่มีฝน,0
cropped_districts_by_frame/central/20260523_030002\frame_000\สัมพันธวงศ์.png,0,สัมพันธวงศ์,0.0,0.0,0,ไม่มีฝน,0
cropped_districts_by_frame/central/20260227_000001\frame_002\หนองจอก.png,2,หนองจอก,0.0,0.0,0,ไม่มีฝน,0
cropped_districts_by_frame/central/20260520_230003\frame_006\พญาไท.png,6,พญาไท,0.0,0.0,0,ไม่มีฝน,0
cropped_districts_by_frame/north/20260314_010024\frame_007\บางซื่อ.png,7,บางซื่อ,0.0,0.0,0,ไม่มีฝน,0
cropped_districts_by_frame/north/20260502_080024\frame_011\สายไหม.png,11,สายไหม,0.0,0.0,0,ไม่มีฝน,0
cropped_districts_by_frame/central/20260226_220000\frame_001\บางนา.png,1,บางนา,0.0,0.0,0,ไม่มีฝน,0
cropped_districts_by_frame/central/20260524_070000\frame_006\ธนบุรี.png,6,ธนบุรี,0.0,0.0,0,ไม่มีฝน,0
cropped_districts_by_frame/central/20260508_180005\frame_005\ดุสิต.png,5,ดุสิต,0.0,0.0,0,ไม่มีฝน,0
cropped_districts_by_frame/central/20260218_093052\frame_005\ทุ่งครุ.png,5,ทุ่งครุ,0.0,0.0,0,ไม่มีฝน,0
cropped_districts_by_frame/central/20260519_210001\frame_011\ยานนาวา.png,11,ยานนาวา,0.0,0.0,0,ไม่มีฝน,0
cropped_districts_by_frame/north/20260505_020023\frame_011\สะพานสูง.png,11,สะพานสูง,0.0,0.0,0,ไม่มีฝน,0
cropped_districts_by_frame/north/20260227_160023\frame_008\คลองเตย.png,8,คลองเตย,0.0,0.0,0,ไม่มีฝน,0
cropped_districts_by_frame/north/20260226_210023\frame_002\บึงกุ่ม.png,2,บึงกุ่ม,0.0,0.0,0,ไม่มีฝน,0
cropped_districts_by_frame/north/20260314_010024\frame_003\ราษฎร์บูรณะ.png,3,ราษฎร์บูรณะ,0.0,0.0,0,ไม่มีฝน,0
cropped_districts_by_frame/north/20260510_040027\frame_008\หนองจอก.png,8,หนองจอก,0.0,0.0,0,ไม่มีฝน,0
cropped_districts_by_frame/north/20260510_030023\frame_009\คันนายาว.png,9,คันนายาว,0.0,0.0,0,ไม่มีฝน,0
cropped_districts_by_frame/central/20260514_040003\frame_007\ตลิ่งชัน.png,7,ตลิ่งชัน,0.0,0.0,0,ไม่มีฝน,0
cropped_districts_by_frame/north/20260226_220022\frame_010\ทวีวัฒนา.png,10,ทวีวัฒนา,0.0,0.0,0,ไม่มีฝน,0
cropped_districts_by_frame/north/20260226_190023\frame_007\วัฒนา.png,7,วัฒนา,0.0,0.0,0,ไม่มีฝน,0
cropped_districts_by_frame/north/20260517_200025\frame_010\ปทุมวัน.png,10,ปทุมวัน,0.0,0.0,0,ไม่มีฝน,0
cropped_districts_by_frame/central/20260525_050001\frame_000\วัฒนา.png,0,วัฒนา,0.0,0.0,0,ไม่มีฝน,0
cropped_districts_by_frame/central/20260314_000000\frame_007\บางแค.png,7,บางแค,0.0,0.0,0,ไม่มีฝน,0
cropped_districts_by_frame/north/20260226_230022\frame_002\ธนบุรี.png,2,ธนบุรี,0.0,0.0,0,ไม่มีฝน,0
cropped_districts_by_frame/central/20260226_230000\frame_002\ธนบุรี.png,2,ธนบุรี,0.0,0.0,0,ไม่มีฝน,0
cropped_districts_by_frame/central/20260317_140002\frame_004\บางกอกน้อย.png,4,บางกอกน้อย,0.0,0.0,0,ไม่มีฝน,0
cropped_districts_by_frame/north/20260504_170022\frame_011\พญาไท.png,11,พญาไท,0.0,0.0,0,ไม่มีฝน,0
cropped_districts_by_frame/central/20260524_070000\frame_001\บึงกุ่ม.png,1,บึงกุ่ม,0.0,0.0,0,ไม่มีฝน,0
cropped_districts_by_frame/central/20260514_030000\frame_011\วัฒนา.png,11,วัฒนา,0.0,0.0,0,ไม่มีฝน,0
cropped_districts_by_frame/central/20260520_230003\frame_000\บางซื่อ.png,0,บางซื่อ,0.0,0.0,0,ไม่มีฝน,0
cropped_districts_by_frame/north/20260510_010023\frame_008\คลองเตย.png,8,คลองเตย,0.0,0.0,0,ไม่มีฝน,0
cropped_districts_by_frame/central/20260505_020000\frame_003\ห้วยขวาง.png,3,ห้วยขวาง,0.0,0.0,0,ไม่มีฝน,0
cropped_districts_by_frame/central/20260527_030000\frame_000\ธนบุรี.png,0,ธนบุรี,0.0,0.0,0,ไม่มีฝน,0
cropped_districts_by_frame/central/20260526_190003\frame_001\จอมทอง.png,1,จอมทอง,0.0,0.0,0,ไม่มีฝน,0
cropped_districts_by_frame/north/20260226_180022\frame_003\บางนา.png,3,บางนา,0.0,0.0,0,ไม่มีฝน,0
cropped_districts_by_frame/central/20260520_090001\frame_004\มีนบุรี.png,4,มีนบุรี,0.0,0.0,0,ไม่มีฝน,0
cropped_districts_by_frame/north/20260312_060023\frame_010\ราษฎร์บูรณะ.png,10,ราษฎร์บูรณะ,0.0,0.0,0,ไม่มีฝน,0
cropped_districts_by_frame/north/20260312_120023\frame_001\วังทองหลาง.png,1,วังทองหลาง,0.0,0.0,0,ไม่มีฝน,0
cropped_districts_by_frame/north/20260426_160026\frame_009\ภาษีเจริญ.png,9,ภาษีเจริญ,0.0,0.0,0,ไม่มีฝน,0
cropped_districts_by_frame/central/20260526_190003\frame_005\สาทร.png,5,สาทร,0.0,0.0,0,ไม่มีฝน,0
cropped_districts_by_frame/north/20260508_170022\frame_000\ทวีวัฒนา.png,0,ทวีวัฒนา,0.0,0.0,0,ไม่มีฝน,0
cropped_districts_by_frame/central/20260226_230000\frame_009\หนองแขม.png,9,หนองแขม,0.0,0.0,0,ไม่มีฝน,0
cropped_districts_by_frame/north/20260508_180027\frame_000\ราชเทวี.png,0,ราชเทวี,0.0,0.0,0,ไม่มีฝน,0
cropped_districts_by_frame/central/20260526_190003\frame_004\ป้อมปราบศัตรูพ่าย.png,4,ป้อมปราบศัตรูพ่าย,0.0,0.0,0,ไม่มีฝน,0
cropped_districts_by_frame/north/20260505_050024\frame_003\ดุสิต.png,3,ดุสิต,0.0,0.0,0,ไม่มีฝน,0
cropped_districts_by_frame/central/20260523_030002\frame_004\วังทองหลาง.png,4,วังทองหลาง,0.0,0.0,0,ไม่มีฝน,0
cropped_districts_by_frame/north/20260505_030024\frame_007\คลองสามวา.png,7,คลองสามวา,0.0,0.0,0,ไม่มีฝน,0
cropped_districts_by_frame/central/20260226_210001\frame_010\ดุสิต.png,10,ดุสิต,0.0,0.0,0,ไม่มีฝน,0
cropped_districts_by_frame/north/20260509_010028\frame_002\พระโขนง.png,2,พระโขนง,0.0,0.0,0,ไม่มีฝน,0
cropped_districts_by_frame/central/20260314_000000\frame_006\ประเวศ.png,6,ประเวศ,0.0,0.0,0,ไม่มีฝน,0
cropped_districts_by_frame/north/20260520_200023\frame_003\ลาดพร้าว.png,3,ลาดพร้าว,0.0,0.0,0,ไม่มีฝน,0
cropped_districts_by_frame/central/20260522_120000\frame_007\บางรัก.png,7,บางรัก,0.0,0.0,0,ไม่มีฝน,0
cropped_districts_by_frame/central/20260226_210001\frame_011\ลาดกระบัง.png,11,ลาดกระบัง,0.0,0.0,0,ไม่มีฝน,0
cropped_districts_by_frame/north/20260520_180026\frame_000\บางรัก.png,0,บางรัก,0.0,0.0,0,ไม่มีฝน,0
cropped_districts_by_frame/north/20260505_020023\frame_004\ลาดพร้าว.png,4,ลาดพร้าว,0.0,0.0,0,ไม่มีฝน,0
cropped_districts_by_frame/north/20260510_010023\frame_001\บางกะปิ.png,1,บางกะปิ,0.0,0.0,0,ไม่มีฝน,0
cropped_districts_by_frame/north/20260514_020029\frame_011\บางพลัด.png,11,บางพลัด,0.0,0.0,0,ไม่มีฝน,0
cropped_districts_by_frame/north/20260505_030024\frame_005\บางแค.png,5,บางแค,0.0,0.0,0,ไม่มีฝน,0
cropped_districts_by_frame/central/20260226_210001\frame_004\บางขุนเทียน.png,4,บางขุนเทียน,0.0,0.0,0,ไม่มีฝน,0
cropped_districts_by_frame/north/20260505_020023\frame_003\บางรัก.png,3,บางรัก,0.0,0.0,0,ไม่มีฝน,0
cropped_districts_by_frame/central/20260527_030000\frame_006\บางพลัด.png,6,บางพลัด,0.0,0.0,0,ไม่มีฝน,0
cropped_districts_by_frame/north/20260513_170024\frame_004\คลองเตย.png,4,คลองเตย,0.0,0.0,0,ไม่มีฝน,0
cropped_districts_by_frame/north/20260520_180026\frame_010\บางซื่อ.png,10,บางซื่อ,0.0,0.0,0,ไม่มีฝน,0
cropped_districts_by_frame/central/20260524_070000\frame_008\ดินแดง.png,8,ดินแดง,0.0,0.0,0,ไม่มีฝน,0
cropped_districts_by_frame/north/20260520_210023\frame_011\บางกอกใหญ่.png,11,บางกอกใหญ่,0.0,0.0,0,ไม่มีฝน,0
cropped_districts_by_frame/north/20260504_160022\frame_003\ลาดกระบัง.png,3,ลาดกระบัง,0.0,0.0,0,ไม่มีฝน,0
cropped_districts_by_frame/central/20260316_150000\frame_011\บางกอกน้อย.png,11,บางกอกน้อย,0.0,0.0,0,ไม่มีฝน,0
cropped_districts_by_frame/north/20260509_000025\frame_011\ปทุมวัน.png,11,ปทุมวัน,0.0,0.0,0,ไม่มีฝน,0
cropped_districts_by_frame/central/20260504_170000\frame_003\บางขุนเทียน.png,3,บางขุนเทียน,0.0,0.0,0,ไม่มีฝน,0
cropped_districts_by_frame/central/20260218_130000\frame_006\หลักสี่.png,6,หลักสี่,0.0,0.0,0,ไม่มีฝน,0
cropped_districts_by_frame/central/20260501_150000\frame_002\บางรัก.png,2,บางรัก,0.0,0.0,0,ไม่มีฝน,0
cropped_districts_by_frame/central/20260523_110002\frame_011\บางคอแหลม.png,11,บางคอแหลม,0.0,0.0,0,ไม่มีฝน,0
cropped_districts_by_frame/central/20260508_170000\frame_008\สวนหลวง.png,8,สวนหลวง,0.0,0.0,0,ไม่มีฝน,0
cropped_districts_by_frame/north/20260312_120023\frame_009\บางพลัด.png,9,บางพลัด,0.0,0.0,0,ไม่มีฝน,0
cropped_districts_by_frame/north/20260509_000025\frame_011\จตุจักร.png,11,จตุจักร,0.0,0.0,0,ไม่มีฝน,0
cropped_districts_by_frame/central/20260525_060006\frame_007\บางแค.png,7,บางแค,0.0,0.0,0,ไม่มีฝน,0
cropped_districts_by_frame/central/20260524_060000\frame_005\คลองสาน.png,5,คลองสาน,0.0,0.0,0,ไม่มีฝน,0
cropped_districts_by_frame/central/20260505_050001\frame_001\จอมทอง.png,1,จอมทอง,0.0,0.0,0,ไม่มีฝน,0
cropped_districts_by_frame/north/20260514_020029\frame_003\สาทร.png,3,สาทร,0.0,0.0,0,ไม่มีฝน,0
cropped_districts_by_frame/central/20260505_000001\frame_002\สัมพันธวงศ์.png,2,สัมพันธวงศ์,0.0,0.0,0,ไม่มีฝน,0
cropped_districts_by_frame/central/20260505_010001\frame_008\ปทุมวัน.png,8,ปทุมวัน,0.0,0.0,0,ไม่มีฝน,0
cropped_districts_by_frame/central/20260508_210000\frame_009\คลองเตย.png,9,คลองเตย,0.0,0.0,0,ไม่มีฝน,0
cropped_districts_by_frame/central/20260524_060000\frame_011\สวนหลวง.png,11,สวนหลวง,0.0,0.0,0,ไม่มีฝน,0
cropped_districts_by_frame/north/20260501_020027\frame_003\พระโขนง.png,3,พระโขนง,0.0,0.0,0,ไม่มีฝน,0
cropped_districts_by_frame/central/20260523_100002\frame_006\บางคอแหลม.png,6,บางคอแหลม,0.0,0.0,0,ไม่มีฝน,0
cropped_districts_by_frame/north/20260504_170022\frame_002\จอมทอง.png,2,จอมทอง,0.0,0.0,0,ไม่มีฝน,0
cropped_districts_by_frame/north/20260509_010028\frame_009\ห้วยขวาง.png,9,ห้วยขวาง,0.0,0.0,0,ไม่มีฝน,0
cropped_districts_by_frame/north/20260227_160023\frame_004\บางพลัด.png,4,บางพลัด,0.0,0.0,0,ไม่มีฝน,0
cropped_districts_by_frame/central/20260527_030000\frame_004\ห้วยขวาง.png,4,ห้วยขวาง,0.0,0.0,0,ไม่มีฝน,0
cropped_districts_by_frame/central/20260525_020000\frame_005\วังทองหลาง.png,5,วังทองหลาง,0.0,0.0,0,ไม่มีฝน,0
cropped_districts_by_frame/central/20260519_220001\frame_002\ทวีวัฒนา.png,2,ทวีวัฒนา,0.0,0.0,0,ไม่มีฝน,0
cropped_districts_by_frame/north/20260226_230022\frame_006\บางคอแหลม.png,6,บางคอแหลม,0.0,0.0,0,ไม่มีฝน,0
cropped_districts_by_frame/central/20260525_040000\frame_007\บางคอแหลม.png,7,บางคอแหลม,0.0,0.0,0,ไม่มีฝน,0
cropped_districts_by_frame/central/20260228_070000\frame_009\ดุสิต.png,9,ดุสิต,0.0,0.0,0,ไม่มีฝน,0
cropped_districts_by_frame/central/20260525_060006\frame_008\สะพานสูง.png,8,สะพานสูง,0.0,0.0,0,ไม่มีฝน,0
cropped_districts_by_frame/central/20260525_040000\frame_004\พระนคร.png,4,พระนคร,0.0,0.0,0,ไม่มีฝน,0
cropped_districts_by_frame/north/20260514_000023\frame_002\ดินแดง.png,2,ดินแดง,0.0,0.0,0,ไม่มีฝน,0
cropped_districts_by_frame/central/20260316_160000\frame_005\บางพลัด.png,5,บางพลัด,0.0,0.0,0,ไม่มีฝน,0
cropped_districts_by_frame/central/20260218_130000\frame_001\บางกอกน้อย.png,1,บางกอกน้อย,0.0,0.0,0,ไม่มีฝน,0
cropped_districts_by_frame/north/20260514_050022\frame_008\สัมพันธวงศ์.png,8,สัมพันธวงศ์,0.0,0.0,0,ไม่มีฝน,0
cropped_districts_by_frame/central/20260527_020002\frame_011\หลักสี่.png,11,หลักสี่,0.0,0.0,0,ไม่มีฝน,0
cropped_districts_by_frame/central/20260524_060000\frame_001\ป้อมปราบศัตรูพ่าย.png,1,ป้อมปราบศัตรูพ่าย,0.0,0.0,0,ไม่มีฝน,0
cropped_districts_by_frame/north/20260508_210022\frame_003\สัมพันธวงศ์.png,3,สัมพันธวงศ์,0.0,0.0,0,ไม่มีฝน,0
cropped_districts_by_frame/north/20260227_160023\frame_008\ดอนเมือง.png,8,ดอนเมือง,0.0,0.0,0,ไม่มีฝน,0
cropped_districts_by_frame/north/20260504_170022\frame_004\ภาษีเจริญ.png,4,ภาษีเจริญ,0.0,0.0,0,ไม่มีฝน,0
cropped_districts_by_frame/north/20260226_190023\frame_006\ราษฎร์บูรณะ.png,6,ราษฎร์บูรณะ,0.0,0.0,0,ไม่มีฝน,0
cropped_districts_by_frame/north/20260508_190023\frame_005\จอมทอง.png,5,จอมทอง,0.0,0.0,0,ไม่มีฝน,0
cropped_districts_by_frame/north/20260226_230022\frame_001\ลาดพร้าว.png,1,ลาดพร้าว,0.0,0.0,0,ไม่มีฝน,0
cropped_districts_by_frame/north/20260227_160023\frame_001\คลองสามวา.png,1,คลองสามวา,0.0,0.0,0,ไม่มีฝน,0
cropped_districts_by_frame/north/20260513_230023\frame_004\จอมทอง.png,4,จอมทอง,0.0,0.0,0,ไม่มีฝน,0
cropped_districts_by_frame/central/20260508_220002\frame_004\บางบอน.png,4,บางบอน,0.0,0.0,0,ไม่มีฝน,0
cropped_districts_by_frame/central/20260519_210001\frame_006\ทุ่งครุ.png,6,ทุ่งครุ,0.0,0.0,0,ไม่มีฝน,0
cropped_districts_by_frame/central/20260312_070000\frame_000\หลักสี่.png,0,หลักสี่,0.0,0.0,0,ไม่มีฝน,0
cropped_districts_by_frame/central/20260505_050001\frame_002\ลาดกระบัง.png,2,ลาดกระบัง,0.0,0.0,0,ไม่มีฝน,0
cropped_districts_by_frame/central/20260514_020006\frame_008\บางแค.png,8,บางแค,0.0,0.0,0,ไม่มีฝน,0
cropped_districts_by_frame/north/20260314_010024\frame_011\บางรัก.png,11,บางรัก,0.0,0.0,0,ไม่มีฝน,0
cropped_districts_by_frame/north/20260517_200025\frame_008\พระโขนง.png,8,พระโขนง,0.0,0.0,0,ไม่มีฝน,0
cropped_districts_by_frame/central/20260504_170000\frame_004\ห้วยขวาง.png,4,ห้วยขวาง,0.0,0.0,0,ไม่มีฝน,0
cropped_districts_by_frame/central/20260523_050000\frame_009\สัมพันธวงศ์.png,9,สัมพันธวงศ์,0.0,0.0,0,ไม่มีฝน,0
cropped_districts_by_frame/north/20260227_180023\frame_002\ดุสิต.png,2,ดุสิต,0.0,0.0,0,ไม่มีฝน,0
cropped_districts_by_frame/central/20260525_000000\frame_010\ยานนาวา.png,10,ยานนาวา,0.0,0.0,0,ไม่มีฝน,0
cropped_districts_by_frame/north/20260508_180027\frame_010\สวนหลวง.png,10,สวนหลวง,0.0,0.0,0,ไม่มีฝน,0
cropped_districts_by_frame/central/20260316_160000\frame_002\ดอนเมือง.png,2,ดอนเมือง,0.0,0.0,0,ไม่มีฝน,0
cropped_districts_by_frame/north/20260504_170022\frame_000\พระโขนง.png,0,พระโขนง,0.0,0.0,0,ไม่มีฝน,0
cropped_districts_by_frame/central/20260501_150000\frame_008\บางซื่อ.png,8,บางซื่อ,0.0,0.0,0,ไม่มีฝน,0
cropped_districts_by_frame/north/20260504_190024\frame_007\บางกอกใหญ่.png,7,บางกอกใหญ่,0.0,0.0,0,ไม่มีฝน,0
cropped_districts_by_frame/north/20260520_170023\frame_000\หนองจอก.png,0,หนองจอก,0.0,0.0,0,ไม่มีฝน,0
cropped_districts_by_frame/central/20260508_180005\frame_004\บึงกุ่ม.png,4,บึงกุ่ม,0.0,0.0,0,ไม่มีฝน,0
cropped_districts_by_frame/central/20260501_150000\frame_000\จตุจักร.png,0,จตุจักร,0.0,0.0,0,ไม่มีฝน,0
cropped_districts_by_frame/central/20260523_110002\frame_005\จอมทอง.png,5,จอมทอง,0.0,0.0,0,ไม่มีฝน,0
cropped_districts_by_frame/central/20260514_010000\frame_004\ภาษีเจริญ.png,4,ภาษีเจริญ,0.0,0.0,0,ไม่มีฝน,0
cropped_districts_by_frame/central/20260218_093052\frame_011\ปทุมวัน.png,11,ปทุมวัน,0.0,0.0,0,ไม่มีฝน,0
cropped_districts_by_frame/north/20260508_210022\frame_010\ทุ่งครุ.png,10,ทุ่งครุ,0.0,0.0,0,ไม่มีฝน,0
cropped_districts_by_frame/central/20260523_010000\frame_007\ประเวศ.png,7,ประเวศ,0.0,0.0,0,ไม่มีฝน,0
cropped_districts_by_frame/north/20260508_170022\frame_010\สะพานสูง.png,10,สะพานสูง,0.0,0.0,0,ไม่มีฝน,0
cropped_districts_by_frame/central/20260218_093052\frame_010\บางรัก.png,10,บางรัก,0.0,0.0,0,ไม่มีฝน,0
cropped_districts_by_frame/central/20260430_120001\frame_002\บางรัก.png,2,บางรัก,0.0,0.0,0,ไม่มีฝน,0
cropped_districts_by_frame/north/20260312_120023\frame_003\บางรัก.png,3,บางรัก,0.0,0.0,0,ไม่มีฝน,0
cropped_districts_by_frame/central/20260504_170000\frame_009\ยานนาวา.png,9,ยานนาวา,0.0,0.0,0,ไม่มีฝน,0
cropped_districts_by_frame/central/20260508_220002\frame_009\ดอนเมือง.png,9,ดอนเมือง,0.0,0.0,0,ไม่มีฝน,0
cropped_districts_by_frame/central/20260218_093052\frame_006\พญาไท.png,6,พญาไท,0.0,0.0,0,ไม่มีฝน,0
cropped_districts_by_frame/north/20260517_200025\frame_008\พญาไท.png,8,พญาไท,0.0,0.0,0,ไม่มีฝน,0
cropped_districts_by_frame/north/20260312_090023\frame_011\พระโขนง.png,11,พระโขนง,0.0,0.0,0,ไม่มีฝน,0
cropped_districts_by_frame/north/20260505_020023\frame_008\คลองสามวา.png,8,คลองสามวา,0.0,0.0,0,ไม่มีฝน,0
cropped_districts_by_frame/central/20260508_170000\frame_010\หลักสี่.png,10,หลักสี่,0.0,0.0,0,ไม่มีฝน,0
cropped_districts_by_frame/central/20260524_040006\frame_009\ธนบุรี.png,9,ธนบุรี,0.0,0.0,0,ไม่มีฝน,0
cropped_districts_by_frame/central/20260525_000000\frame_001\คันนายาว.png,1,คันนายาว,0.0,0.0,0,ไม่มีฝน,0
cropped_districts_by_frame/central/20260520_090001\frame_002\ปทุมวัน.png,2,ปทุมวัน,0.0,0.0,0,ไม่มีฝน,0
cropped_districts_by_frame/central/20260508_200003\frame_002\คลองสาน.png,2,คลองสาน,0.0,0.0,0,ไม่มีฝน,0
cropped_districts_by_frame/central/20260501_150000\frame_002\บางพลัด.png,2,บางพลัด,0.0,0.0,0,ไม่มีฝน,0
cropped_districts_by_frame/central/20260316_160000\frame_008\ป้อมปราบศัตรูพ่าย.png,8,ป้อมปราบศัตรูพ่าย,0.0,0.0,0,ไม่มีฝน,0
cropped_districts_by_frame/north/20260505_020023\frame_006\บางเขน.png,6,บางเขน,0.0,0.0,0,ไม่มีฝน,0
cropped_districts_by_frame/central/20260226_210001\frame_005\หลักสี่.png,5,หลักสี่,0.0,0.0,0,ไม่มีฝน,0
cropped_districts_by_frame/central/20260524_070000\frame_004\บางกอกน้อย.png,4,บางกอกน้อย,0.0,0.0,0,ไม่มีฝน,0
cropped_districts_by_frame/central/20260430_120001\frame_005\บางนา.png,5,บางนา,0.0,0.0,0,ไม่มีฝน,0
cropped_districts_by_frame/north/20260314_010024\frame_005\หลักสี่.png,5,หลักสี่,0.0,0.0,0,ไม่มีฝน,0
cropped_districts_by_frame/central/20260228_070000\frame_011\บึงกุ่ม.png,11,บึงกุ่ม,0.0,0.0,0,ไม่มีฝน,0
cropped_districts_by_frame/central/20260505_000001\frame_010\ดอนเมือง.png,10,ดอนเมือง,0.0,0.0,0,ไม่มีฝน,0
cropped_districts_by_frame/north/20260227_150023\frame_007\บางกะปิ.png,7,บางกะปิ,0.0,0.0,0,ไม่มีฝน,0
cropped_districts_by_frame/central/20260218_120002\frame_004\บางแค.png,4,บางแค,0.0,0.0,0,ไม่มีฝน,0
cropped_districts_by_frame/north/20260226_180022\frame_009\ราษฎร์บูรณะ.png,9,ราษฎร์บูรณะ,0.0,0.0,0,ไม่มีฝน,0
cropped_districts_by_frame/north/20260226_210023\frame_001\ราชเทวี.png,1,ราชเทวี,0.0,0.0,0,ไม่มีฝน,0
cropped_districts_by_frame/north/20260508_170022\frame_002\ปทุมวัน.png,2,ปทุมวัน,0.0,0.0,0,ไม่มีฝน,0
cropped_districts_by_frame/north/20260312_070022\frame_005\คลองเตย.png,5,คลองเตย,0.0,0.0,0,ไม่มีฝน,0
cropped_districts_by_frame/central/20260525_050001\frame_003\พระนคร.png,3,พระนคร,0.0,0.0,0,ไม่มีฝน,0
cropped_districts_by_frame/north/20260504_220025\frame_006\พญาไท.png,6,พญาไท,0.0,0.0,0,ไม่มีฝน,0
cropped_districts_by_frame/north/20260227_000023\frame_003\พระนคร.png,3,พระนคร,0.0,0.0,0,ไม่มีฝน,0
cropped_districts_by_frame/north/20260507_190023\frame_002\ภาษีเจริญ.png,2,ภาษีเจริญ,0.0,0.0,0,ไม่มีฝน,0
cropped_districts_by_frame/north/20260312_090023\frame_010\บึงกุ่ม.png,10,บึงกุ่ม,0.0,0.0,0,ไม่มีฝน,0
cropped_districts_by_frame/central/20260525_000000\frame_009\คันนายาว.png,9,คันนายาว,0.0,0.0,0,ไม่มีฝน,0
cropped_districts_by_frame/central/20260312_080000\frame_005\ราษฎร์บูรณะ.png,5,ราษฎร์บูรณะ,0.0,0.0,0,ไม่มีฝน,0
cropped_districts_by_frame/central/20260218_093052\frame_002\ลาดพร้าว.png,2,ลาดพร้าว,0.0,0.0,0,ไม่มีฝน,0
cropped_districts_by_frame/central/20260317_140002\frame_003\วังทองหลาง.png,3,วังทองหลาง,0.0,0.0,0,ไม่มีฝน,0
cropped_districts_by_frame/north/20260510_020023\frame_006\บึงกุ่ม.png,6,บึงกุ่ม,0.0,0.0,0,ไม่มีฝน,0
cropped_districts_by_frame/central/20260523_110002\frame_007\บางรัก.png,7,บางรัก,0.0,0.0,0,ไม่มีฝน,0
cropped_districts_by_frame/central/20260523_020000\frame_003\ลาดกระบัง.png,3,ลาดกระบัง,0.0,0.0,0,ไม่มีฝน,0
cropped_districts_by_frame/central/20260520_090001\frame_002\สวนหลวง.png,2,สวนหลวง,0.0,0.0,0,ไม่มีฝน,0
cropped_districts_by_frame/central/20260508_180005\frame_006\ราษฎร์บูรณะ.png,6,ราษฎร์บูรณะ,0.0,0.0,0,ไม่มีฝน,0
cropped_districts_by_frame/central/20260226_220000\frame_004\สาทร.png,4,สาทร,0.0,0.0,0,ไม่มีฝน,0
cropped_districts_by_frame/central/20260508_170000\frame_003\สะพานสูง.png,3,สะพานสูง,0.0,0.0,0,ไม่มีฝน,0
cropped_districts_by_frame/north/20260227_180023\frame_000\บางบอน.png,0,บางบอน,0.0,0.0,0,ไม่มีฝน,0
cropped_districts_by_frame/central/20260505_030001\frame_006\จอมทอง.png,6,จอมทอง,0.0,0.0,0,ไม่มีฝน,0
cropped_districts_by_frame/central/20260520_100004\frame_010\ธนบุรี.png,10,ธนบุรี,0.0,0.0,0,ไม่มีฝน,0
cropped_districts_by_frame/north/20260510_020023\frame_007\ดินแดง.png,7,ดินแดง,0.0,0.0,0,ไม่มีฝน,0
cropped_districts_by_frame/north/20260513_230023\frame_001\ภาษีเจริญ.png,1,ภาษีเจริญ,0.0,0.0,0,ไม่มีฝน,0
cropped_districts_by_frame/central/20260523_110002\frame_000\บางกอกน้อย.png,0,บางกอกน้อย,0.0,0.0,0,ไม่มีฝน,0
cropped_districts_by_frame/north/20260508_220024\frame_003\พญาไท.png,3,พญาไท,0.0,0.0,0,ไม่มีฝน,0
cropped_districts_by_frame/central/20260504_170000\frame_006\บางพลัด.png,6,บางพลัด,0.0,0.0,0,ไม่มีฝน,0
cropped_districts_by_frame/central/20260525_020000\frame_005\ภาษีเจริญ.png,5,ภาษีเจริญ,0.0,0.0,0,ไม่มีฝน,0
cropped_districts_by_frame/central/20260523_110002\frame_003\ลาดพร้าว.png,3,ลาดพร้าว,0.0,0.0,0,ไม่มีฝน,0
cropped_districts_by_frame/north/20260226_230022\frame_001\คลองสาน.png,1,คลองสาน,0.0,0.0,0,ไม่มีฝน,0
cropped_districts_by_frame/north/20260314_010024\frame_006\บางซื่อ.png,6,บางซื่อ,0.0,0.0,0,ไม่มีฝน,0
cropped_districts_by_frame/central/20260226_230000\frame_011\ดอนเมือง.png,11,ดอนเมือง,0.0,0.0,0,ไม่มีฝน,0
cropped_districts_by_frame/central/20260316_160000\frame_005\บางรัก.png,5,บางรัก,0.0,0.0,0,ไม่มีฝน,0
cropped_districts_by_frame/north/20260426_160026\frame_001\บางบอน.png,1,บางบอน,0.0,0.0,0,ไม่มีฝน,0
cropped_districts_by_frame/central/20260501_150000\frame_006\บางนา.png,6,บางนา,0.0,0.0,0,ไม่มีฝน,0
cropped_districts_by_frame/central/20260508_180005\frame_000\จตุจักร.png,0,จตุจักร,0.0,0.0,0,ไม่มีฝน,0
cropped_districts_by_frame/north/20260312_090023\frame_000\สายไหม.png,0,สายไหม,0.0,0.0,0,ไม่มีฝน,0
cropped_districts_by_frame/north/20260514_000023\frame_005\บางพลัด.png,5,บางพลัด,0.0,0.0,0,ไม่มีฝน,0
cropped_districts_by_frame/central/20260520_090001\frame_002\สะพานสูง.png,2,สะพานสูง,0.0,0.0,0,ไม่มีฝน,0
cropped_districts_by_frame/north/20260502_070026\frame_003\ราชเทวี.png,3,ราชเทวี,0.0,0.0,0,ไม่มีฝน,0
cropped_districts_by_frame/north/20260508_230023\frame_009\สัมพันธวงศ์.png,9,สัมพันธวงศ์,0.0,0.0,0,ไม่มีฝน,0
cropped_districts_by_frame/north/20260505_020023\frame_009\บางพลัด.png,9,บางพลัด,0.0,0.0,0,ไม่มีฝน,0
cropped_districts_by_frame/north/20260312_120023\frame_002\หนองจอก.png,2,หนองจอก,0.0,0.0,0,ไม่มีฝน,0
cropped_districts_by_frame/north/20260513_170024\frame_009\ตลิ่งชัน.png,9,ตลิ่งชัน,0.0,0.0,0,ไม่มีฝน,0
cropped_districts_by_frame/central/20260524_040006\frame_000\หนองจอก.png,0,หนองจอก,0.0,0.0,0,ไม่มีฝน,0
cropped_districts_by_frame/north/20260226_170024\frame_011\บางกะปิ.png,11,บางกะปิ,0.0,0.0,0,ไม่มีฝน,0
cropped_districts_by_frame/north/20260509_000025\frame_006\ดอนเมือง.png,6,ดอนเมือง,0.0,0.0,0,ไม่มีฝน,0
cropped_districts_by_frame/north/20260226_180022\frame_010\บางพลัด.png,10,บางพลัด,0.0,0.0,0,ไม่มีฝน,0
cropped_districts_by_frame/central/20260514_010000\frame_001\ลาดพร้าว.png,1,ลาดพร้าว,0.0,0.0,0,ไม่มีฝน,0
cropped_districts_by_frame/central/20260227_010001\frame_009\พญาไท.png,9,พญาไท,0.0,0.0,0,ไม่มีฝน,0
cropped_districts_by_frame/central/20260523_010000\frame_002\พระโขนง.png,2,พระโขนง,0.0,0.0,0,ไม่มีฝน,0
cropped_districts_by_frame/north/20260226_220022\frame_005\หนองจอก.png,5,หนองจอก,0.0,0.0,0,ไม่มีฝน,0
cropped_districts_by_frame/central/20260228_070000\frame_004\วัฒนา.png,4,วัฒนา,0.0,0.0,0,ไม่มีฝน,0
cropped_districts_by_frame/central/20260314_000000\frame_007\พระนคร.png,7,พระนคร,0.0,0.0,0,ไม่มีฝน,0
cropped_districts_by_frame/north/20260312_070022\frame_009\บางนา.png,9,บางนา,0.0,0.0,0,ไม่มีฝน,0
cropped_districts_by_frame/central/20260523_110002\frame_006\ดินแดง.png,6,ดินแดง,0.0,0.0,0,ไม่มีฝน,0
cropped_districts_by_frame/central/20260226_230000\frame_005\สะพานสูง.png,5,สะพานสูง,0.0,0.0,0,ไม่มีฝน,0
cropped_districts_by_frame/central/20260505_040003\frame_009\พระโขนง.png,9,พระโขนง,0.0,0.0,0,ไม่มีฝน,0
cropped_districts_by_frame/north/20260502_080024\frame_007\ภาษีเจริญ.png,7,ภาษีเจริญ,0.0,0.0,0,ไม่มีฝน,0
cropped_districts_by_frame/north/20260312_060023\frame_005\บางเขน.png,5,บางเขน,0.0,0.0,0,ไม่มีฝน,0
cropped_districts_by_frame/central/20260504_190001\frame_008\คลองสาน.png,8,คลองสาน,0.0,0.0,0,ไม่มีฝน,0
cropped_districts_by_frame/central/20260425_190002\frame_003\พระโขนง.png,3,พระโขนง,0.0,0.0,0,ไม่มีฝน,0
cropped_districts_by_frame/central/20260523_110002\frame_007\บางซื่อ.png,7,บางซื่อ,0.0,0.0,0,ไม่มีฝน,0
cropped_districts_by_frame/north/20260426_160026\frame_003\ดุสิต.png,3,ดุสิต,0.0,0.0,0,ไม่มีฝน,0
cropped_districts_by_frame/north/20260227_180023\frame_005\บางขุนเทียน.png,5,บางขุนเทียน,0.0,0.0,0,ไม่มีฝน,0
cropped_districts_by_frame/north/20260226_170024\frame_002\บางรัก.png,2,บางรัก,0.0,0.0,0,ไม่มีฝน,0
cropped_districts_by_frame/north/20260507_200023\frame_009\บางซื่อ.png,9,บางซื่อ,0.0,0.0,0,ไม่มีฝน,0
cropped_districts_by_frame/north/20260505_020023\frame_001\สาทร.png,1,สาทร,0.0,0.0,0,ไม่มีฝน,0
cropped_districts_by_frame/north/20260520_180026\frame_001\พญาไท.png,1,พญาไท,0.0,0.0,0,ไม่มีฝน,0
cropped_districts_by_frame/central/20260508_220002\frame_004\คลองเตย.png,4,คลองเตย,0.0,0.0,0,ไม่มีฝน,0
cropped_districts_by_frame/north/20260508_180027\frame_005\ทวีวัฒนา.png,5,ทวีวัฒนา,0.0,0.0,0,ไม่มีฝน,0
cropped_districts_by_frame/central/20260226_210001\frame_009\บางกอกน้อย.png,9,บางกอกน้อย,0.0,0.0,0,ไม่มีฝน,0
cropped_districts_by_frame/central/20260505_050001\frame_000\วังทองหลาง.png,0,วังทองหลาง,0.0,0.0,0,ไม่มีฝน,0
cropped_districts_by_frame/north/20260510_040027\frame_010\บางซื่อ.png,10,บางซื่อ,0.0,0.0,0,ไม่มีฝน,0
cropped_districts_by_frame/north/20260514_050022\frame_004\สวนหลวง.png,4,สวนหลวง,0.0,0.0,0,ไม่มีฝน,0
cropped_districts_by_frame/central/20260505_050001\frame_010\หนองแขม.png,10,หนองแขม,0.0,0.0,0,ไม่มีฝน,0
cropped_districts_by_frame/north/20260510_020023\frame_004\ทวีวัฒนา.png,4,ทวีวัฒนา,0.0,0.0,0,ไม่มีฝน,0
cropped_districts_by_frame/central/20260525_060006\frame_008\จอมทอง.png,8,จอมทอง,0.0,0.0,0,ไม่มีฝน,0
cropped_districts_by_frame/north/20260514_000023\frame_001\สะพานสูง.png,1,สะพานสูง,0.0,0.0,0,ไม่มีฝน,0
cropped_districts_by_frame/central/20260218_130000\frame_006\ห้วยขวาง.png,6,ห้วยขวาง,0.0,0.0,0,ไม่มีฝน,0
cropped_districts_by_frame/central/20260524_040006\frame_000\จอมทอง.png,0,จอมทอง,0.0,0.0,0,ไม่มีฝน,0
cropped_districts_by_frame/central/20260520_090001\frame_008\ป้อมปราบศัตรูพ่าย.png,8,ป้อมปราบศัตรูพ่าย,0.0,0.0,0,ไม่มีฝน,0
cropped_districts_by_frame/north/20260520_170023\frame_011\ปทุมวัน.png,11,ปทุมวัน,0.0,0.0,0,ไม่มีฝน,0
cropped_districts_by_frame/central/20260218_093052\frame_003\ดินแดง.png,3,ดินแดง,0.0,0.0,0,ไม่มีฝน,0
cropped_districts_by_frame/central/20260514_040003\frame_003\จอมทอง.png,3,จอมทอง,0.0,0.0,0,ไม่มีฝน,0
cropped_districts_by_frame/north/20260226_200022\frame_003\บางคอแหลม.png,3,บางคอแหลม,0.0,0.0,0,ไม่มีฝน,0
cropped_districts_by_frame/north/20260508_230023\frame_000\จตุจักร.png,0,จตุจักร,0.0,0.0,0,ไม่มีฝน,0
cropped_districts_by_frame/north/20260426_160026\frame_011\วัฒนา.png,11,วัฒนา,0.0,0.0,0,ไม่มีฝน,0
cropped_districts_by_frame/central/20260523_050000\frame_008\สายไหม.png,8,สายไหม,0.0,0.0,0,ไม่มีฝน,0
cropped_districts_by_frame/central/20260218_093052\frame_006\สวนหลวง.png,6,สวนหลวง,0.0,0.0,0,ไม่มีฝน,0
cropped_districts_by_frame/central/20260523_030002\frame_004\พระนคร.png,4,พระนคร,0.0,0.0,0,ไม่มีฝน,0
cropped_districts_by_frame/central/20260508_170000\frame_004\ดินแดง.png,4,ดินแดง,0.0,0.0,0,ไม่มีฝน,0
cropped_districts_by_frame/north/20260508_210022\frame_006\สวนหลวง.png,6,สวนหลวง,0.0,0.0,0,ไม่มีฝน,0
cropped_districts_by_frame/central/20260526_190003\frame_008\ทุ่งครุ.png,8,ทุ่งครุ,0.0,0.0,0,ไม่มีฝน,0
cropped_districts_by_frame/north/20260504_220025\frame_006\บางกะปิ.png,6,บางกะปิ,0.0,0.0,0,ไม่มีฝน,0
cropped_districts_by_frame/central/20260525_040000\frame_004\ทวีวัฒนา.png,4,ทวีวัฒนา,0.0,0.0,0,ไม่มีฝน,0
cropped_districts_by_frame/north/20260226_220022\frame_001\คันนายาว.png,1,คันนายาว,0.0,0.0,0,ไม่มีฝน,0
cropped_districts_by_frame/north/20260514_010023\frame_001\คลองสามวา.png,1,คลองสามวา,0.0,0.0,0,ไม่มีฝน,0
cropped_districts_by_frame/north/20260507_200023\frame_000\ราชเทวี.png,0,ราชเทวี,0.0,0.0,0,ไม่มีฝน,0
cropped_districts_by_frame/north/20260312_090023\frame_007\บางนา.png,7,บางนา,0.0,0.0,0,ไม่มีฝน,0
cropped_districts_by_frame/north/20260314_010024\frame_005\คลองสามวา.png,5,คลองสามวา,0.0,0.0,0,ไม่มีฝน,0
cropped_districts_by_frame/central/20260317_140002\frame_010\คลองเตย.png,10,คลองเตย,0.0,0.0,0,ไม่มีฝน,0
cropped_districts_by_frame/north/20260520_190023\frame_006\ราษฎร์บูรณะ.png,6,ราษฎร์บูรณะ,0.0,0.0,0,ไม่มีฝน,0
cropped_districts_by_frame/central/20260514_040003\frame_006\บางกอกน้อย.png,6,บางกอกน้อย,0.0,0.0,0,ไม่มีฝน,0
cropped_districts_by_frame/north/20260520_190023\frame_001\พญาไท.png,1,พญาไท,0.0,0.0,0,ไม่มีฝน,0
cropped_districts_by_frame/central/20260504_170000\frame_003\คลองเตย.png,3,คลองเตย,0.0,0.0,0,ไม่มีฝน,0
cropped_districts_by_frame/central/20260514_030000\frame_008\วังทองหลาง.png,8,วังทองหลาง,0.0,0.0,0,ไม่มีฝน,0
cropped_districts_by_frame/central/20260522_120000\frame_002\สะพานสูง.png,2,สะพานสูง,0.0,0.0,0,ไม่มีฝน,0
cropped_districts_by_frame/north/20260517_200025\frame_000\ธนบุรี.png,0,ธนบุรี,0.0,0.0,0,ไม่มีฝน,0
cropped_districts_by_frame/central/20260523_110002\frame_005\สายไหม.png,5,สายไหม,0.0,0.0,0,ไม่มีฝน,0
cropped_districts_by_frame/central/20260520_230003\frame_005\ดุสิต.png,5,ดุสิต,0.0,0.0,0,ไม่มีฝน,0
cropped_districts_by_frame/north/20260520_100027\frame_007\ดุสิต.png,7,ดุสิต,0.0,0.0,0,ไม่มีฝน,0
cropped_districts_by_frame/central/20260227_000001\frame_000\ดินแดง.png,0,ดินแดง,0.0,0.0,0,ไม่มีฝน,0
cropped_districts_by_frame/north/20260312_120023\frame_007\ทุ่งครุ.png,7,ทุ่งครุ,0.0,0.0,0,ไม่มีฝน,0
cropped_districts_by_frame/north/20260312_110024\frame_009\มีนบุรี.png,9,มีนบุรี,0.0,0.0,0,ไม่มีฝน,0
cropped_districts_by_frame/central/20260525_020000\frame_001\พระนคร.png,1,พระนคร,0.0,0.0,0,ไม่มีฝน,0
cropped_districts_by_frame/central/20260523_030002\frame_004\วัฒนา.png,4,วัฒนา,0.0,0.0,0,ไม่มีฝน,0
cropped_districts_by_frame/north/20260510_030023\frame_006\จอมทอง.png,6,จอมทอง,0.0,0.0,0,ไม่มีฝน,0
cropped_districts_by_frame/central/20260514_040003\frame_000\วัฒนา.png,0,วัฒนา,0.0,0.0,0,ไม่มีฝน,0
cropped_districts_by_frame/central/20260316_150000\frame_003\ทวีวัฒนา.png,3,ทวีวัฒนา,0.0,0.0,0,ไม่มีฝน,0
cropped_districts_by_frame/north/20260514_050022\frame_011\ตลิ่งชัน.png,11,ตลิ่งชัน,0.0,0.0,0,ไม่มีฝน,0
cropped_districts_by_frame/north/20260227_180023\frame_006\บางกะปิ.png,6,บางกะปิ,0.0,0.0,0,ไม่มีฝน,0
cropped_districts_by_frame/north/20260504_160022\frame_010\บางขุนเทียน.png,10,บางขุนเทียน,0.0,0.0,0,ไม่มีฝน,0
cropped_districts_by_frame/central/20260316_150000\frame_010\หลักสี่.png,10,หลักสี่,0.0,0.0,0,ไม่มีฝน,0
cropped_districts_by_frame/central/20260316_160000\frame_005\จอมทอง.png,5,จอมทอง,0.0,0.0,0,ไม่มีฝน,0
cropped_districts_by_frame/central/20260228_070000\frame_002\พระโขนง.png,2,พระโขนง,0.0,0.0,0,ไม่มีฝน,0
cropped_districts_by_frame/central/20260504_190001\frame_010\ยานนาวา.png,10,ยานนาวา,0.0,0.0,0,ไม่มีฝน,0
cropped_districts_by_frame/central/20260228_070000\frame_005\คลองเตย.png,5,คลองเตย,0.0,0.0,0,ไม่มีฝน,0
cropped_districts_by_frame/north/20260510_030023\frame_002\ลาดกระบัง.png,2,ลาดกระบัง,0.0,0.0,0,ไม่มีฝน,0
cropped_districts_by_frame/north/20260508_170022\frame_010\บางกอกน้อย.png,10,บางกอกน้อย,0.0,0.0,0,ไม่มีฝน,0
cropped_districts_by_frame/central/20260527_030000\frame_007\ภาษีเจริญ.png,7,ภาษีเจริญ,0.0,0.0,0,ไม่มีฝน,0
cropped_districts_by_frame/central/20260227_010001\frame_002\หนองแขม.png,2,หนองแขม,0.0,0.0,0,ไม่มีฝน,0
cropped_districts_by_frame/north/20260508_180027\frame_004\พระโขนง.png,4,พระโขนง,0.0,0.0,0,ไม่มีฝน,0
cropped_districts_by_frame/central/20260312_070000\frame_005\บางแค.png,5,บางแค,0.0,0.0,0,ไม่มีฝน,0
cropped_districts_by_frame/north/20260426_160026\frame_005\ยานนาวา.png,5,ยานนาวา,0.0,0.0,0,ไม่มีฝน,0
cropped_districts_by_frame/north/20260510_030023\frame_010\คลองสาน.png,10,คลองสาน,0.0,0.0,0,ไม่มีฝน,0
cropped_districts_by_frame/north/20260226_170024\frame_004\บางรัก.png,4,บางรัก,0.0,0.0,0,ไม่มีฝน,0
cropped_districts_by_frame/central/20260526_190003\frame_007\ลาดพร้าว.png,7,ลาดพร้าว,0.0,0.0,0,ไม่มีฝน,0
cropped_districts_by_frame/north/20260227_160023\frame_007\สะพานสูง.png,7,สะพานสูง,0.0,0.0,0,ไม่มีฝน,0
cropped_districts_by_frame/north/20260505_050024\frame_004\ประเวศ.png,4,ประเวศ,0.0,0.0,0,ไม่มีฝน,0
cropped_districts_by_frame/north/20260226_190023\frame_001\บางกอกใหญ่.png,1,บางกอกใหญ่,0.0,0.0,0,ไม่มีฝน,0
cropped_districts_by_frame/central/20260314_000000\frame_000\บางพลัด.png,0,บางพลัด,0.0,0.0,0,ไม่มีฝน,0
cropped_districts_by_frame/north/20260226_200022\frame_000\ห้วยขวาง.png,0,ห้วยขวาง,0.0,0.0,0,ไม่มีฝน,0
cropped_districts_by_frame/north/20260510_020023\frame_004\ยานนาวา.png,4,ยานนาวา,0.0,0.0,0,ไม่มีฝน,0
cropped_districts_by_frame/north/20260509_000025\frame_010\บางคอแหลม.png,10,บางคอแหลม,0.0,0.0,0,ไม่มีฝน,0
cropped_districts_by_frame/north/20260513_230023\frame_008\ป้อมปราบศัตรูพ่าย.png,8,ป้อมปราบศัตรูพ่าย,0.0,0.0,0,ไม่มีฝน,0
cropped_districts_by_frame/central/20260514_020006\frame_008\ป้อมปราบศัตรูพ่าย.png,8,ป้อมปราบศัตรูพ่าย,0.0,0.0,0,ไม่มีฝน,0
cropped_districts_by_frame/central/20260508_200003\frame_008\บางกอกน้อย.png,8,บางกอกน้อย,0.0,0.0,0,ไม่มีฝน,0
cropped_districts_by_frame/north/20260514_020029\frame_002\ดุสิต.png,2,ดุสิต,0.0,0.0,0,ไม่มีฝน,0
cropped_districts_by_frame/central/20260508_180005\frame_011\ยานนาวา.png,11,ยานนาวา,0.0,0.0,0,ไม่มีฝน,0
cropped_districts_by_frame/central/20260501_150000\frame_007\จอมทอง.png,7,จอมทอง,0.0,0.0,0,ไม่มีฝน,0
cropped_districts_by_frame/central/20260523_060001\frame_000\ทุ่งครุ.png,0,ทุ่งครุ,0.0,0.0,0,ไม่มีฝน,0
cropped_districts_by_frame/north/20260504_170022\frame_003\บางรัก.png,3,บางรัก,0.0,0.0,0,ไม่มีฝน,0
cropped_districts_by_frame/central/20260222_220005\frame_005\ดินแดง.png,5,ดินแดง,0.0,0.0,0,ไม่มีฝน,0
cropped_districts_by_frame/north/20260505_040026\frame_000\ดินแดง.png,0,ดินแดง,0.0,0.0,0,ไม่มีฝน,0
cropped_districts_by_frame/central/20260523_120002\frame_009\พระนคร.png,9,พระนคร,0.0,0.0,0,ไม่มีฝน,0
cropped_districts_by_frame/central/20260505_040003\frame_003\คลองเตย.png,3,คลองเตย,0.0,0.0,0,ไม่มีฝน,0
cropped_districts_by_frame/central/20260523_110002\frame_002\คลองสาน.png,2,คลองสาน,0.0,0.0,0,ไม่มีฝน,0
cropped_districts_by_frame/north/20260507_180025\frame_011\บางแค.png,11,บางแค,0.0,0.0,0,ไม่มีฝน,0
cropped_districts_by_frame/central/20260317_140002\frame_010\สะพานสูง.png,10,สะพานสูง,0.0,0.0,0,ไม่มีฝน,0
cropped_districts_by_frame/north/20260312_120023\frame_005\บางขุนเทียน.png,5,บางขุนเทียน,0.0,0.0,0,ไม่มีฝน,0
cropped_districts_by_frame/north/20260504_190024\frame_011\วัฒนา.png,11,วัฒนา,0.0,0.0,0,ไม่มีฝน,0
cropped_districts_by_frame/central/20260430_130000\frame_004\สายไหม.png,4,สายไหม,0.0,0.0,0,ไม่มีฝน,0
cropped_districts_by_frame/north/20260227_160023\frame_006\สัมพันธวงศ์.png,6,สัมพันธวงศ์,0.0,0.0,0,ไม่มีฝน,0
cropped_districts_by_frame/central/20260525_040000\frame_002\บางบอน.png,2,บางบอน,0.0,0.0,0,ไม่มีฝน,0
cropped_districts_by_frame/north/20260227_160023\frame_003\พระนคร.png,3,พระนคร,0.0,0.0,0,ไม่มีฝน,0
cropped_districts_by_frame/north/20260514_030023\frame_008\ราชเทวี.png,8,ราชเทวี,0.0,0.0,0,ไม่มีฝน,0
cropped_districts_by_frame/north/20260504_170022\frame_001\ตลิ่งชัน.png,1,ตลิ่งชัน,0.0,0.0,0,ไม่มีฝน,0
cropped_districts_by_frame/central/20260523_030002\frame_011\สวนหลวง.png,11,สวนหลวง,0.0,0.0,0,ไม่มีฝน,0
cropped_districts_by_frame/central/20260520_220002\frame_011\บางกอกน้อย.png,11,บางกอกน้อย,0.0,0.0,0,ไม่มีฝน,0
cropped_districts_by_frame/north/20260226_220022\frame_011\สัมพันธวงศ์.png,11,สัมพันธวงศ์,0.0,0.0,0,ไม่มีฝน,0
cropped_districts_by_frame/north/20260520_170023\frame_003\บางบอน.png,3,บางบอน,0.0,0.0,0,ไม่มีฝน,0
cropped_districts_by_frame/central/20260525_000000\frame_002\บางคอแหลม.png,2,บางคอแหลม,0.0,0.0,0,ไม่มีฝน,0
cropped_districts_by_frame/north/20260504_190024\frame_010\บางแค.png,10,บางแค,0.0,0.0,0,ไม่มีฝน,0
cropped_districts_by_frame/north/20260226_190023\frame_004\บางเขน.png,4,บางเขน,0.0,0.0,0,ไม่มีฝน,0
cropped_districts_by_frame/central/20260218_120002\frame_002\หลักสี่.png,2,หลักสี่,0.0,0.0,0,ไม่มีฝน,0
cropped_districts_by_frame/central/20260504_160000\frame_002\บางนา.png,2,บางนา,0.0,0.0,0,ไม่มีฝน,0
cropped_districts_by_frame/central/20260227_000001\frame_003\ดุสิต.png,3,ดุสิต,0.0,0.0,0,ไม่มีฝน,0
cropped_districts_by_frame/north/20260504_180023\frame_003\หนองแขม.png,3,หนองแขม,0.0,0.0,0,ไม่มีฝน,0
cropped_districts_by_frame/north/20260227_000023\frame_011\ทวีวัฒนา.png,11,ทวีวัฒนา,0.0,0.0,0,ไม่มีฝน,0
cropped_districts_by_frame/north/20260312_080023\frame_011\บางขุนเทียน.png,11,บางขุนเทียน,0.0,0.0,0,ไม่มีฝน,0
cropped_districts_by_frame/central/20260520_090001\frame_008\คลองสามวา.png,8,คลองสามวา,0.0,0.0,0,ไม่มีฝน,0
cropped_districts_by_frame/north/20260312_070022\frame_010\วังทองหลาง.png,10,วังทองหลาง,0.0,0.0,0,ไม่มีฝน,0
cropped_districts_by_frame/north/20260507_180025\frame_005\ดุสิต.png,5,ดุสิต,0.0,0.0,0,ไม่มีฝน,0
cropped_districts_by_frame/north/20260520_210023\frame_010\สัมพันธวงศ์.png,10,สัมพันธวงศ์,0.0,0.0,0,ไม่มีฝน,0
cropped_districts_by_frame/central/20260317_140002\frame_007\จตุจักร.png,7,จตุจักร,0.0,0.0,0,ไม่มีฝน,0
cropped_districts_by_frame/central/20260226_220000\frame_011\วัฒนา.png,11,วัฒนา,0.0,0.0,0,ไม่มีฝน,0
cropped_districts_by_frame/central/20260226_220000\frame_008\ห้วยขวาง.png,8,ห้วยขวาง,0.0,0.0,0,ไม่มีฝน,0
cropped_districts_by_frame/north/20260504_180023\frame_002\ทวีวัฒนา.png,2,ทวีวัฒนา,0.0,0.0,0,ไม่มีฝน,0
cropped_districts_by_frame/central/20260222_220005\frame_011\บางซื่อ.png,11,บางซื่อ,0.0,0.0,0,ไม่มีฝน,0
cropped_districts_by_frame/north/20260501_020027\frame_009\ดุสิต.png,9,ดุสิต,0.0,0.0,0,ไม่มีฝน,0
cropped_districts_by_frame/central/20260519_210001\frame_002\วัฒนา.png,2,วัฒนา,0.0,0.0,0,ไม่มีฝน,0
cropped_districts_by_frame/central/20260226_220000\frame_007\คันนายาว.png,7,คันนายาว,0.0,0.0,0,ไม่มีฝน,0
cropped_districts_by_frame/north/20260520_100027\frame_002\คลองสามวา.png,2,คลองสามวา,0.0,0.0,0,ไม่มีฝน,0
cropped_districts_by_frame/north/20260520_210023\frame_003\ลาดกระบัง.png,3,ลาดกระบัง,0.0,0.0,0,ไม่มีฝน,0
cropped_districts_by_frame/north/20260514_030023\frame_000\หลักสี่.png,0,หลักสี่,0.0,0.0,0,ไม่มีฝน,0
cropped_districts_by_frame/north/20260510_040027\frame_008\คันนายาว.png,8,คันนายาว,0.0,0.0,0,ไม่มีฝน,0
cropped_districts_by_frame/north/20260509_000025\frame_010\บางกะปิ.png,10,บางกะปิ,0.0,0.0,0,ไม่มีฝน,0
cropped_districts_by_frame/central/20260524_060000\frame_003\ทุ่งครุ.png,3,ทุ่งครุ,0.0,0.0,0,ไม่มีฝน,0
cropped_districts_by_frame/north/20260312_060023\frame_001\บางแค.png,1,บางแค,0.0,0.0,0,ไม่มีฝน,0
cropped_districts_by_frame/north/20260226_190023\frame_006\สายไหม.png,6,สายไหม,0.0,0.0,0,ไม่มีฝน,0
cropped_districts_by_frame/north/20260505_030024\frame_001\ลาดกระบัง.png,1,ลาดกระบัง,0.0,0.0,0,ไม่มีฝน,0
cropped_districts_by_frame/central/20260526_190003\frame_005\คลองสาน.png,5,คลองสาน,0.0,0.0,0,ไม่มีฝน,0
cropped_districts_by_frame/north/20260513_230023\frame_005\ยานนาวา.png,5,ยานนาวา,0.0,0.0,0,ไม่มีฝน,0
cropped_districts_by_frame/central/20260519_220001\frame_005\ราชเทวี.png,5,ราชเทวี,0.0,0.0,0,ไม่มีฝน,0
cropped_districts_by_frame/central/20260522_120000\frame_006\บึงกุ่ม.png,6,บึงกุ่ม,0.0,0.0,0,ไม่มีฝน,0
cropped_districts_by_frame/central/20260525_060006\frame_006\ราชเทวี.png,6,ราชเทวี,0.0,0.0,0,ไม่มีฝน,0
cropped_districts_by_frame/central/20260526_190003\frame_005\ทวีวัฒนา.png,5,ทวีวัฒนา,0.0,0.0,0,ไม่มีฝน,0
cropped_districts_by_frame/north/20260508_230023\frame_006\สะพานสูง.png,6,สะพานสูง,0.0,0.0,0,ไม่มีฝน,0
cropped_districts_by_frame/central/20260316_160000\frame_011\บางเขน.png,11,บางเขน,0.0,0.0,0,ไม่มีฝน,0
cropped_districts_by_frame/north/20260508_170022\frame_000\ลาดกระบัง.png,0,ลาดกระบัง,0.0,0.0,0,ไม่มีฝน,0
cropped_districts_by_frame/central/20260227_010001\frame_003\จอมทอง.png,3,จอมทอง,0.0,0.0,0,ไม่มีฝน,0
cropped_districts_by_frame/central/20260524_040006\frame_003\ยานนาวา.png,3,ยานนาวา,0.0,0.0,0,ไม่มีฝน,0
cropped_districts_by_frame/central/20260504_170000\frame_003\คันนายาว.png,3,คันนายาว,0.0,0.0,0,ไม่มีฝน,0
cropped_districts_by_frame/north/20260507_200023\frame_003\ตลิ่งชัน.png,3,ตลิ่งชัน,0.0,0.0,0,ไม่มีฝน,0
cropped_districts_by_frame/north/20260505_040026\frame_005\คลองสาน.png,5,คลองสาน,0.0,0.0,0,ไม่มีฝน,0
cropped_districts_by_frame/central/20260525_030000\frame_002\พระนคร.png,2,พระนคร,0.0,0.0,0,ไม่มีฝน,0
cropped_districts_by_frame/central/20260227_010001\frame_002\ธนบุรี.png,2,ธนบุรี,0.0,0.0,0,ไม่มีฝน,0
cropped_districts_by_frame/north/20260508_180027\frame_008\สวนหลวง.png,8,สวนหลวง,0.0,0.0,0,ไม่มีฝน,0
cropped_districts_by_frame/central/20260505_000001\frame_002\ดอนเมือง.png,2,ดอนเมือง,0.0,0.0,0,ไม่มีฝน,0
cropped_districts_by_frame/central/20260430_130000\frame_005\บางพลัด.png,5,บางพลัด,0.0,0.0,0,ไม่มีฝน,0
cropped_districts_by_frame/north/20260514_030023\frame_009\คลองสามวา.png,9,คลองสามวา,0.0,0.0,0,ไม่มีฝน,0
cropped_districts_by_frame/north/20260508_210022\frame_008\บางเขน.png,8,บางเขน,0.0,0.0,0,ไม่มีฝน,0
cropped_districts_by_frame/north/20260226_180022\frame_005\จอมทอง.png,5,จอมทอง,0.0,0.0,0,ไม่มีฝน,0
cropped_districts_by_frame/central/20260505_050001\frame_004\บางกะปิ.png,4,บางกะปิ,0.0,0.0,0,ไม่มีฝน,0
cropped_districts_by_frame/central/20260222_220005\frame_004\จอมทอง.png,4,จอมทอง,0.0,0.0,0,ไม่มีฝน,0
cropped_districts_by_frame/north/20260520_090023\frame_003\ราษฎร์บูรณะ.png,3,ราษฎร์บูรณะ,0.0,0.0,0,ไม่มีฝน,0
cropped_districts_by_frame/central/20260526_190003\frame_000\บางกะปิ.png,0,บางกะปิ,0.0,0.0,0,ไม่มีฝน,0
cropped_districts_by_frame/north/20260514_030023\frame_003\ป้อมปราบศัตรูพ่าย.png,3,ป้อมปราบศัตรูพ่าย,0.0,0.0,0,ไม่มีฝน,0
cropped_districts_by_frame/north/20260517_210023\frame_010\ดินแดง.png,10,ดินแดง,0.0,0.0,0,ไม่มีฝน,0
cropped_districts_by_frame/north/20260226_180022\frame_001\คลองสาน.png,1,คลองสาน,0.0,0.0,0,ไม่มีฝน,0
cropped_districts_by_frame/north/20260501_020027\frame_009\บางคอแหลม.png,9,บางคอแหลม,0.0,0.0,0,ไม่มีฝน,0
cropped_districts_by_frame/central/20260430_120001\frame_002\พญาไท.png,2,พญาไท,0.0,0.0,0,ไม่มีฝน,0
cropped_districts_by_frame/north/20260517_210023\frame_009\ดินแดง.png,9,ดินแดง,0.0,0.0,0,ไม่มีฝน,0
cropped_districts_by_frame/north/20260508_210022\frame_007\ปทุมวัน.png,7,ปทุมวัน,0.0,0.0,0,ไม่มีฝน,0
cropped_districts_by_frame/central/20260523_110002\frame_001\บางนา.png,1,บางนา,0.0,0.0,0,ไม่มีฝน,0
cropped_districts_by_frame/north/20260226_210023\frame_010\ธนบุรี.png,10,ธนบุรี,0.0,0.0,0,ไม่มีฝน,0
cropped_districts_by_frame/central/20260527_020002\frame_008\หนองแขม.png,8,หนองแขม,0.0,0.0,0,ไม่มีฝน,0
cropped_districts_by_frame/central/20260514_030000\frame_008\หนองแขม.png,8,หนองแขม,0.0,0.0,0,ไม่มีฝน,0
cropped_districts_by_frame/north/20260514_050022\frame_011\บางกอกน้อย.png,11,บางกอกน้อย,0.0,0.0,0,ไม่มีฝน,0
cropped_districts_by_frame/north/20260504_220025\frame_001\บางซื่อ.png,1,บางซื่อ,0.0,0.0,0,ไม่มีฝน,0
cropped_districts_by_frame/central/20260525_000000\frame_000\ยานนาวา.png,0,ยานนาวา,0.0,0.0,0,ไม่มีฝน,0
cropped_districts_by_frame/central/20260525_040000\frame_008\บางนา.png,8,บางนา,0.0,0.0,0,ไม่มีฝน,0
cropped_districts_by_frame/north/20260510_020023\frame_002\ดุสิต.png,2,ดุสิต,0.0,0.0,0,ไม่มีฝน,0
cropped_districts_by_frame/north/20260509_010028\frame_006\หนองจอก.png,6,หนองจอก,0.0,0.0,0,ไม่มีฝน,0
cropped_districts_by_frame/north/20260504_170022\frame_004\จตุจักร.png,4,จตุจักร,0.0,0.0,0,ไม่มีฝน,0
cropped_districts_by_frame/central/20260527_030000\frame_002\คลองสาน.png,2,คลองสาน,0.0,0.0,0,ไม่มีฝน,0
cropped_districts_by_frame/north/20260227_180023\frame_001\บางแค.png,1,บางแค,0.0,0.0,0,ไม่มีฝน,0
cropped_districts_by_frame/north/20260226_200022\frame_003\ทวีวัฒนา.png,3,ทวีวัฒนา,0.0,0.0,0,ไม่มีฝน,0
cropped_districts_by_frame/north/20260314_010024\frame_006\หนองจอก.png,6,หนองจอก,0.0,0.0,0,ไม่มีฝน,0
cropped_districts_by_frame/north/20260226_220022\frame_008\วัฒนา.png,8,วัฒนา,0.0,0.0,0,ไม่มีฝน,0
cropped_districts_by_frame/north/20260312_110024\frame_003\บางกอกใหญ่.png,3,บางกอกใหญ่,0.0,0.0,0,ไม่มีฝน,0
cropped_districts_by_frame/central/20260525_040000\frame_010\วัฒนา.png,10,วัฒนา,0.0,0.0,0,ไม่มีฝน,0
cropped_districts_by_frame/central/20260514_040003\frame_008\จตุจักร.png,8,จตุจักร,0.0,0.0,0,ไม่มีฝน,0
cropped_districts_by_frame/central/20260508_210000\frame_011\ภาษีเจริญ.png,11,ภาษีเจริญ,0.0,0.0,0,ไม่มีฝน,0
cropped_districts_by_frame/north/20260509_000025\frame_001\ยานนาวา.png,1,ยานนาวา,0.0,0.0,0,ไม่มีฝน,0
cropped_districts_by_frame/central/20260430_120001\frame_011\ดอนเมือง.png,11,ดอนเมือง,0.0,0.0,0,ไม่มีฝน,0
cropped_districts_by_frame/north/20260502_080024\frame_002\บางกอกใหญ่.png,2,บางกอกใหญ่,0.0,0.0,0,ไม่มีฝน,0
cropped_districts_by_frame/north/20260514_000023\frame_009\บึงกุ่ม.png,9,บึงกุ่ม,0.0,0.0,0,ไม่มีฝน,0
cropped_districts_by_frame/central/20260504_160000\frame_004\ปทุมวัน.png,4,ปทุมวัน,0.0,0.0,0,ไม่มีฝน,0
cropped_districts_by_frame/central/20260525_000000\frame_007\พระนคร.png,7,พระนคร,0.0,0.0,0,ไม่มีฝน,0
cropped_districts_by_frame/central/20260523_030002\frame_009\บางขุนเทียน.png,9,บางขุนเทียน,0.0,0.0,0,ไม่มีฝน,0
cropped_districts_by_frame/central/20260425_190002\frame_000\พระโขนง.png,0,พระโขนง,0.0,0.0,0,ไม่มีฝน,0
cropped_districts_by_frame/north/20260517_210023\frame_006\ปทุมวัน.png,6,ปทุมวัน,0.0,0.0,0,ไม่มีฝน,0
cropped_districts_by_frame/central/20260520_230003\frame_010\ประเวศ.png,10,ประเวศ,0.0,0.0,0,ไม่มีฝน,0
cropped_districts_by_frame/north/20260514_000023\frame_002\มีนบุรี.png,2,มีนบุรี,0.0,0.0,0,ไม่มีฝน,0
cropped_districts_by_frame/north/20260312_090023\frame_011\ราษฎร์บูรณะ.png,11,ราษฎร์บูรณะ,0.0,0.0,0,ไม่มีฝน,0
cropped_districts_by_frame/north/20260514_010023\frame_007\บางรัก.png,7,บางรัก,0.0,0.0,0,ไม่มีฝน,0
cropped_districts_by_frame/north/20260502_080024\frame_010\จอมทอง.png,10,จอมทอง,0.0,0.0,0,ไม่มีฝน,0
cropped_districts_by_frame/north/20260227_160023\frame_004\บางบอน.png,4,บางบอน,0.0,0.0,0,ไม่มีฝน,0
cropped_districts_by_frame/north/20260312_060023\frame_009\ป้อมปราบศัตรูพ่าย.png,9,ป้อมปราบศัตรูพ่าย,0.0,0.0,0,ไม่มีฝน,0
cropped_districts_by_frame/central/20260226_220000\frame_005\สวนหลวง.png,5,สวนหลวง,0.0,0.0,0,ไม่มีฝน,0
cropped_districts_by_frame/central/20260501_150000\frame_005\ดินแดง.png,5,ดินแดง,0.0,0.0,0,ไม่มีฝน,0
cropped_districts_by_frame/central/20260523_120002\frame_006\บางรัก.png,6,บางรัก,0.0,0.0,0,ไม่มีฝน,0
cropped_districts_by_frame/central/20260508_170000\frame_005\บางรัก.png,5,บางรัก,0.0,0.0,0,ไม่มีฝน,0
cropped_districts_by_frame/central/20260523_050000\frame_007\ดินแดง.png,7,ดินแดง,0.0,0.0,0,ไม่มีฝน,0
cropped_districts_by_frame/north/20260312_080023\frame_009\บางขุนเทียน.png,9,บางขุนเทียน,0.0,0.0,0,ไม่มีฝน,0
cropped_districts_by_frame/north/20260501_020027\frame_010\ราษฎร์บูรณะ.png,10,ราษฎร์บูรณะ,0.0,0.0,0,ไม่มีฝน,0
cropped_districts_by_frame/central/20260505_000001\frame_005\คลองสามวา.png,5,คลองสามวา,0.0,0.0,0,ไม่มีฝน,0
cropped_districts_by_frame/central/20260227_010001\frame_008\คันนายาว.png,8,คันนายาว,0.0,0.0,0,ไม่มีฝน,0
cropped_districts_by_frame/north/20260514_040026\frame_006\ทวีวัฒนา.png,6,ทวีวัฒนา,0.0,0.0,0,ไม่มีฝน,0
cropped_districts_by_frame/central/20260519_220001\frame_011\บางกอกน้อย.png,11,บางกอกน้อย,0.0,0.0,0,ไม่มีฝน,0
cropped_districts_by_frame/central/20260316_160000\frame_010\ตลิ่งชัน.png,10,ตลิ่งชัน,0.0,0.0,0,ไม่มีฝน,0
cropped_districts_by_frame/central/20260520_220002\frame_003\บางซื่อ.png,3,บางซื่อ,0.0,0.0,0,ไม่มีฝน,0
cropped_districts_by_frame/central/20260508_170000\frame_000\คันนายาว.png,0,คันนายาว,0.0,0.0,0,ไม่มีฝน,0
cropped_districts_by_frame/north/20260514_000023\frame_004\หนองแขม.png,4,หนองแขม,0.0,0.0,0,ไม่มีฝน,0
cropped_districts_by_frame/north/20260502_080024\frame_005\บางซื่อ.png,5,บางซื่อ,0.0,0.0,0,ไม่มีฝน,0
cropped_districts_by_frame/north/20260510_040027\frame_006\ธนบุรี.png,6,ธนบุรี,0.0,0.0,0,ไม่มีฝน,0
cropped_districts_by_frame/north/20260514_050022\frame_003\ห้วยขวาง.png,3,ห้วยขวาง,0.0,0.0,0,ไม่มีฝน,0
cropped_districts_by_frame/central/20260227_010001\frame_007\จตุจักร.png,7,จตุจักร,0.0,0.0,0,ไม่มีฝน,0
cropped_districts_by_frame/north/20260520_220024\frame_007\ลาดพร้าว.png,7,ลาดพร้าว,0.0,0.0,0,ไม่มีฝน,0
cropped_districts_by_frame/central/20260226_220000\frame_004\มีนบุรี.png,4,มีนบุรี,0.0,0.0,0,ไม่มีฝน,0
cropped_districts_by_frame/central/20260523_120002\frame_011\ดินแดง.png,11,ดินแดง,0.0,0.0,0,ไม่มีฝน,0
cropped_districts_by_frame/central/20260525_030000\frame_002\คันนายาว.png,2,คันนายาว,0.0,0.0,0,ไม่มีฝน,0
cropped_districts_by_frame/north/20260514_010023\frame_006\ตลิ่งชัน.png,6,ตลิ่งชัน,0.0,0.0,0,ไม่มีฝน,0
cropped_districts_by_frame/central/20260524_060000\frame_000\ธนบุรี.png,0,ธนบุรี,0.0,0.0,0,ไม่มีฝน,0
cropped_districts_by_frame/north/20260510_020023\frame_004\คลองสามวา.png,4,คลองสามวา,0.0,0.0,0,ไม่มีฝน,0
cropped_districts_by_frame/north/20260226_180022\frame_009\สาทร.png,9,สาทร,0.0,0.0,0,ไม่มีฝน,0
cropped_districts_by_frame/north/20260517_210023\frame_008\จอมทอง.png,8,จอมทอง,0.0,0.0,0,ไม่มีฝน,0
cropped_districts_by_frame/north/20260227_150023\frame_004\ป้อมปราบศัตรูพ่าย.png,4,ป้อมปราบศัตรูพ่าย,0.0,0.0,0,ไม่มีฝน,0
cropped_districts_by_frame/central/20260525_030000\frame_004\ดอนเมือง.png,4,ดอนเมือง,0.0,0.0,0,ไม่มีฝน,0
cropped_districts_by_frame/north/20260510_040027\frame_004\มีนบุรี.png,4,มีนบุรี,0.0,0.0,0,ไม่มีฝน,0
cropped_districts_by_frame/north/20260517_200025\frame_009\ตลิ่งชัน.png,9,ตลิ่งชัน,0.0,0.0,0,ไม่มีฝน,0
cropped_districts_by_frame/central/20260525_000000\frame_001\คลองสามวา.png,1,คลองสามวา,0.0,0.0,0,ไม่มีฝน,0
cropped_districts_by_frame/north/20260314_000024\frame_004\ราชเทวี.png,4,ราชเทวี,0.0,0.0,0,ไม่มีฝน,0
cropped_districts_by_frame/central/20260222_220005\frame_010\บางคอแหลม.png,10,บางคอแหลม,0.0,0.0,0,ไม่มีฝน,0
cropped_districts_by_frame/central/20260523_030002\frame_011\บางขุนเทียน.png,11,บางขุนเทียน,0.0,0.0,0,ไม่มีฝน,0
cropped_districts_by_frame/north/20260520_170023\frame_006\บางซื่อ.png,6,บางซื่อ,0.0,0.0,0,ไม่มีฝน,0
cropped_districts_by_frame/north/20260226_180022\frame_009\สะพานสูง.png,9,สะพานสูง,0.0,0.0,0,ไม่มีฝน,0
cropped_districts_by_frame/central/20260501_150000\frame_001\สายไหม.png,1,สายไหม,0.0,0.0,0,ไม่มีฝน,0
cropped_districts_by_frame/central/20260504_190001\frame_003\ปทุมวัน.png,3,ปทุมวัน,0.0,0.0,0,ไม่มีฝน,0
cropped_districts_by_frame/north/20260508_170022\frame_003\บางซื่อ.png,3,บางซื่อ,0.0,0.0,0,ไม่มีฝน,0
cropped_districts_by_frame/central/20260505_000001\frame_000\บางขุนเทียน.png,0,บางขุนเทียน,0.0,0.0,0,ไม่มีฝน,0
cropped_districts_by_frame/central/20260504_160000\frame_007\ประเวศ.png,7,ประเวศ,0.0,0.0,0,ไม่มีฝน,0
cropped_districts_by_frame/central/20260524_060000\frame_009\ราชเทวี.png,9,ราชเทวี,0.0,0.0,0,ไม่มีฝน,0
cropped_districts_by_frame/north/20260514_000023\frame_003\มีนบุรี.png,3,มีนบุรี,0.0,0.0,0,ไม่มีฝน,0
cropped_districts_by_frame/north/20260504_190024\frame_008\บางแค.png,8,บางแค,0.0,0.0,0,ไม่มีฝน,0
cropped_districts_by_frame/north/20260505_050024\frame_000\ภาษีเจริญ.png,0,ภาษีเจริญ,0.0,0.0,0,ไม่มีฝน,0
cropped_districts_by_frame/north/20260508_230023\frame_006\บางคอแหลม.png,6,บางคอแหลม,0.0,0.0,0,ไม่มีฝน,0
cropped_districts_by_frame/central/20260514_020006\frame_004\หนองแขม.png,4,หนองแขม,0.0,0.0,0,ไม่มีฝน,0
cropped_districts_by_frame/central/20260312_080000\frame_002\พระนคร.png,2,พระนคร,0.0,0.0,0,ไม่มีฝน,0
cropped_districts_by_frame/central/20260317_140002\frame_011\จอมทอง.png,11,จอมทอง,0.0,0.0,0,ไม่มีฝน,0
cropped_districts_by_frame/north/20260508_210022\frame_008\ราษฎร์บูรณะ.png,8,ราษฎร์บูรณะ,0.0,0.0,0,ไม่มีฝน,0
cropped_districts_by_frame/north/20260508_210022\frame_006\ราษฎร์บูรณะ.png,6,ราษฎร์บูรณะ,0.0,0.0,0,ไม่มีฝน,0
cropped_districts_by_frame/central/20260317_140002\frame_010\สวนหลวง.png,10,สวนหลวง,0.0,0.0,0,ไม่มีฝน,0
cropped_districts_by_frame/north/20260504_170022\frame_009\บางซื่อ.png,9,บางซื่อ,0.0,0.0,0,ไม่มีฝน,0
cropped_districts_by_frame/central/20260526_190003\frame_000\ห้วยขวาง.png,0,ห้วยขวาง,0.0,0.0,0,ไม่มีฝน,0
cropped_districts_by_frame/north/20260520_190023\frame_005\สายไหม.png,5,สายไหม,0.0,0.0,0,ไม่มีฝน,0
cropped_districts_by_frame/north/20260520_090023\frame_000\วัฒนา.png,0,วัฒนา,0.0,0.0,0,ไม่มีฝน,0
cropped_districts_by_frame/north/20260312_070022\frame_011\บางกะปิ.png,11,บางกะปิ,0.0,0.0,0,ไม่มีฝน,0
cropped_districts_by_frame/central/20260508_170000\frame_008\สัมพันธวงศ์.png,8,สัมพันธวงศ์,0.0,0.0,0,ไม่มีฝน,0
cropped_districts_by_frame/north/20260514_050022\frame_010\คลองสามวา.png,10,คลองสามวา,0.0,0.0,0,ไม่มีฝน,0
cropped_districts_by_frame/north/20260514_010023\frame_006\ดุสิต.png,6,ดุสิต,0.0,0.0,0,ไม่มีฝน,0
cropped_districts_by_frame/central/20260312_080000\frame_001\ภาษีเจริญ.png,1,ภาษีเจริญ,0.0,0.0,0,ไม่มีฝน,0
cropped_districts_by_frame/north/20260312_080023\frame_006\คลองสามวา.png,6,คลองสามวา,0.0,0.0,0,ไม่มีฝน,0
cropped_districts_by_frame/central/20260522_120000\frame_005\ทวีวัฒนา.png,5,ทวีวัฒนา,0.0,0.0,0,ไม่มีฝน,0
cropped_districts_by_frame/north/20260504_220025\frame_011\บางรัก.png,11,บางรัก,0.0,0.0,0,ไม่มีฝน,0
cropped_districts_by_frame/central/20260505_040003\frame_007\วัฒนา.png,7,วัฒนา,0.0,0.0,0,ไม่มีฝน,0
cropped_districts_by_frame/central/20260222_220005\frame_003\จอมทอง.png,3,จอมทอง,0.0,0.0,0,ไม่มีฝน,0
cropped_districts_by_frame/central/20260514_010000\frame_007\บางกอกใหญ่.png,7,บางกอกใหญ่,0.0,0.0,0,ไม่มีฝน,0
cropped_districts_by_frame/central/20260523_060001\frame_008\ภาษีเจริญ.png,8,ภาษีเจริญ,0.0,0.0,0,ไม่มีฝน,0
cropped_districts_by_frame/north/20260504_190024\frame_010\บางคอแหลม.png,10,บางคอแหลม,0.0,0.0,0,ไม่มีฝน,0
cropped_districts_by_frame/north/20260520_180026\frame_011\สวนหลวง.png,11,สวนหลวง,0.0,0.0,0,ไม่มีฝน,0
cropped_districts_by_frame/north/20260227_160023\frame_001\บางขุนเทียน.png,1,บางขุนเทียน,0.0,0.0,0,ไม่มีฝน,0
cropped_districts_by_frame/central/20260504_170000\frame_001\บางบอน.png,1,บางบอน,0.0,0.0,0,ไม่มีฝน,0
cropped_districts_by_frame/central/20260430_130000\frame_005\บางบอน.png,5,บางบอน,0.0,0.0,0,ไม่มีฝน,0
cropped_districts_by_frame/north/20260226_220022\frame_008\บางพลัด.png,8,บางพลัด,0.0,0.0,0,ไม่มีฝน,0
cropped_districts_by_frame/central/20260527_030000\frame_008\คลองสามวา.png,8,คลองสามวา,0.0,0.0,0,ไม่มีฝน,0
cropped_districts_by_frame/central/20260525_060006\frame_007\บางกอกน้อย.png,7,บางกอกน้อย,0.0,0.0,0,ไม่มีฝน,0
cropped_districts_by_frame/central/20260226_210001\frame_007\จอมทอง.png,7,จอมทอง,0.0,0.0,0,ไม่มีฝน,0
cropped_districts_by_frame/north/20260312_120023\frame_009\ราษฎร์บูรณะ.png,9,ราษฎร์บูรณะ,0.0,0.0,0,ไม่มีฝน,0
cropped_districts_by_frame/central/20260525_050001\frame_011\วังทองหลาง.png,11,วังทองหลาง,0.0,0.0,0,ไม่มีฝน,0
cropped_districts_by_frame/central/20260508_170000\frame_002\ดุสิต.png,2,ดุสิต,0.0,0.0,0,ไม่มีฝน,0
cropped_districts_by_frame/north/20260514_050022\frame_002\พระโขนง.png,2,พระโขนง,0.0,0.0,0,ไม่มีฝน,0
cropped_districts_by_frame/north/20260514_040026\frame_009\พระนคร.png,9,พระนคร,0.0,0.0,0,ไม่มีฝน,0
cropped_districts_by_frame/central/20260505_040003\frame_005\คลองเตย.png,5,คลองเตย,0.0,0.0,0,ไม่มีฝน,0
cropped_districts_by_frame/north/20260514_030023\frame_009\ยานนาวา.png,9,ยานนาวา,0.0,0.0,0,ไม่มีฝน,0
cropped_districts_by_frame/central/20260430_120001\frame_003\พระโขนง.png,3,พระโขนง,0.0,0.0,0,ไม่มีฝน,0
cropped_districts_by_frame/central/20260525_060006\frame_003\พญาไท.png,3,พญาไท,0.0,0.0,0,ไม่มีฝน,0
cropped_districts_by_frame/central/20260523_060001\frame_005\พระโขนง.png,5,พระโขนง,0.0,0.0,0,ไม่มีฝน,0
cropped_districts_by_frame/north/20260514_020029\frame_001\หลักสี่.png,1,หลักสี่,0.0,0.0,0,ไม่มีฝน,0
cropped_districts_by_frame/central/20260508_180005\frame_009\ทุ่งครุ.png,9,ทุ่งครุ,0.0,0.0,0,ไม่มีฝน,0
cropped_districts_by_frame/north/20260226_230022\frame_005\สายไหม.png,5,สายไหม,0.0,0.0,0,ไม่มีฝน,0
cropped_districts_by_frame/central/20260514_030000\frame_001\ป้อมปราบศัตรูพ่าย.png,1,ป้อมปราบศัตรูพ่าย,0.0,0.0,0,ไม่มีฝน,0
cropped_districts_by_frame/central/20260226_210001\frame_001\หนองแขม.png,1,หนองแขม,0.0,0.0,0,ไม่มีฝน,0
cropped_districts_by_frame/central/20260505_000001\frame_004\บึงกุ่ม.png,4,บึงกุ่ม,0.0,0.0,0,ไม่มีฝน,0
cropped_districts_by_frame/central/20260524_040006\frame_004\คลองเตย.png,4,คลองเตย,0.0,0.0,0,ไม่มีฝน,0
cropped_districts_by_frame/central/20260525_050001\frame_002\ลาดกระบัง.png,2,ลาดกระบัง,0.0,0.0,0,ไม่มีฝน,0
cropped_districts_by_frame/central/20260505_050001\frame_010\บางกะปิ.png,10,บางกะปิ,0.0,0.0,0,ไม่มีฝน,0
cropped_districts_by_frame/central/20260508_170000\frame_000\บางรัก.png,0,บางรัก,0.0,0.0,0,ไม่มีฝน,0
cropped_districts_by_frame/central/20260222_220005\frame_005\จตุจักร.png,5,จตุจักร,0.0,0.0,0,ไม่มีฝน,0
cropped_districts_by_frame/north/20260510_020023\frame_010\ดินแดง.png,10,ดินแดง,0.0,0.0,0,ไม่มีฝน,0
cropped_districts_by_frame/north/20260514_010023\frame_004\ลาดพร้าว.png,4,ลาดพร้าว,0.0,0.0,0,ไม่มีฝน,0
cropped_districts_by_frame/central/20260519_220001\frame_009\ห้วยขวาง.png,9,ห้วยขวาง,0.0,0.0,0,ไม่มีฝน,0
cropped_districts_by_frame/north/20260513_230023\frame_001\ปทุมวัน.png,1,ปทุมวัน,0.0,0.0,0,ไม่มีฝน,0
cropped_districts_by_frame/north/20260505_030024\frame_002\สายไหม.png,2,สายไหม,0.0,0.0,0,ไม่มีฝน,0
cropped_districts_by_frame/north/20260504_220025\frame_003\ราษฎร์บูรณะ.png,3,ราษฎร์บูรณะ,0.0,0.0,0,ไม่มีฝน,0
cropped_districts_by_frame/central/20260508_210000\frame_011\บางคอแหลม.png,11,บางคอแหลม,0.0,0.0,0,ไม่มีฝน,0
cropped_districts_by_frame/central/20260520_220002\frame_003\วังทองหลาง.png,3,วังทองหลาง,0.0,0.0,0,ไม่มีฝน,0
cropped_districts_by_frame/north/20260513_230023\frame_004\หลักสี่.png,4,หลักสี่,0.0,0.0,0,ไม่มีฝน,0
cropped_districts_by_frame/north/20260226_180022\frame_003\ดุสิต.png,3,ดุสิต,0.0,0.0,0,ไม่มีฝน,0
cropped_districts_by_frame/north/20260226_200022\frame_005\ราษฎร์บูรณะ.png,5,ราษฎร์บูรณะ,0.0,0.0,0,ไม่มีฝน,0
cropped_districts_by_frame/north/20260520_220024\frame_003\บางกอกใหญ่.png,3,บางกอกใหญ่,0.0,0.0,0,ไม่มีฝน,0
cropped_districts_by_frame/central/20260525_040000\frame_007\บางพลัด.png,7,บางพลัด,0.0,0.0,0,ไม่มีฝน,0
cropped_districts_by_frame/north/20260508_170022\frame_002\วัฒนา.png,2,วัฒนา,0.0,0.0,0,ไม่มีฝน,0
cropped_districts_by_frame/north/20260514_000023\frame_007\ลาดกระบัง.png,7,ลาดกระบัง,0.0,0.0,0,ไม่มีฝน,0
cropped_districts_by_frame/central/20260227_000001\frame_002\วังทองหลาง.png,2,วังทองหลาง,0.0,0.0,0,ไม่มีฝน,0
cropped_districts_by_frame/north/20260508_210022\frame_001\วัฒนา.png,1,วัฒนา,0.0,0.0,0,ไม่มีฝน,0
cropped_districts_by_frame/north/20260514_040026\frame_006\ลาดพร้าว.png,6,ลาดพร้าว,0.0,0.0,0,ไม่มีฝน,0
cropped_districts_by_frame/north/20260520_190023\frame_008\คลองสามวา.png,8,คลองสามวา,0.0,0.0,0,ไม่มีฝน,0
cropped_districts_by_frame/central/20260505_040003\frame_000\วังทองหลาง.png,0,วังทองหลาง,0.0,0.0,0,ไม่มีฝน,0
cropped_districts_by_frame/central/20260312_080000\frame_002\ลาดพร้าว.png,2,ลาดพร้าว,0.0,0.0,0,ไม่มีฝน,0
cropped_districts_by_frame/central/20260504_170000\frame_006\คลองเตย.png,6,คลองเตย,0.0,0.0,0,ไม่มีฝน,0
cropped_districts_by_frame/north/20260226_200022\frame_002\บางซื่อ.png,2,บางซื่อ,0.0,0.0,0,ไม่มีฝน,0
cropped_districts_by_frame/central/20260520_100004\frame_007\ปทุมวัน.png,7,ปทุมวัน,0.0,0.0,0,ไม่มีฝน,0
cropped_districts_by_frame/north/20260505_040026\frame_001\สายไหม.png,1,สายไหม,0.0,0.0,0,ไม่มีฝน,0
cropped_districts_by_frame/central/20260519_220001\frame_005\บางแค.png,5,บางแค,0.0,0.0,0,ไม่มีฝน,0
cropped_districts_by_frame/north/20260312_120023\frame_007\บางเขน.png,7,บางเขน,0.0,0.0,0,ไม่มีฝน,0
cropped_districts_by_frame/central/20260314_000000\frame_000\บึงกุ่ม.png,0,บึงกุ่ม,0.0,0.0,0,ไม่มีฝน,0
cropped_districts_by_frame/north/20260520_180026\frame_002\ราชเทวี.png,2,ราชเทวี,0.0,0.0,0,ไม่มีฝน,0
cropped_districts_by_frame/north/20260508_190023\frame_005\ราษฎร์บูรณะ.png,5,ราษฎร์บูรณะ,0.0,0.0,0,ไม่มีฝน,0
cropped_districts_by_frame/central/20260505_000001\frame_005\บางพลัด.png,5,บางพลัด,0.0,0.0,0,ไม่มีฝน,0
cropped_districts_by_frame/north/20260226_230022\frame_000\จอมทอง.png,0,จอมทอง,0.0,0.0,0,ไม่มีฝน,0
cropped_districts_by_frame/north/20260504_190024\frame_004\สัมพันธวงศ์.png,4,สัมพันธวงศ์,0.0,0.0,0,ไม่มีฝน,0
cropped_districts_by_frame/north/20260226_200022\frame_004\ห้วยขวาง.png,4,ห้วยขวาง,0.0,0.0,0,ไม่มีฝน,0
cropped_districts_by_frame/central/20260520_100004\frame_008\ราษฎร์บูรณะ.png,8,ราษฎร์บูรณะ,0.0,0.0,0,ไม่มีฝน,0
cropped_districts_by_frame/north/20260226_170024\frame_007\คลองสามวา.png,7,คลองสามวา,0.0,0.0,0,ไม่มีฝน,0
cropped_districts_by_frame/north/20260510_040027\frame_001\บางกอกน้อย.png,1,บางกอกน้อย,0.0,0.0,0,ไม่มีฝน,0
cropped_districts_by_frame/north/20260314_000024\frame_000\หลักสี่.png,0,หลักสี่,0.0,0.0,0,ไม่มีฝน,0
cropped_districts_by_frame/north/20260505_040026\frame_004\ยานนาวา.png,4,ยานนาวา,0.0,0.0,0,ไม่มีฝน,0
cropped_districts_by_frame/central/20260522_120000\frame_000\ทวีวัฒนา.png,0,ทวีวัฒนา,0.0,0.0,0,ไม่มีฝน,0
cropped_districts_by_frame/north/20260227_000023\frame_010\สัมพันธวงศ์.png,10,สัมพันธวงศ์,0.0,0.0,0,ไม่มีฝน,0
cropped_districts_by_frame/north/20260226_220022\frame_009\บึงกุ่ม.png,9,บึงกุ่ม,0.0,0.0,0,ไม่มีฝน,0
cropped_districts_by_frame/central/20260524_040006\frame_010\บางคอแหลม.png,10,บางคอแหลม,0.0,0.0,0,ไม่มีฝน,0
cropped_districts_by_frame/north/20260517_200025\frame_010\ทวีวัฒนา.png,10,ทวีวัฒนา,0.0,0.0,0,ไม่มีฝน,0
cropped_districts_by_frame/north/20260226_190023\frame_006\บางซื่อ.png,6,บางซื่อ,0.0,0.0,0,ไม่มีฝน,0
cropped_districts_by_frame/central/20260218_130000\frame_002\บางกอกน้อย.png,2,บางกอกน้อย,0.0,0.0,0,ไม่มีฝน,0
cropped_districts_by_frame/north/20260227_180023\frame_010\บางซื่อ.png,10,บางซื่อ,0.0,0.0,0,ไม่มีฝน,0
cropped_districts_by_frame/north/20260520_220024\frame_004\ยานนาวา.png,4,ยานนาวา,0.0,0.0,0,ไม่มีฝน,0
cropped_districts_by_frame/central/20260514_040003\frame_001\มีนบุรี.png,1,มีนบุรี,0.0,0.0,0,ไม่มีฝน,0
cropped_districts_by_frame/central/20260425_190002\frame_007\วังทองหลาง.png,7,วังทองหลาง,0.0,0.0,0,ไม่มีฝน,0
cropped_districts_by_frame/central/20260226_230000\frame_003\ดุสิต.png,3,ดุสิต,0.0,0.0,0,ไม่มีฝน,0
cropped_districts_by_frame/central/20260222_220005\frame_001\บางรัก.png,1,บางรัก,0.0,0.0,0,ไม่มีฝน,0
cropped_districts_by_frame/central/20260501_150000\frame_005\ธนบุรี.png,5,ธนบุรี,0.0,0.0,0,ไม่มีฝน,0
cropped_districts_by_frame/north/20260508_230023\frame_008\บางกอกใหญ่.png,8,บางกอกใหญ่,0.0,0.0,0,ไม่มีฝน,0
cropped_districts_by_frame/central/20260425_190002\frame_009\ห้วยขวาง.png,9,ห้วยขวาง,0.0,0.0,0,ไม่มีฝน,0
cropped_districts_by_frame/central/20260505_010001\frame_011\ยานนาวา.png,11,ยานนาวา,0.0,0.0,0,ไม่มีฝน,0
cropped_districts_by_frame/central/20260519_220001\frame_009\บางกอกใหญ่.png,9,บางกอกใหญ่,0.0,0.0,0,ไม่มีฝน,0
cropped_districts_by_frame/north/20260513_170024\frame_003\ทวีวัฒนา.png,3,ทวีวัฒนา,0.0,0.0,0,ไม่มีฝน,0
cropped_districts_by_frame/central/20260520_100004\frame_003\คลองสามวา.png,3,คลองสามวา,0.0,0.0,0,ไม่มีฝน,0
cropped_districts_by_frame/north/20260314_000024\frame_005\ห้วยขวาง.png,5,ห้วยขวาง,0.0,0.0,0,ไม่มีฝน,0
cropped_districts_by_frame/north/20260226_200022\frame_003\บางรัก.png,3,บางรัก,0.0,0.0,0,ไม่มีฝน,0
cropped_districts_by_frame/central/20260526_190003\frame_010\บางกอกน้อย.png,10,บางกอกน้อย,0.0,0.0,0,ไม่มีฝน,0
cropped_districts_by_frame/central/20260523_050000\frame_007\คลองเตย.png,7,คลองเตย,0.0,0.0,0,ไม่มีฝน,0
cropped_districts_by_frame/central/20260504_160000\frame_001\บางนา.png,1,บางนา,0.0,0.0,0,ไม่มีฝน,0
cropped_districts_by_frame/north/20260227_160023\frame_001\คลองสาน.png,1,คลองสาน,0.0,0.0,0,ไม่มีฝน,0
cropped_districts_by_frame/central/20260523_050000\frame_006\หนองแขม.png,6,หนองแขม,0.0,0.0,0,ไม่มีฝน,0
cropped_districts_by_frame/north/20260514_020029\frame_003\คันนายาว.png,3,คันนายาว,0.0,0.0,0,ไม่มีฝน,0
cropped_districts_by_frame/north/20260504_170022\frame_002\ทวีวัฒนา.png,2,ทวีวัฒนา,0.0,0.0,0,ไม่มีฝน,0
cropped_districts_by_frame/north/20260510_020023\frame_003\สายไหม.png,3,สายไหม,0.0,0.0,0,ไม่มีฝน,0
cropped_districts_by_frame/central/20260222_220005\frame_001\ทุ่งครุ.png,1,ทุ่งครุ,0.0,0.0,0,ไม่มีฝน,0
cropped_districts_by_frame/north/20260312_080023\frame_003\บางพลัด.png,3,บางพลัด,0.0,0.0,0,ไม่มีฝน,0
cropped_districts_by_frame/north/20260510_020023\frame_010\บึงกุ่ม.png,10,บึงกุ่ม,0.0,0.0,0,ไม่มีฝน,0
cropped_districts_by_frame/north/20260314_000024\frame_002\ดอนเมือง.png,2,ดอนเมือง,0.0,0.0,0,ไม่มีฝน,0
cropped_districts_by_frame/north/20260312_110024\frame_011\ประเวศ.png,11,ประเวศ,0.0,0.0,0,ไม่มีฝน,0
cropped_districts_by_frame/central/20260312_060001\frame_010\หลักสี่.png,10,หลักสี่,0.0,0.0,0,ไม่มีฝน,0
cropped_districts_by_frame/central/20260505_000001\frame_004\บางเขน.png,4,บางเขน,0.0,0.0,0,ไม่มีฝน,0
cropped_districts_by_frame/central/20260522_120000\frame_008\คันนายาว.png,8,คันนายาว,0.0,0.0,0,ไม่มีฝน,0
cropped_districts_by_frame/central/20260522_120000\frame_000\คลองเตย.png,0,คลองเตย,0.0,0.0,0,ไม่มีฝน,0
cropped_districts_by_frame/central/20260501_150000\frame_005\พระนคร.png,5,พระนคร,0.0,0.0,0,ไม่มีฝน,0
cropped_districts_by_frame/north/20260510_030023\frame_001\ประเวศ.png,1,ประเวศ,0.0,0.0,0,ไม่มีฝน,0
cropped_districts_by_frame/central/20260226_220000\frame_003\วังทองหลาง.png,3,วังทองหลาง,0.0,0.0,0,ไม่มีฝน,0
cropped_districts_by_frame/central/20260218_120002\frame_007\ห้วยขวาง.png,7,ห้วยขวาง,0.0,0.0,0,ไม่มีฝน,0
cropped_districts_by_frame/north/20260226_210023\frame_010\บางพลัด.png,10,บางพลัด,0.0,0.0,0,ไม่มีฝน,0
cropped_districts_by_frame/north/20260508_170022\frame_004\บางเขน.png,4,บางเขน,0.0,0.0,0,ไม่มีฝน,0
cropped_districts_by_frame/central/20260501_150000\frame_000\สาทร.png,0,สาทร,0.0,0.0,0,ไม่มีฝน,0
cropped_districts_by_frame/north/20260314_000024\frame_005\บางขุนเทียน.png,5,บางขุนเทียน,0.0,0.0,0,ไม่มีฝน,0
cropped_districts_by_frame/north/20260509_000025\frame_003\บางกอกน้อย.png,3,บางกอกน้อย,0.0,0.0,0,ไม่มีฝน,0
cropped_districts_by_frame/central/20260218_120002\frame_008\คันนายาว.png,8,คันนายาว,0.0,0.0,0,ไม่มีฝน,0
cropped_districts_by_frame/central/20260524_060000\frame_006\สาทร.png,6,สาทร,0.0,0.0,0,ไม่มีฝน,0
cropped_districts_by_frame/north/20260227_150023\frame_001\บางแค.png,1,บางแค,0.0,0.0,0,ไม่มีฝน,0
cropped_districts_by_frame/central/20260525_060006\frame_001\ห้วยขวาง.png,1,ห้วยขวาง,0.0,0.0,0,ไม่มีฝน,0
cropped_districts_by_frame/north/20260426_160026\frame_000\สาทร.png,0,สาทร,0.0,0.0,0,ไม่มีฝน,0
cropped_districts_by_frame/central/20260526_190003\frame_002\ธนบุรี.png,2,ธนบุรี,0.0,0.0,0,ไม่มีฝน,0
cropped_districts_by_frame/north/20260227_150023\frame_003\ห้วยขวาง.png,3,ห้วยขวาง,0.0,0.0,0,ไม่มีฝน,0
cropped_districts_by_frame/north/20260520_180026\frame_001\สัมพันธวงศ์.png,1,สัมพันธวงศ์,0.0,0.0,0,ไม่มีฝน,0
cropped_districts_by_frame/north/20260505_020023\frame_007\ประเวศ.png,7,ประเวศ,0.0,0.0,0,ไม่มีฝน,0
cropped_districts_by_frame/north/20260312_060023\frame_001\ตลิ่งชัน.png,1,ตลิ่งชัน,0.0,0.0,0,ไม่มีฝน,0
cropped_districts_by_frame/north/20260226_220022\frame_006\สวนหลวง.png,6,สวนหลวง,0.0,0.0,0,ไม่มีฝน,0
cropped_districts_by_frame/central/20260314_000000\frame_010\บางรัก.png,10,บางรัก,0.0,0.0,0,ไม่มีฝน,0
cropped_districts_by_frame/north/20260514_040026\frame_009\คลองสาน.png,9,คลองสาน,0.0,0.0,0,ไม่มีฝน,0
cropped_districts_by_frame/central/20260505_040003\frame_003\พญาไท.png,3,พญาไท,0.0,0.0,0,ไม่มีฝน,0
cropped_districts_by_frame/north/20260312_090023\frame_006\บางเขน.png,6,บางเขน,0.0,0.0,0,ไม่มีฝน,0
cropped_districts_by_frame/central/20260525_020000\frame_011\จตุจักร.png,11,จตุจักร,0.0,0.0,0,ไม่มีฝน,0
cropped_districts_by_frame/central/20260526_190003\frame_006\วัฒนา.png,6,วัฒนา,0.0,0.0,0,ไม่มีฝน,0
cropped_districts_by_frame/north/20260312_110024\frame_000\ลาดพร้าว.png,0,ลาดพร้าว,0.0,0.0,0,ไม่มีฝน,0
cropped_districts_by_frame/north/20260510_030023\frame_009\บางซื่อ.png,9,บางซื่อ,0.0,0.0,0,ไม่มีฝน,0
cropped_districts_by_frame/north/20260520_170023\frame_000\คลองสาน.png,0,คลองสาน,0.0,0.0,0,ไม่มีฝน,0
cropped_districts_by_frame/north/20260520_220024\frame_011\ประเวศ.png,11,ประเวศ,0.0,0.0,0,ไม่มีฝน,0
cropped_districts_by_frame/central/20260524_060000\frame_008\ลาดกระบัง.png,8,ลาดกระบัง,0.0,0.0,0,ไม่มีฝน,0
cropped_districts_by_frame/central/20260519_210001\frame_010\บางกอกใหญ่.png,10,บางกอกใหญ่,0.0,0.0,0,ไม่มีฝน,0
cropped_districts_by_frame/north/20260513_170024\frame_011\บางขุนเทียน.png,11,บางขุนเทียน,0.0,0.0,0,ไม่มีฝน,0
cropped_districts_by_frame/north/20260517_210023\frame_011\สัมพันธวงศ์.png,11,สัมพันธวงศ์,0.0,0.0,0,ไม่มีฝน,0
cropped_districts_by_frame/central/20260524_060000\frame_010\สวนหลวง.png,10,สวนหลวง,0.0,0.0,0,ไม่มีฝน,0
cropped_districts_by_frame/central/20260525_050001\frame_008\บางคอแหลม.png,8,บางคอแหลม,0.0,0.0,0,ไม่มีฝน,0
cropped_districts_by_frame/central/20260317_140002\frame_007\ห้วยขวาง.png,7,ห้วยขวาง,0.0,0.0,0,ไม่มีฝน,0
cropped_districts_by_frame/central/20260508_180005\frame_004\ทวีวัฒนา.png,4,ทวีวัฒนา,0.0,0.0,0,ไม่มีฝน,0
cropped_districts_by_frame/north/20260514_040026\frame_004\บางซื่อ.png,4,บางซื่อ,0.0,0.0,0,ไม่มีฝน,0
cropped_districts_by_frame/north/20260507_200023\frame_002\ดินแดง.png,2,ดินแดง,0.0,0.0,0,ไม่มีฝน,0
cropped_districts_by_frame/central/20260430_130000\frame_009\ปทุมวัน.png,9,ปทุมวัน,0.0,0.0,0,ไม่มีฝน,0
cropped_districts_by_frame/central/20260505_010001\frame_006\สัมพันธวงศ์.png,6,สัมพันธวงศ์,0.0,0.0,0,ไม่มีฝน,0
cropped_districts_by_frame/north/20260509_000025\frame_010\บางบอน.png,10,บางบอน,0.0,0.0,0,ไม่มีฝน,0
cropped_districts_by_frame/north/20260312_080023\frame_004\หนองแขม.png,4,หนองแขม,0.0,0.0,0,ไม่มีฝน,0
cropped_districts_by_frame/central/20260226_210001\frame_002\บางบอน.png,2,บางบอน,0.0,0.0,0,ไม่มีฝน,0
cropped_districts_by_frame/north/20260505_050024\frame_005\วัฒนา.png,5,วัฒนา,0.0,0.0,0,ไม่มีฝน,0
cropped_districts_by_frame/central/20260425_190002\frame_000\หลักสี่.png,0,หลักสี่,0.0,0.0,0,ไม่มีฝน,0
cropped_districts_by_frame/north/20260314_000024\frame_000\ราษฎร์บูรณะ.png,0,ราษฎร์บูรณะ,0.0,0.0,0,ไม่มีฝน,0
cropped_districts_by_frame/north/20260312_090023\frame_003\วัฒนา.png,3,วัฒนา,0.0,0.0,0,ไม่มีฝน,0
cropped_districts_by_frame/central/20260527_020002\frame_003\หลักสี่.png,3,หลักสี่,0.0,0.0,0,ไม่มีฝน,0
cropped_districts_by_frame/north/20260226_210023\frame_009\หลักสี่.png,9,หลักสี่,0.0,0.0,0,ไม่มีฝน,0
cropped_districts_by_frame/north/20260504_180023\frame_007\หนองแขม.png,7,หนองแขม,0.0,0.0,0,ไม่มีฝน,0
cropped_districts_by_frame/north/20260312_070022\frame_002\พญาไท.png,2,พญาไท,0.0,0.0,0,ไม่มีฝน,0
cropped_districts_by_frame/central/20260524_070000\frame_000\ป้อมปราบศัตรูพ่าย.png,0,ป้อมปราบศัตรูพ่าย,0.0,0.0,0,ไม่มีฝน,0
cropped_districts_by_frame/central/20260519_200001\frame_000\หนองแขม.png,0,หนองแขม,0.0,0.0,0,ไม่มีฝน,0
cropped_districts_by_frame/north/20260426_160026\frame_001\บางนา.png,1,บางนา,0.0,0.0,0,ไม่มีฝน,0
cropped_districts_by_frame/central/20260430_120001\frame_004\ดอนเมือง.png,4,ดอนเมือง,0.0,0.0,0,ไม่มีฝน,0
cropped_districts_by_frame/north/20260508_200025\frame_009\บางกอกน้อย.png,9,บางกอกน้อย,0.0,0.0,0,ไม่มีฝน,0
cropped_districts_by_frame/north/20260517_200025\frame_009\พญาไท.png,9,พญาไท,0.0,0.0,0,ไม่มีฝน,0
cropped_districts_by_frame/north/20260227_180023\frame_005\ป้อมปราบศัตรูพ่าย.png,5,ป้อมปราบศัตรูพ่าย,0.0,0.0,0,ไม่มีฝน,0
cropped_districts_by_frame/central/20260525_020000\frame_008\ลาดพร้าว.png,8,ลาดพร้าว,0.0,0.0,0,ไม่มีฝน,0
cropped_districts_by_frame/central/20260312_060001\frame_002\ภาษีเจริญ.png,2,ภาษีเจริญ,0.0,0.0,0,ไม่มีฝน,0
cropped_districts_by_frame/north/20260514_000023\frame_004\ลาดกระบัง.png,4,ลาดกระบัง,0.0,0.0,0,ไม่มีฝน,0
cropped_districts_by_frame/north/20260510_010023\frame_006\ทุ่งครุ.png,6,ทุ่งครุ,0.0,0.0,0,ไม่มีฝน,0
cropped_districts_by_frame/north/20260510_030023\frame_009\หนองจอก.png,9,หนองจอก,0.0,0.0,0,ไม่มีฝน,0
cropped_districts_by_frame/north/20260509_010028\frame_009\บางพลัด.png,9,บางพลัด,0.0,0.0,0,ไม่มีฝน,0
cropped_districts_by_frame/central/20260523_010000\frame_008\บางนา.png,8,บางนา,0.0,0.0,0,ไม่มีฝน,0
cropped_districts_by_frame/central/20260523_110002\frame_007\สัมพันธวงศ์.png,7,สัมพันธวงศ์,0.0,0.0,0,ไม่มีฝน,0
cropped_districts_by_frame/north/20260227_000023\frame_005\สะพานสูง.png,5,สะพานสูง,0.0,0.0,0,ไม่มีฝน,0
cropped_districts_by_frame/north/20260520_200023\frame_004\ห้วยขวาง.png,4,ห้วยขวาง,0.0,0.0,0,ไม่มีฝน,0
cropped_districts_by_frame/central/20260504_160000\frame_006\บางซื่อ.png,6,บางซื่อ,0.0,0.0,0,ไม่มีฝน,0
cropped_districts_by_frame/north/20260513_230023\frame_006\ดุสิต.png,6,ดุสิต,0.0,0.0,0,ไม่มีฝน,0
cropped_districts_by_frame/central/20260314_000000\frame_004\ราษฎร์บูรณะ.png,4,ราษฎร์บูรณะ,0.0,0.0,0,ไม่มีฝน,0
cropped_districts_by_frame/central/20260430_120001\frame_007\บางพลัด.png,7,บางพลัด,0.0,0.0,0,ไม่มีฝน,0
cropped_districts_by_frame/central/20260508_190000\frame_004\ยานนาวา.png,4,ยานนาวา,0.0,0.0,0,ไม่มีฝน,0
cropped_districts_by_frame/central/20260525_020000\frame_004\หนองแขม.png,4,หนองแขม,0.0,0.0,0,ไม่มีฝน,0
cropped_districts_by_frame/central/20260508_200003\frame_010\ดินแดง.png,10,ดินแดง,0.0,0.0,0,ไม่มีฝน,0
cropped_districts_by_frame/central/20260523_020000\frame_011\หนองแขม.png,11,หนองแขม,0.0,0.0,0,ไม่มีฝน,0
cropped_districts_by_frame/central/20260501_150000\frame_007\สาทร.png,7,สาทร,0.0,0.0,0,ไม่มีฝน,0
cropped_districts_by_frame/central/20260430_120001\frame_002\ดุสิต.png,2,ดุสิต,0.0,0.0,0,ไม่มีฝน,0
cropped_districts_by_frame/central/20260505_020000\frame_002\บางคอแหลม.png,2,บางคอแหลม,0.0,0.0,0,ไม่มีฝน,0
cropped_districts_by_frame/central/20260505_010001\frame_001\วังทองหลาง.png,1,วังทองหลาง,0.0,0.0,0,ไม่มีฝน,0
cropped_districts_by_frame/north/20260508_170022\frame_011\สัมพันธวงศ์.png,11,สัมพันธวงศ์,0.0,0.0,0,ไม่มีฝน,0
cropped_districts_by_frame/north/20260505_030024\frame_001\บางเขน.png,1,บางเขน,0.0,0.0,0,ไม่มีฝน,0
cropped_districts_by_frame/central/20260314_000000\frame_007\พระโขนง.png,7,พระโขนง,0.0,0.0,0,ไม่มีฝน,0
cropped_districts_by_frame/central/20260218_130000\frame_003\วังทองหลาง.png,3,วังทองหลาง,0.0,0.0,0,ไม่มีฝน,0
cropped_districts_by_frame/central/20260501_150000\frame_010\ลาดพร้าว.png,10,ลาดพร้าว,0.0,0.0,0,ไม่มีฝน,0
cropped_districts_by_frame/central/20260520_100004\frame_007\ห้วยขวาง.png,7,ห้วยขวาง,0.0,0.0,0,ไม่มีฝน,0
cropped_districts_by_frame/central/20260504_180001\frame_002\บางคอแหลม.png,2,บางคอแหลม,0.0,0.0,0,ไม่มีฝน,0
cropped_districts_by_frame/central/20260505_050001\frame_007\ดอนเมือง.png,7,ดอนเมือง,0.0,0.0,0,ไม่มีฝน,0
cropped_districts_by_frame/central/20260525_020000\frame_007\คันนายาว.png,7,คันนายาว,0.0,0.0,0,ไม่มีฝน,0
cropped_districts_by_frame/north/20260227_150023\frame_008\บางกอกใหญ่.png,8,บางกอกใหญ่,0.0,0.0,0,ไม่มีฝน,0
cropped_districts_by_frame/central/20260508_220002\frame_004\พระโขนง.png,4,พระโขนง,0.0,0.0,0,ไม่มีฝน,0
cropped_districts_by_frame/north/20260226_190023\frame_002\ดุสิต.png,2,ดุสิต,0.0,0.0,0,ไม่มีฝน,0
cropped_districts_by_frame/central/20260226_210001\frame_001\คลองสามวา.png,1,คลองสามวา,0.0,0.0,0,ไม่มีฝน,0
cropped_districts_by_frame/central/20260222_220005\frame_004\บางขุนเทียน.png,4,บางขุนเทียน,0.0,0.0,0,ไม่มีฝน,0
cropped_districts_by_frame/north/20260226_210023\frame_002\ป้อมปราบศัตรูพ่าย.png,2,ป้อมปราบศัตรูพ่าย,0.0,0.0,0,ไม่มีฝน,0
cropped_districts_by_frame/north/20260226_180022\frame_007\ประเวศ.png,7,ประเวศ,0.0,0.0,0,ไม่มีฝน,0
cropped_districts_by_frame/north/20260507_180025\frame_001\สัมพันธวงศ์.png,1,สัมพันธวงศ์,0.0,0.0,0,ไม่มีฝน,0
cropped_districts_by_frame/central/20260316_160000\frame_009\บางกอกใหญ่.png,9,บางกอกใหญ่,0.0,0.0,0,ไม่มีฝน,0
cropped_districts_by_frame/north/20260520_100027\frame_008\คลองสาน.png,8,คลองสาน,0.0,0.0,0,ไม่มีฝน,0
cropped_districts_by_frame/north/20260314_010024\frame_007\บึงกุ่ม.png,7,บึงกุ่ม,0.0,0.0,0,ไม่มีฝน,0
cropped_districts_by_frame/central/20260523_110002\frame_000\หนองจอก.png,0,หนองจอก,0.0,0.0,0,ไม่มีฝน,0
cropped_districts_by_frame/central/20260508_190000\frame_000\พระโขนง.png,0,พระโขนง,0.0,0.0,0,ไม่มีฝน,0
cropped_districts_by_frame/central/20260520_090001\frame_009\บึงกุ่ม.png,9,บึงกุ่ม,0.0,0.0,0,ไม่มีฝน,0
cropped_districts_by_frame/central/20260520_100004\frame_009\ป้อมปราบศัตรูพ่าย.png,9,ป้อมปราบศัตรูพ่าย,0.0,0.0,0,ไม่มีฝน,0
cropped_districts_by_frame/central/20260520_230003\frame_011\หนองจอก.png,11,หนองจอก,0.0,0.0,0,ไม่มีฝน,0
cropped_districts_by_frame/central/20260523_030002\frame_009\พระโขนง.png,9,พระโขนง,0.0,0.0,0,ไม่มีฝน,0
cropped_districts_by_frame/central/20260314_000000\frame_005\พระนคร.png,5,พระนคร,0.0,0.0,0,ไม่มีฝน,0
cropped_districts_by_frame/north/20260502_070026\frame_007\ราชเทวี.png,7,ราชเทวี,0.0,0.0,0,ไม่มีฝน,0
cropped_districts_by_frame/central/20260218_130000\frame_004\ดอนเมือง.png,4,ดอนเมือง,0.0,0.0,0,ไม่มีฝน,0
cropped_districts_by_frame/central/20260519_210001\frame_010\ธนบุรี.png,10,ธนบุรี,0.0,0.0,0,ไม่มีฝน,0
cropped_districts_by_frame/north/20260227_150023\frame_009\ปทุมวัน.png,9,ปทุมวัน,0.0,0.0,0,ไม่มีฝน,0
cropped_districts_by_frame/central/20260316_160000\frame_000\บางกอกน้อย.png,0,บางกอกน้อย,0.0,0.0,0,ไม่มีฝน,0
cropped_districts_by_frame/central/20260520_090001\frame_010\สัมพันธวงศ์.png,10,สัมพันธวงศ์,0.0,0.0,0,ไม่มีฝน,0
cropped_districts_by_frame/north/20260314_010024\frame_000\สัมพันธวงศ์.png,0,สัมพันธวงศ์,0.0,0.0,0,ไม่มีฝน,0
cropped_districts_by_frame/central/20260520_090001\frame_001\ดอนเมือง.png,1,ดอนเมือง,0.0,0.0,0,ไม่มีฝน,0
cropped_districts_by_frame/north/20260312_090023\frame_001\บางคอแหลม.png,1,บางคอแหลม,0.0,0.0,0,ไม่มีฝน,0
cropped_districts_by_frame/north/20260226_230022\frame_004\ทุ่งครุ.png,4,ทุ่งครุ,0.0,0.0,0,ไม่มีฝน,0
cropped_districts_by_frame/central/20260523_110002\frame_011\บางพลัด.png,11,บางพลัด,0.0,0.0,0,ไม่มีฝน,0
cropped_districts_by_frame/north/20260513_230023\frame_006\บางรัก.png,6,บางรัก,0.0,0.0,0,ไม่มีฝน,0
cropped_districts_by_frame/central/20260527_020002\frame_008\สัมพันธวงศ์.png,8,สัมพันธวงศ์,0.0,0.0,0,ไม่มีฝน,0
cropped_districts_by_frame/central/20260519_210001\frame_005\บางกอกน้อย.png,5,บางกอกน้อย,0.0,0.0,0,ไม่มีฝน,0
cropped_districts_by_frame/north/20260508_200025\frame_005\ปทุมวัน.png,5,ปทุมวัน,0.0,0.0,0,ไม่มีฝน,0
cropped_districts_by_frame/central/20260527_030000\frame_000\บางขุนเทียน.png,0,บางขุนเทียน,0.0,0.0,0,ไม่มีฝน,0
cropped_districts_by_frame/north/20260504_160022\frame_001\พระนคร.png,1,พระนคร,0.0,0.0,0,ไม่มีฝน,0
cropped_districts_by_frame/central/20260523_030002\frame_007\วังทองหลาง.png,7,วังทองหลาง,0.0,0.0,0,ไม่มีฝน,0
cropped_districts_by_frame/central/20260316_160000\frame_007\พระโขนง.png,7,พระโขนง,0.0,0.0,0,ไม่มีฝน,0
cropped_districts_by_frame/north/20260426_160026\frame_001\บางกอกน้อย.png,1,บางกอกน้อย,0.0,0.0,0,ไม่มีฝน,0
cropped_districts_by_frame/north/20260508_230023\frame_007\ดินแดง.png,7,ดินแดง,0.0,0.0,0,ไม่มีฝน,0
cropped_districts_by_frame/north/20260226_210023\frame_003\สายไหม.png,3,สายไหม,0.0,0.0,0,ไม่มีฝน,0
cropped_districts_by_frame/north/20260505_040026\frame_008\วังทองหลาง.png,8,วังทองหลาง,0.0,0.0,0,ไม่มีฝน,0
cropped_districts_by_frame/central/20260523_120002\frame_007\ราษฎร์บูรณะ.png,7,ราษฎร์บูรณะ,0.0,0.0,0,ไม่มีฝน,0
cropped_districts_by_frame/north/20260312_120023\frame_006\บางขุนเทียน.png,6,บางขุนเทียน,0.0,0.0,0,ไม่มีฝน,0
cropped_districts_by_frame/central/20260525_010000\frame_009\ลาดกระบัง.png,9,ลาดกระบัง,0.0,0.0,0,ไม่มีฝน,0
cropped_districts_by_frame/north/20260508_230023\frame_003\ลาดกระบัง.png,3,ลาดกระบัง,0.0,0.0,0,ไม่มีฝน,0
cropped_districts_by_frame/north/20260508_200025\frame_000\คันนายาว.png,0,คันนายาว,0.0,0.0,0,ไม่มีฝน,0
cropped_districts_by_frame/central/20260525_000000\frame_008\พระโขนง.png,8,พระโขนง,0.0,0.0,0,ไม่มีฝน,0
cropped_districts_by_frame/north/20260508_180027\frame_008\คลองเตย.png,8,คลองเตย,0.0,0.0,0,ไม่มีฝน,0
cropped_districts_by_frame/central/20260523_050000\frame_000\วังทองหลาง.png,0,วังทองหลาง,0.0,0.0,0,ไม่มีฝน,0
cropped_districts_by_frame/north/20260510_010023\frame_009\ลาดพร้าว.png,9,ลาดพร้าว,0.0,0.0,0,ไม่มีฝน,0
cropped_districts_by_frame/central/20260525_030000\frame_003\บางกะปิ.png,3,บางกะปิ,0.0,0.0,0,ไม่มีฝน,0
cropped_districts_by_frame/central/20260430_130000\frame_001\บางรัก.png,1,บางรัก,0.0,0.0,0,ไม่มีฝน,0
cropped_districts_by_frame/north/20260520_180026\frame_011\ลาดกระบัง.png,11,ลาดกระบัง,0.0,0.0,0,ไม่มีฝน,0
cropped_districts_by_frame/central/20260505_040003\frame_003\คันนายาว.png,3,คันนายาว,0.0,0.0,0,ไม่มีฝน,0
cropped_districts_by_frame/north/20260226_210023\frame_009\สะพานสูง.png,9,สะพานสูง,0.0,0.0,0,ไม่มีฝน,0
cropped_districts_by_frame/central/20260505_020000\frame_006\บึงกุ่ม.png,6,บึงกุ่ม,0.0,0.0,0,ไม่มีฝน,0
cropped_districts_by_frame/north/20260509_010028\frame_006\วังทองหลาง.png,6,วังทองหลาง,0.0,0.0,0,ไม่มีฝน,0
cropped_districts_by_frame/central/20260222_220005\frame_003\ลาดพร้าว.png,3,ลาดพร้าว,0.0,0.0,0,ไม่มีฝน,0
cropped_districts_by_frame/central/20260520_090001\frame_008\บางนา.png,8,บางนา,0.0,0.0,0,ไม่มีฝน,0
cropped_districts_by_frame/north/20260520_190023\frame_010\สวนหลวง.png,10,สวนหลวง,0.0,0.0,0,ไม่มีฝน,0
cropped_districts_by_frame/north/20260508_200025\frame_010\พระนคร.png,10,พระนคร,0.0,0.0,0,ไม่มีฝน,0
cropped_districts_by_frame/north/20260227_160023\frame_003\พระโขนง.png,3,พระโขนง,0.0,0.0,0,ไม่มีฝน,0
cropped_districts_by_frame/central/20260430_120001\frame_008\สาทร.png,8,สาทร,0.0,0.0,0,ไม่มีฝน,0
cropped_districts_by_frame/north/20260508_220024\frame_005\จอมทอง.png,5,จอมทอง,0.0,0.0,0,ไม่มีฝน,0
cropped_districts_by_frame/central/20260519_210001\frame_003\คลองสาน.png,3,คลองสาน,0.0,0.0,0,ไม่มีฝน,0
cropped_districts_by_frame/central/20260505_030001\frame_009\พระนคร.png,9,พระนคร,0.0,0.0,0,ไม่มีฝน,0
cropped_districts_by_frame/central/20260430_120001\frame_002\หนองจอก.png,2,หนองจอก,0.0,0.0,0,ไม่มีฝน,0
cropped_districts_by_frame/north/20260226_210023\frame_000\ดินแดง.png,0,ดินแดง,0.0,0.0,0,ไม่มีฝน,0
cropped_districts_by_frame/north/20260508_200025\frame_007\วัฒนา.png,7,วัฒนา,0.0,0.0,0,ไม่มีฝน,0
cropped_districts_by_frame/north/20260510_040027\frame_007\หลักสี่.png,7,หลักสี่,0.0,0.0,0,ไม่มีฝน,0
cropped_districts_by_frame/north/20260509_010028\frame_004\พระโขนง.png,4,พระโขนง,0.0,0.0,0,ไม่มีฝน,0
cropped_districts_by_frame/central/20260523_050000\frame_002\ลาดพร้าว.png,2,ลาดพร้าว,0.0,0.0,0,ไม่มีฝน,0
cropped_districts_by_frame/north/20260508_230023\frame_008\บางบอน.png,8,บางบอน,0.0,0.0,0,ไม่มีฝน,0
cropped_districts_by_frame/north/20260517_210023\frame_007\บึงกุ่ม.png,7,บึงกุ่ม,0.0,0.0,0,ไม่มีฝน,0
cropped_districts_by_frame/north/20260508_180027\frame_008\บางคอแหลม.png,8,บางคอแหลม,0.0,0.0,0,ไม่มีฝน,0
cropped_districts_by_frame/north/20260502_070026\frame_004\จตุจักร.png,4,จตุจักร,0.0,0.0,0,ไม่มีฝน,0
cropped_districts_by_frame/north/20260514_000023\frame_006\พญาไท.png,6,พญาไท,0.0,0.0,0,ไม่มีฝน,0
cropped_districts_by_frame/central/20260218_093052\frame_004\บางบอน.png,4,บางบอน,0.0,0.0,0,ไม่มีฝน,0
cropped_districts_by_frame/north/20260510_040027\frame_009\คลองสาน.png,9,คลองสาน,0.0,0.0,0,ไม่มีฝน,0
cropped_districts_by_frame/north/20260508_170022\frame_007\สาทร.png,7,สาทร,0.0,0.0,0,ไม่มีฝน,0
cropped_districts_by_frame/central/20260312_080000\frame_005\คลองเตย.png,5,คลองเตย,0.0,0.0,0,ไม่มีฝน,0
cropped_districts_by_frame/north/20260226_170024\frame_001\คันนายาว.png,1,คันนายาว,0.0,0.0,0,ไม่มีฝน,0
cropped_districts_by_frame/north/20260509_000025\frame_006\คลองสาน.png,6,คลองสาน,0.0,0.0,0,ไม่มีฝน,0
cropped_districts_by_frame/central/20260522_120000\frame_011\บางกอกน้อย.png,11,บางกอกน้อย,0.0,0.0,0,ไม่มีฝน,0
cropped_districts_by_frame/north/20260520_180026\frame_007\บึงกุ่ม.png,7,บึงกุ่ม,0.0,0.0,0,ไม่มีฝน,0
cropped_districts_by_frame/central/20260218_120002\frame_009\ตลิ่งชัน.png,9,ตลิ่งชัน,0.0,0.0,0,ไม่มีฝน,0
cropped_districts_by_frame/north/20260227_160023\frame_009\ทวีวัฒนา.png,9,ทวีวัฒนา,0.0,0.0,0,ไม่มีฝน,0
cropped_districts_by_frame/north/20260508_230023\frame_002\พญาไท.png,2,พญาไท,0.0,0.0,0,ไม่มีฝน,0
cropped_districts_by_frame/central/20260504_190001\frame_006\ปทุมวัน.png,6,ปทุมวัน,0.0,0.0,0,ไม่มีฝน,0
cropped_districts_by_frame/north/20260510_020023\frame_011\ราชเทวี.png,11,ราชเทวี,0.0,0.0,0,ไม่มีฝน,0
cropped_districts_by_frame/central/20260514_040003\frame_003\ราชเทวี.png,3,ราชเทวี,0.0,0.0,0,ไม่มีฝน,0
cropped_districts_by_frame/central/20260312_070000\frame_008\สายไหม.png,8,สายไหม,0.0,0.0,0,ไม่มีฝน,0
cropped_districts_by_frame/north/20260520_090023\frame_007\ดอนเมือง.png,7,ดอนเมือง,0.0,0.0,0,ไม่มีฝน,0
cropped_districts_by_frame/north/20260514_040026\frame_010\บางบอน.png,10,บางบอน,0.0,0.0,0,ไม่มีฝน,0
cropped_districts_by_frame/central/20260425_190002\frame_007\ดุสิต.png,7,ดุสิต,0.0,0.0,0,ไม่มีฝน,0
cropped_districts_by_frame/north/20260514_020029\frame_006\ป้อมปราบศัตรูพ่าย.png,6,ป้อมปราบศัตรูพ่าย,0.0,0.0,0,ไม่มีฝน,0
cropped_districts_by_frame/north/20260501_020027\frame_011\บางขุนเทียน.png,11,บางขุนเทียน,0.0,0.0,0,ไม่มีฝน,0
cropped_districts_by_frame/north/20260312_110024\frame_009\พระนคร.png,9,พระนคร,0.0,0.0,0,ไม่มีฝน,0
cropped_districts_by_frame/central/20260522_120000\frame_004\สวนหลวง.png,4,สวนหลวง,0.0,0.0,0,ไม่มีฝน,0
cropped_districts_by_frame/north/20260510_040027\frame_009\ตลิ่งชัน.png,9,ตลิ่งชัน,0.0,0.0,0,ไม่มีฝน,0
cropped_districts_by_frame/north/20260226_230022\frame_000\ดินแดง.png,0,ดินแดง,0.0,0.0,0,ไม่มีฝน,0
cropped_districts_by_frame/north/20260514_010023\frame_002\บางกะปิ.png,2,บางกะปิ,0.0,0.0,0,ไม่มีฝน,0
cropped_districts_by_frame/central/20260514_020006\frame_006\หนองแขม.png,6,หนองแขม,0.0,0.0,0,ไม่มีฝน,0
cropped_districts_by_frame/central/20260228_070000\frame_006\บางนา.png,6,บางนา,0.0,0.0,0,ไม่มีฝน,0
cropped_districts_by_frame/north/20260508_230023\frame_000\บางนา.png,0,บางนา,0.0,0.0,0,ไม่มีฝน,0
cropped_districts_by_frame/north/20260227_150023\frame_003\หลักสี่.png,3,หลักสี่,0.0,0.0,0,ไม่มีฝน,0
cropped_districts_by_frame/north/20260312_120023\frame_004\ห้วยขวาง.png,4,ห้วยขวาง,0.0,0.0,0,ไม่มีฝน,0
cropped_districts_by_frame/north/20260505_040026\frame_007\ทวีวัฒนา.png,7,ทวีวัฒนา,0.0,0.0,0,ไม่มีฝน,0
cropped_districts_by_frame/central/20260523_100002\frame_010\คลองเตย.png,10,คลองเตย,0.0,0.0,0,ไม่มีฝน,0
cropped_districts_by_frame/central/20260524_060000\frame_002\สะพานสูง.png,2,สะพานสูง,0.0,0.0,0,ไม่มีฝน,0
cropped_districts_by_frame/central/20260524_040006\frame_005\วังทองหลาง.png,5,วังทองหลาง,0.0,0.0,0,ไม่มีฝน,0
cropped_districts_by_frame/north/20260520_220024\frame_005\สาทร.png,5,สาทร,0.0,0.0,0,ไม่มีฝน,0
cropped_districts_by_frame/central/20260524_040006\frame_001\พระนคร.png,1,พระนคร,0.0,0.0,0,ไม่มีฝน,0
cropped_districts_by_frame/central/20260526_190003\frame_005\บางกอกใหญ่.png,5,บางกอกใหญ่,0.0,0.0,0,ไม่มีฝน,0
cropped_districts_by_frame/central/20260505_050001\frame_003\ดินแดง.png,3,ดินแดง,0.0,0.0,0,ไม่มีฝน,0
cropped_districts_by_frame/north/20260520_190023\frame_011\ลาดพร้าว.png,11,ลาดพร้าว,0.0,0.0,0,ไม่มีฝน,0
cropped_districts_by_frame/north/20260312_080023\frame_003\ทวีวัฒนา.png,3,ทวีวัฒนา,0.0,0.0,0,ไม่มีฝน,0
cropped_districts_by_frame/central/20260218_130000\frame_001\บางนา.png,1,บางนา,0.0,0.0,0,ไม่มีฝน,0
cropped_districts_by_frame/north/20260520_190023\frame_001\ยานนาวา.png,1,ยานนาวา,0.0,0.0,0,ไม่มีฝน,0
cropped_districts_by_frame/north/20260507_180025\frame_003\ดุสิต.png,3,ดุสิต,0.0,0.0,0,ไม่มีฝน,0
cropped_districts_by_frame/central/20260504_190001\frame_009\บางพลัด.png,9,บางพลัด,0.0,0.0,0,ไม่มีฝน,0
cropped_districts_by_frame/central/20260317_140002\frame_002\ป้อมปราบศัตรูพ่าย.png,2,ป้อมปราบศัตรูพ่าย,0.0,0.0,0,ไม่มีฝน,0
cropped_districts_by_frame/north/20260508_210022\frame_009\บางแค.png,9,บางแค,0.0,0.0,0,ไม่มีฝน,0
cropped_districts_by_frame/central/20260505_050001\frame_003\ลาดพร้าว.png,3,ลาดพร้าว,0.0,0.0,0,ไม่มีฝน,0
cropped_districts_by_frame/central/20260316_160000\frame_006\ลาดพร้าว.png,6,ลาดพร้าว,0.0,0.0,0,ไม่มีฝน,0
cropped_districts_by_frame/central/20260505_050001\frame_010\ดุสิต.png,10,ดุสิต,0.0,0.0,0,ไม่มีฝน,0
cropped_districts_by_frame/central/20260218_093052\frame_003\ประเวศ.png,3,ประเวศ,0.0,0.0,0,ไม่มีฝน,0
cropped_districts_by_frame/central/20260226_220000\frame_010\ประเวศ.png,10,ประเวศ,0.0,0.0,0,ไม่มีฝน,0
cropped_districts_by_frame/central/20260523_110002\frame_002\วัฒนา.png,2,วัฒนา,0.0,0.0,0,ไม่มีฝน,0
cropped_districts_by_frame/central/20260523_100002\frame_007\ปทุมวัน.png,7,ปทุมวัน,0.0,0.0,0,ไม่มีฝน,0
cropped_districts_by_frame/north/20260314_000024\frame_010\ดุสิต.png,10,ดุสิต,0.0,0.0,0,ไม่มีฝน,0
cropped_districts_by_frame/central/20260525_020000\frame_008\สาทร.png,8,สาทร,0.0,0.0,0,ไม่มีฝน,0
cropped_districts_by_frame/north/20260520_170023\frame_000\บางขุนเทียน.png,0,บางขุนเทียน,0.0,0.0,0,ไม่มีฝน,0
cropped_districts_by_frame/north/20260508_190023\frame_003\ป้อมปราบศัตรูพ่าย.png,3,ป้อมปราบศัตรูพ่าย,0.0,0.0,0,ไม่มีฝน,0
cropped_districts_by_frame/north/20260226_190023\frame_010\วังทองหลาง.png,10,วังทองหลาง,0.0,0.0,0,ไม่มีฝน,0
cropped_districts_by_frame/central/20260527_020002\frame_005\บางรัก.png,5,บางรัก,0.0,0.0,0,ไม่มีฝน,0
cropped_districts_by_frame/central/20260425_190002\frame_005\คลองสามวา.png,5,คลองสามวา,0.0,0.0,0,ไม่มีฝน,0
cropped_districts_by_frame/central/20260520_200001\frame_011\ประเวศ.png,11,ประเวศ,0.0,0.0,0,ไม่มีฝน,0
cropped_districts_by_frame/north/20260505_050024\frame_006\ป้อมปราบศัตรูพ่าย.png,6,ป้อมปราบศัตรูพ่าย,0.0,0.0,0,ไม่มีฝน,0
cropped_districts_by_frame/central/20260505_000001\frame_011\พระนคร.png,11,พระนคร,0.0,0.0,0,ไม่มีฝน,0
cropped_districts_by_frame/central/20260527_030000\frame_003\พระโขนง.png,3,พระโขนง,0.0,0.0,0,ไม่มีฝน,0
cropped_districts_by_frame/central/20260523_060001\frame_007\ดินแดง.png,7,ดินแดง,0.0,0.0,0,ไม่มีฝน,0
cropped_districts_by_frame/central/20260218_130000\frame_003\บางกอกน้อย.png,3,บางกอกน้อย,0.0,0.0,0,ไม่มีฝน,0
cropped_districts_by_frame/north/20260510_030023\frame_011\ภาษีเจริญ.png,11,ภาษีเจริญ,0.0,0.0,0,ไม่มีฝน,0
cropped_districts_by_frame/north/20260505_030024\frame_001\ธนบุรี.png,1,ธนบุรี,0.0,0.0,0,ไม่มีฝน,0
cropped_districts_by_frame/central/20260227_010001\frame_002\ลาดกระบัง.png,2,ลาดกระบัง,0.0,0.0,0,ไม่มีฝน,0
cropped_districts_by_frame/north/20260514_020029\frame_007\คลองสาน.png,7,คลองสาน,0.0,0.0,0,ไม่มีฝน,0
cropped_districts_by_frame/north/20260514_020029\frame_010\คลองสามวา.png,10,คลองสามวา,0.0,0.0,0,ไม่มีฝน,0
cropped_districts_by_frame/central/20260523_010000\frame_009\ลาดกระบัง.png,9,ลาดกระบัง,0.0,0.0,0,ไม่มีฝน,0
cropped_districts_by_frame/north/20260504_220025\frame_002\ยานนาวา.png,2,ยานนาวา,0.0,0.0,0,ไม่มีฝน,0
cropped_districts_by_frame/north/20260507_200023\frame_002\พระโขนง.png,2,พระโขนง,0.0,0.0,0,ไม่มีฝน,0
cropped_districts_by_frame/north/20260226_220022\frame_002\ราชเทวี.png,2,ราชเทวี,0.0,0.0,0,ไม่มีฝน,0
cropped_districts_by_frame/north/20260226_180022\frame_011\คลองสามวา.png,11,คลองสามวา,0.0,0.0,0,ไม่มีฝน,0
cropped_districts_by_frame/central/20260514_020006\frame_007\บางกอกน้อย.png,7,บางกอกน้อย,0.0,0.0,0,ไม่มีฝน,0
cropped_districts_by_frame/central/20260222_220005\frame_007\พระโขนง.png,7,พระโขนง,0.0,0.0,0,ไม่มีฝน,0
cropped_districts_by_frame/north/20260227_150023\frame_000\บางบอน.png,0,บางบอน,0.0,0.0,0,ไม่มีฝน,0
cropped_districts_by_frame/central/20260508_220002\frame_010\บางแค.png,10,บางแค,0.0,0.0,0,ไม่มีฝน,0
cropped_districts_by_frame/central/20260430_120001\frame_005\ราษฎร์บูรณะ.png,5,ราษฎร์บูรณะ,0.0,0.0,0,ไม่มีฝน,0
cropped_districts_by_frame/central/20260525_020000\frame_005\ป้อมปราบศัตรูพ่าย.png,5,ป้อมปราบศัตรูพ่าย,0.0,0.0,0,ไม่มีฝน,0
cropped_districts_by_frame/central/20260218_120002\frame_004\บางกอกน้อย.png,4,บางกอกน้อย,0.0,0.0,0,ไม่มีฝน,0
cropped_districts_by_frame/central/20260519_210001\frame_007\ราชเทวี.png,7,ราชเทวี,0.0,0.0,0,ไม่มีฝน,0
cropped_districts_by_frame/north/20260517_210023\frame_001\บางกอกใหญ่.png,1,บางกอกใหญ่,0.0,0.0,0,ไม่มีฝน,0
cropped_districts_by_frame/north/20260520_220024\frame_006\จอมทอง.png,6,จอมทอง,0.0,0.0,0,ไม่มีฝน,0
cropped_districts_by_frame/north/20260508_180027\frame_004\หนองแขม.png,4,หนองแขม,0.0,0.0,0,ไม่มีฝน,0
cropped_districts_by_frame/north/20260226_220022\frame_008\คลองเตย.png,8,คลองเตย,0.0,0.0,0,ไม่มีฝน,0
cropped_districts_by_frame/north/20260227_150023\frame_010\บางเขน.png,10,บางเขน,0.0,0.0,0,ไม่มีฝน,0
cropped_districts_by_frame/central/20260508_190000\frame_008\ยานนาวา.png,8,ยานนาวา,0.0,0.0,0,ไม่มีฝน,0
cropped_districts_by_frame/north/20260513_230023\frame_000\ห้วยขวาง.png,0,ห้วยขวาง,0.0,0.0,0,ไม่มีฝน,0
cropped_districts_by_frame/central/20260508_200003\frame_008\บางพลัด.png,8,บางพลัด,0.0,0.0,0,ไม่มีฝน,0
cropped_districts_by_frame/north/20260508_170022\frame_000\ป้อมปราบศัตรูพ่าย.png,0,ป้อมปราบศัตรูพ่าย,0.0,0.0,0,ไม่มีฝน,0
cropped_districts_by_frame/central/20260430_120001\frame_010\ธนบุรี.png,10,ธนบุรี,0.0,0.0,0,ไม่มีฝน,0
cropped_districts_by_frame/central/20260508_220002\frame_006\ดุสิต.png,6,ดุสิต,0.0,0.0,0,ไม่มีฝน,0
cropped_districts_by_frame/north/20260509_010028\frame_009\บางบอน.png,9,บางบอน,0.0,0.0,0,ไม่มีฝน,0
cropped_districts_by_frame/central/20260523_120002\frame_011\สวนหลวง.png,11,สวนหลวง,0.0,0.0,0,ไม่มีฝน,0
cropped_districts_by_frame/central/20260505_020000\frame_010\ลาดพร้าว.png,10,ลาดพร้าว,0.0,0.0,0,ไม่มีฝน,0
cropped_districts_by_frame/central/20260314_000000\frame_007\คลองเตย.png,7,คลองเตย,0.0,0.0,0,ไม่มีฝน,0
cropped_districts_by_frame/north/20260504_220025\frame_007\บางกอกใหญ่.png,7,บางกอกใหญ่,0.0,0.0,0,ไม่มีฝน,0
cropped_districts_by_frame/north/20260426_160026\frame_000\ตลิ่งชัน.png,0,ตลิ่งชัน,0.0,0.0,0,ไม่มีฝน,0
cropped_districts_by_frame/north/20260520_100027\frame_003\คลองสามวา.png,3,คลองสามวา,0.0,0.0,0,ไม่มีฝน,0
cropped_districts_by_frame/central/20260218_093052\frame_002\บางแค.png,2,บางแค,0.0,0.0,0,ไม่มีฝน,0
cropped_districts_by_frame/central/20260519_200001\frame_006\บางกะปิ.png,6,บางกะปิ,0.0,0.0,0,ไม่มีฝน,0
cropped_districts_by_frame/north/20260517_200025\frame_006\ลาดพร้าว.png,6,ลาดพร้าว,0.0,0.0,0,ไม่มีฝน,0
cropped_districts_by_frame/central/20260527_030000\frame_011\คันนายาว.png,11,คันนายาว,0.0,0.0,0,ไม่มีฝน,0
cropped_districts_by_frame/central/20260314_000000\frame_011\บางเขน.png,11,บางเขน,0.0,0.0,0,ไม่มีฝน,0
cropped_districts_by_frame/central/20260430_130000\frame_011\วัฒนา.png,11,วัฒนา,0.0,0.0,0,ไม่มีฝน,0
cropped_districts_by_frame/north/20260514_040026\frame_003\บางขุนเทียน.png,3,บางขุนเทียน,0.0,0.0,0,ไม่มีฝน,0
cropped_districts_by_frame/north/20260502_070026\frame_008\จตุจักร.png,8,จตุจักร,0.0,0.0,0,ไม่มีฝน,0
cropped_districts_by_frame/north/20260507_200023\frame_001\บางซื่อ.png,1,บางซื่อ,0.0,0.0,0,ไม่มีฝน,0
cropped_districts_by_frame/central/20260514_010000\frame_008\หลักสี่.png,8,หลักสี่,0.0,0.0,0,ไม่มีฝน,0
cropped_districts_by_frame/north/20260509_000025\frame_010\ทุ่งครุ.png,10,ทุ่งครุ,0.0,0.0,0,ไม่มีฝน,0
cropped_districts_by_frame/north/20260226_230022\frame_010\ทวีวัฒนา.png,10,ทวีวัฒนา,0.0,0.0,0,ไม่มีฝน,0
cropped_districts_by_frame/north/20260517_210023\frame_005\ดุสิต.png,5,ดุสิต,0.0,0.0,0,ไม่มีฝน,0
cropped_districts_by_frame/central/20260508_220002\frame_000\สวนหลวง.png,0,สวนหลวง,0.0,0.0,0,ไม่มีฝน,0
cropped_districts_by_frame/north/20260505_040026\frame_009\พระโขนง.png,9,พระโขนง,0.0,0.0,0,ไม่มีฝน,0
cropped_districts_by_frame/north/20260507_200023\frame_010\ทวีวัฒนา.png,10,ทวีวัฒนา,0.0,0.0,0,ไม่มีฝน,0
cropped_districts_by_frame/central/20260525_020000\frame_001\ราษฎร์บูรณะ.png,1,ราษฎร์บูรณะ,0.0,0.0,0,ไม่มีฝน,0
cropped_districts_by_frame/central/20260526_190003\frame_006\พญาไท.png,6,พญาไท,0.0,0.0,0,ไม่มีฝน,0
cropped_districts_by_frame/central/20260508_200003\frame_004\ภาษีเจริญ.png,4,ภาษีเจริญ,0.0,0.0,0,ไม่มีฝน,0
cropped_districts_by_frame/central/20260514_010000\frame_000\บางพลัด.png,0,บางพลัด,0.0,0.0,0,ไม่มีฝน,0
cropped_districts_by_frame/north/20260312_080023\frame_009\หนองจอก.png,9,หนองจอก,0.0,0.0,0,ไม่มีฝน,0
cropped_districts_by_frame/north/20260504_190024\frame_008\คันนายาว.png,8,คันนายาว,0.0,0.0,0,ไม่มีฝน,0
cropped_districts_by_frame/north/20260507_180025\frame_001\ปทุมวัน.png,1,ปทุมวัน,0.0,0.0,0,ไม่มีฝน,0
cropped_districts_by_frame/central/20260523_010000\frame_009\สัมพันธวงศ์.png,9,สัมพันธวงศ์,0.0,0.0,0,ไม่มีฝน,0
cropped_districts_by_frame/central/20260520_090001\frame_009\คันนายาว.png,9,คันนายาว,0.0,0.0,0,ไม่มีฝน,0
cropped_districts_by_frame/central/20260508_220002\frame_001\บางบอน.png,1,บางบอน,0.0,0.0,0,ไม่มีฝน,0
cropped_districts_by_frame/north/20260514_010023\frame_005\บางกอกน้อย.png,5,บางกอกน้อย,0.0,0.0,0,ไม่มีฝน,0
cropped_districts_by_frame/north/20260504_180023\frame_008\หนองจอก.png,8,หนองจอก,21.71531105041504,34.0,209,ฝนเล็กน้อย,1
cropped_districts_by_frame/north/20260508_190023\frame_007\มีนบุรี.png,7,มีนบุรี,22.29009437561035,34.0,212,ฝนเล็กน้อย,1
cropped_districts_by_frame/central/20260524_030001\frame_011\พระนคร.png,11,พระนคร,24.625,34.0,12,ฝนเล็กน้อย,1
cropped_districts_by_frame/central/20260316_160000\frame_002\สวนหลวง.png,2,สวนหลวง,22.421052932739254,34.0,19,ฝนเล็กน้อย,1
cropped_districts_by_frame/central/20260525_020000\frame_002\สวนหลวง.png,2,สวนหลวง,23.842857360839844,34.0,175,ฝนเล็กน้อย,1
cropped_districts_by_frame/north/20260508_210022\frame_002\พญาไท.png,2,พญาไท,21.5,21.5,2,ฝนเล็กน้อย,1
cropped_districts_by_frame/north/20260514_030023\frame_005\บางนา.png,5,บางนา,22.690475463867188,34.0,63,ฝนเล็กน้อย,1
cropped_districts_by_frame/central/20260504_170000\frame_010\สายไหม.png,10,สายไหม,22.95833396911621,34.0,60,ฝนเล็กน้อย,1
cropped_districts_by_frame/central/20260508_200003\frame_009\หลักสี่.png,9,หลักสี่,24.964466094970703,34.0,197,ฝนเล็กน้อย,1
cropped_districts_by_frame/central/20260508_200003\frame_008\สะพานสูง.png,8,สะพานสูง,23.426469802856445,34.0,170,ฝนเล็กน้อย,1
cropped_districts_by_frame/north/20260514_030023\frame_001\บางกะปิ.png,1,บางกะปิ,22.421052932739254,34.0,247,ฝนเล็กน้อย,1
cropped_districts_by_frame/central/20260524_060000\frame_010\หนองจอก.png,10,หนองจอก,29.40322494506836,36.5,31,ฝนเล็กน้อย,1
cropped_districts_by_frame/north/20260508_190023\frame_009\วังทองหลาง.png,9,วังทองหลาง,24.0,34.0,5,ฝนเล็กน้อย,1
cropped_districts_by_frame/north/20260507_190023\frame_008\คลองสาน.png,8,คลองสาน,27.75,34.0,4,ฝนเล็กน้อย,1
cropped_districts_by_frame/central/20260508_190000\frame_007\หลักสี่.png,7,หลักสี่,22.79032325744629,34.0,31,ฝนเล็กน้อย,1
cropped_districts_by_frame/central/20260508_210000\frame_006\ตลิ่งชัน.png,6,ตลิ่งชัน,24.776098251342773,54.0,364,ฝนเล็กน้อย,1
cropped_districts_by_frame/central/20260218_093052\frame_006\บึงกุ่ม.png,6,บึงกุ่ม,21.5,21.5,1,ฝนเล็กน้อย,1
cropped_districts_by_frame/central/20260505_040003\frame_010\ธนบุรี.png,10,ธนบุรี,24.83333396911621,34.0,15,ฝนเล็กน้อย,1
cropped_districts_by_frame/north/20260502_070026\frame_011\ประเวศ.png,11,ประเวศ,24.719696044921875,46.5,132,ฝนเล็กน้อย,1
cropped_districts_by_frame/central/20260520_220002\frame_003\บางเขน.png,3,บางเขน,21.88740921020508,34.0,413,ฝนเล็กน้อย,1
cropped_districts_by_frame/north/20260510_010023\frame_006\จอมทอง.png,6,จอมทอง,23.25403213500977,46.5,124,ฝนเล็กน้อย,1
cropped_districts_by_frame/north/20260520_100027\frame_007\สวนหลวง.png,7,สวนหลวง,24.47101402282715,34.0,69,ฝนเล็กน้อย,1
cropped_districts_by_frame/central/20260520_090001\frame_009\บางแค.png,9,บางแค,22.58516502380371,34.0,182,ฝนเล็กน้อย,1
cropped_districts_by_frame/central/20260519_200001\frame_006\มีนบุรี.png,6,มีนบุรี,21.5,21.5,1,ฝนเล็กน้อย,1
cropped_districts_by_frame/north/20260502_070026\frame_001\พระโขนง.png,1,พระโขนง,26.5,51.5,48,ฝนเล็กน้อย,1
cropped_districts_by_frame/central/20260519_200001\frame_006\ธนบุรี.png,6,ธนบุรี,21.5,21.5,2,ฝนเล็กน้อย,1
cropped_districts_by_frame/central/20260218_093052\frame_005\หนองจอก.png,5,หนองจอก,23.72222137451172,34.0,9,ฝนเล็กน้อย,1
cropped_districts_by_frame/central/20260312_070000\frame_002\ราษฎร์บูรณะ.png,2,ราษฎร์บูรณะ,29.0,34.0,10,ฝนเล็กน้อย,1
cropped_districts_by_frame/north/20260227_000023\frame_009\ป้อมปราบศัตรูพ่าย.png,9,ป้อมปราบศัตรูพ่าย,23.423076629638672,34.0,13,ฝนเล็กน้อย,1
cropped_districts_by_frame/central/20260514_020006\frame_005\พระโขนง.png,5,พระโขนง,28.381187438964844,46.5,101,ฝนเล็กน้อย,1
cropped_districts_by_frame/central/20260508_210000\frame_000\หนองจอก.png,0,หนองจอก,26.056232452392575,46.5,738,ฝนเล็กน้อย,1
cropped_districts_by_frame/central/20260504_190001\frame_000\บางซื่อ.png,0,บางซื่อ,24.024999618530277,34.0,100,ฝนเล็กน้อย,1
cropped_districts_by_frame/central/20260514_030000\frame_002\สวนหลวง.png,2,สวนหลวง,24.16666603088379,34.0,195,ฝนเล็กน้อย,1
cropped_districts_by_frame/central/20260520_090001\frame_009\บางพลัด.png,9,บางพลัด,26.045454025268555,34.0,22,ฝนเล็กน้อย,1
cropped_districts_by_frame/central/20260508_190000\frame_011\บางเขน.png,11,บางเขน,21.661291122436523,24.0,31,ฝนเล็กน้อย,1
cropped_districts_by_frame/central/20260525_050001\frame_006\จตุจักร.png,6,จตุจักร,24.0,34.0,11,ฝนเล็กน้อย,1
cropped_districts_by_frame/north/20260312_060023\frame_005\ธนบุรี.png,5,ธนบุรี,22.97058868408203,34.0,17,ฝนเล็กน้อย,1
cropped_districts_by_frame/central/20260227_000001\frame_006\ป้อมปราบศัตรูพ่าย.png,6,ป้อมปราบศัตรูพ่าย,24.74073982238769,34.0,27,ฝนเล็กน้อย,1
cropped_districts_by_frame/central/20260312_060001\frame_000\ภาษีเจริญ.png,0,ภาษีเจริญ,23.545454025268555,34.0,22,ฝนเล็กน้อย,1
cropped_districts_by_frame/central/20260525_030000\frame_000\ประเวศ.png,0,ประเวศ,23.37878799438477,34.0,165,ฝนเล็กน้อย,1
cropped_districts_by_frame/central/20260519_200001\frame_005\ทุ่งครุ.png,5,ทุ่งครุ,26.07345962524414,54.0,211,ฝนเล็กน้อย,1
cropped_districts_by_frame/central/20260505_050001\frame_007\บางขุนเทียน.png,7,บางขุนเทียน,22.17982482910156,34.0,114,ฝนเล็กน้อย,1
cropped_districts_by_frame/central/20260508_200003\frame_000\บางเขน.png,0,บางเขน,21.5,21.5,1,ฝนเล็กน้อย,1
cropped_districts_by_frame/central/20260504_180001\frame_004\คันนายาว.png,4,คันนายาว,25.375,46.5,160,ฝนเล็กน้อย,1
cropped_districts_by_frame/north/20260507_180025\frame_004\ราษฎร์บูรณะ.png,4,ราษฎร์บูรณะ,27.33333396911621,44.0,6,ฝนเล็กน้อย,1
cropped_districts_by_frame/central/20260227_000001\frame_000\ดุสิต.png,0,ดุสิต,27.05555534362793,34.0,9,ฝนเล็กน้อย,1
cropped_districts_by_frame/north/20260507_190023\frame_010\ลาดกระบัง.png,10,ลาดกระบัง,23.422609329223636,34.0,1234,ฝนเล็กน้อย,1
cropped_districts_by_frame/north/20260513_230023\frame_004\ลาดกระบัง.png,4,ลาดกระบัง,23.875,34.0,20,ฝนเล็กน้อย,1
cropped_districts_by_frame/central/20260524_040006\frame_006\ลาดกระบัง.png,6,ลาดกระบัง,21.85714340209961,26.5,21,ฝนเล็กน้อย,1
cropped_districts_by_frame/central/20260508_200003\frame_000\หนองจอก.png,0,หนองจอก,29.52962875366211,54.0,1350,ฝนเล็กน้อย,1
cropped_districts_by_frame/north/20260507_190023\frame_000\มีนบุรี.png,0,มีนบุรี,27.91566276550293,54.0,498,ฝนเล็กน้อย,1
cropped_districts_by_frame/north/20260508_210022\frame_005\ดินแดง.png,5,ดินแดง,23.31818199157715,34.0,22,ฝนเล็กน้อย,1
cropped_districts_by_frame/central/20260312_070000\frame_005\คลองสามวา.png,5,คลองสามวา,21.5,21.5,5,ฝนเล็กน้อย,1
cropped_districts_by_frame/north/20260507_180025\frame_010\ดอนเมือง.png,10,ดอนเมือง,21.5,21.5,2,ฝนเล็กน้อย,1
cropped_districts_by_frame/north/20260508_190023\frame_000\วังทองหลาง.png,0,วังทองหลาง,26.75,34.0,10,ฝนเล็กน้อย,1
cropped_districts_by_frame/central/20260514_020006\frame_008\บึงกุ่ม.png,8,บึงกุ่ม,26.2297306060791,34.0,37,ฝนเล็กน้อย,1
cropped_districts_by_frame/north/20260502_080024\frame_002\สะพานสูง.png,2,สะพานสูง,21.87610626220703,34.0,113,ฝนเล็กน้อย,1
cropped_districts_by_frame/north/20260226_230022\frame_006\ทวีวัฒนา.png,6,ทวีวัฒนา,24.625,34.0,4,ฝนเล็กน้อย,1
cropped_districts_by_frame/north/20260520_210023\frame_001\บางนา.png,1,บางนา,25.964284896850582,46.5,28,ฝนเล็กน้อย,1
cropped_districts_by_frame/north/20260514_010023\frame_008\บางคอแหลม.png,8,บางคอแหลม,25.875,34.0,4,ฝนเล็กน้อย,1
cropped_districts_by_frame/north/20260507_190023\frame_011\ยานนาวา.png,11,ยานนาวา,22.461538314819336,34.0,13,ฝนเล็กน้อย,1
cropped_districts_by_frame/central/20260312_060001\frame_011\สาทร.png,11,สาทร,26.5,51.5,6,ฝนเล็กน้อย,1
cropped_districts_by_frame/central/20260514_020006\frame_007\พระโขนง.png,7,พระโขนง,28.78972053527832,54.0,107,ฝนเล็กน้อย,1
cropped_districts_by_frame/north/20260227_000023\frame_010\สาทร.png,10,สาทร,24.294116973876957,34.0,17,ฝนเล็กน้อย,1
cropped_districts_by_frame/north/20260507_200023\frame_006\หนองจอก.png,6,หนองจอก,21.605262756347656,34.0,190,ฝนเล็กน้อย,1
cropped_districts_by_frame/north/20260507_190023\frame_003\ดุสิต.png,3,ดุสิต,27.701923370361328,34.0,52,ฝนเล็กน้อย,1
cropped_districts_by_frame/central/20260316_150000\frame_000\ราชเทวี.png,0,ราชเทวี,25.0,44.0,10,ฝนเล็กน้อย,1
cropped_districts_by_frame/central/20260227_000001\frame_010\ป้อมปราบศัตรูพ่าย.png,10,ป้อมปราบศัตรูพ่าย,24.441177368164062,34.0,17,ฝนเล็กน้อย,1
cropped_districts_by_frame/central/20260312_080000\frame_000\ลาดกระบัง.png,0,ลาดกระบัง,25.22483253479004,44.0,298,ฝนเล็กน้อย,1
cropped_districts_by_frame/north/20260226_230022\frame_007\ทุ่งครุ.png,7,ทุ่งครุ,26.75,34.0,20,ฝนเล็กน้อย,1
cropped_districts_by_frame/central/20260508_190000\frame_006\บางซื่อ.png,6,บางซื่อ,24.0,41.5,16,ฝนเล็กน้อย,1
cropped_districts_by_frame/central/20260227_010001\frame_000\คลองเตย.png,0,คลองเตย,23.48113250732422,34.0,106,ฝนเล็กน้อย,1
cropped_districts_by_frame/central/20260508_210000\frame_004\สายไหม.png,4,สายไหม,21.5,21.5,4,ฝนเล็กน้อย,1
cropped_districts_by_frame/central/20260508_190000\frame_010\ดินแดง.png,10,ดินแดง,23.568965911865234,34.0,29,ฝนเล็กน้อย,1
cropped_districts_by_frame/north/20260514_010023\frame_000\คลองเตย.png,0,คลองเตย,23.75352096557617,46.5,71,ฝนเล็กน้อย,1
cropped_districts_by_frame/central/20260505_040003\frame_011\บางขุนเทียน.png,11,บางขุนเทียน,24.488656997680664,34.0,573,ฝนเล็กน้อย,1
cropped_districts_by_frame/central/20260523_010000\frame_009\จอมทอง.png,9,จอมทอง,22.58695602416992,34.0,46,ฝนเล็กน้อย,1
cropped_districts_by_frame/central/20260227_000001\frame_008\ธนบุรี.png,8,ธนบุรี,24.90425491333008,34.0,47,ฝนเล็กน้อย,1
cropped_districts_by_frame/central/20260525_020000\frame_002\วัฒนา.png,2,วัฒนา,22.928571701049805,34.0,21,ฝนเล็กน้อย,1
cropped_districts_by_frame/central/20260508_210000\frame_005\หนองแขม.png,5,หนองแขม,23.08430290222168,34.0,172,ฝนเล็กน้อย,1
cropped_districts_by_frame/north/20260505_040026\frame_009\ธนบุรี.png,9,ธนบุรี,22.461538314819336,34.0,13,ฝนเล็กน้อย,1
cropped_districts_by_frame/central/20260227_000001\frame_008\ตลิ่งชัน.png,8,ตลิ่งชัน,22.509614944458008,34.0,52,ฝนเล็กน้อย,1
cropped_districts_by_frame/north/20260227_000023\frame_011\บางบอน.png,11,บางบอน,23.278846740722656,34.0,104,ฝนเล็กน้อย,1
cropped_districts_by_frame/central/20260226_230000\frame_009\บางขุนเทียน.png,9,บางขุนเทียน,24.327587127685547,46.5,725,ฝนเล็กน้อย,1
cropped_districts_by_frame/central/20260505_030001\frame_007\บางบอน.png,7,บางบอน,22.4375,26.5,8,ฝนเล็กน้อย,1
cropped_districts_by_frame/north/20260507_180025\frame_003\มีนบุรี.png,3,มีนบุรี,23.972627639770508,34.0,548,ฝนเล็กน้อย,1
cropped_districts_by_frame/central/20260227_000001\frame_008\สาทร.png,8,สาทร,26.5,41.5,42,ฝนเล็กน้อย,1
cropped_districts_by_frame/central/20260227_000001\frame_001\ภาษีเจริญ.png,1,ภาษีเจริญ,23.679487228393555,34.0,39,ฝนเล็กน้อย,1
cropped_districts_by_frame/central/20260508_210000\frame_002\ภาษีเจริญ.png,2,ภาษีเจริญ,25.85863876342773,34.0,191,ฝนเล็กน้อย,1
cropped_districts_by_frame/north/20260507_190023\frame_009\บางเขน.png,9,บางเขน,21.55434799194336,24.0,46,ฝนเล็กน้อย,1
cropped_districts_by_frame/central/20260520_210000\frame_010\บางแค.png,10,บางแค,21.77426147460937,34.0,237,ฝนเล็กน้อย,1
cropped_districts_by_frame/central/20260520_220002\frame_001\คลองเตย.png,1,คลองเตย,25.568628311157227,46.5,51,ฝนเล็กน้อย,1
cropped_districts_by_frame/central/20260227_000001\frame_006\สาทร.png,6,สาทร,23.59821510314941,34.0,56,ฝนเล็กน้อย,1
cropped_districts_by_frame/central/20260525_040000\frame_009\ลาดกระบัง.png,9,ลาดกระบัง,24.20547866821289,34.0,73,ฝนเล็กน้อย,1
cropped_districts_by_frame/central/20260514_020006\frame_003\สะพานสูง.png,3,สะพานสูง,23.88235282897949,34.0,85,ฝนเล็กน้อย,1
cropped_districts_by_frame/central/20260519_200001\frame_010\ดุสิต.png,10,ดุสิต,24.454545974731445,34.0,33,ฝนเล็กน้อย,1
cropped_districts_by_frame/central/20260520_100004\frame_004\บางขุนเทียน.png,4,บางขุนเทียน,22.802520751953125,34.0,119,ฝนเล็กน้อย,1
cropped_districts_by_frame/central/20260523_010000\frame_005\สวนหลวง.png,5,สวนหลวง,25.66666603088379,34.0,3,ฝนเล็กน้อย,1
cropped_districts_by_frame/north/20260507_190023\frame_009\จอมทอง.png,9,จอมทอง,22.125,34.0,64,ฝนเล็กน้อย,1
cropped_districts_by_frame/central/20260525_050001\frame_007\ลาดพร้าว.png,7,ลาดพร้าว,25.071428298950195,34.0,7,ฝนเล็กน้อย,1
cropped_districts_by_frame/north/20260507_190023\frame_009\ราษฎร์บูรณะ.png,9,ราษฎร์บูรณะ,21.5,21.5,6,ฝนเล็กน้อย,1
cropped_districts_by_frame/central/20260508_190000\frame_011\หลักสี่.png,11,หลักสี่,22.863636016845703,34.0,110,ฝนเล็กน้อย,1
cropped_districts_by_frame/north/20260520_090023\frame_011\หลักสี่.png,11,หลักสี่,22.601694107055664,34.0,59,ฝนเล็กน้อย,1
cropped_districts_by_frame/central/20260508_180005\frame_011\วัฒนา.png,11,วัฒนา,25.66666603088379,34.0,6,ฝนเล็กน้อย,1
cropped_districts_by_frame/north/20260510_010023\frame_001\ทุ่งครุ.png,1,ทุ่งครุ,26.299999237060547,51.5,50,ฝนเล็กน้อย,1
cropped_districts_by_frame/north/20260514_030023\frame_001\ทุ่งครุ.png,1,ทุ่งครุ,25.24555206298828,36.5,281,ฝนเล็กน้อย,1
cropped_districts_by_frame/central/20260523_020000\frame_009\ภาษีเจริญ.png,9,ภาษีเจริญ,22.64864921569824,34.0,148,ฝนเล็กน้อย,1
cropped_districts_by_frame/central/20260505_020000\frame_001\บางนา.png,1,บางนา,21.5,21.5,2,ฝนเล็กน้อย,1
cropped_districts_by_frame/central/20260218_093052\frame_005\ดินแดง.png,5,ดินแดง,21.5,21.5,2,ฝนเล็กน้อย,1
cropped_districts_by_frame/north/20260514_000023\frame_010\บางขุนเทียน.png,10,บางขุนเทียน,27.392505645751957,46.5,507,ฝนเล็กน้อย,1
cropped_districts_by_frame/north/20260227_000023\frame_007\บางกอกน้อย.png,7,บางกอกน้อย,24.526315689086918,34.0,19,ฝนเล็กน้อย,1
cropped_districts_by_frame/north/20260501_020027\frame_008\บางเขน.png,8,บางเขน,21.5,21.5,56,ฝนเล็กน้อย,1
cropped_districts_by_frame/central/20260226_220000\frame_003\บางคอแหลม.png,3,บางคอแหลม,29.5,34.0,10,ฝนเล็กน้อย,1
cropped_districts_by_frame/north/20260227_000023\frame_007\บางแค.png,7,บางแค,23.276315689086918,34.0,38,ฝนเล็กน้อย,1
cropped_districts_by_frame/north/20260508_190023\frame_011\ดุสิต.png,11,ดุสิต,27.75,34.0,14,ฝนเล็กน้อย,1
cropped_districts_by_frame/north/20260520_100027\frame_006\สายไหม.png,6,สายไหม,23.0625,34.0,8,ฝนเล็กน้อย,1
cropped_districts_by_frame/north/20260514_020029\frame_009\ปทุมวัน.png,9,ปทุมวัน,27.75,34.0,2,ฝนเล็กน้อย,1
cropped_districts_by_frame/north/20260312_080023\frame_000\ลาดกระบัง.png,0,ลาดกระบัง,22.36436080932617,34.0,376,ฝนเล็กน้อย,1
cropped_districts_by_frame/north/20260508_210022\frame_001\สวนหลวง.png,1,สวนหลวง,21.5,21.5,55,ฝนเล็กน้อย,1
cropped_districts_by_frame/north/20260502_070026\frame_001\บางเขน.png,1,บางเขน,28.20967674255371,56.5,155,ฝนเล็กน้อย,1
cropped_districts_by_frame/central/20260505_010001\frame_000\สวนหลวง.png,0,สวนหลวง,21.5,21.5,10,ฝนเล็กน้อย,1
cropped_districts_by_frame/central/20260505_020000\frame_009\ราษฎร์บูรณะ.png,9,ราษฎร์บูรณะ,21.5,21.5,1,ฝนเล็กน้อย,1
cropped_districts_by_frame/central/20260525_020000\frame_004\พระโขนง.png,4,พระโขนง,21.5,21.5,2,ฝนเล็กน้อย,1
cropped_districts_by_frame/north/20260508_190023\frame_002\ลาดพร้าว.png,2,ลาดพร้าว,27.86503028869629,54.0,163,ฝนเล็กน้อย,1
cropped_districts_by_frame/central/20260514_020006\frame_011\ยานนาวา.png,11,ยานนาวา,23.903846740722656,34.0,104,ฝนเล็กน้อย,1
cropped_districts_by_frame/central/20260508_190000\frame_003\บางรัก.png,3,บางรัก,21.5,21.5,1,ฝนเล็กน้อย,1
cropped_districts_by_frame/central/20260514_020006\frame_003\บางขุนเทียน.png,3,บางขุนเทียน,23.60108757019043,36.5,1103,ฝนเล็กน้อย,1
cropped_districts_by_frame/central/20260525_030000\frame_011\คันนายาว.png,11,คันนายาว,21.5,21.5,6,ฝนเล็กน้อย,1
cropped_districts_by_frame/north/20260504_170022\frame_008\สายไหม.png,8,สายไหม,24.921052932739254,51.5,152,ฝนเล็กน้อย,1
cropped_districts_by_frame/central/20260520_100004\frame_006\บางกะปิ.png,6,บางกะปิ,22.4375,34.0,40,ฝนเล็กน้อย,1
cropped_districts_by_frame/central/20260523_020000\frame_000\หนองแขม.png,0,หนองแขม,21.5,21.5,3,ฝนเล็กน้อย,1
cropped_districts_by_frame/north/20260508_210022\frame_005\ลาดพร้าว.png,5,ลาดพร้าว,21.5,21.5,67,ฝนเล็กน้อย,1
cropped_districts_by_frame/central/20260508_200003\frame_002\หนองจอก.png,2,หนองจอก,29.74764060974121,46.5,1060,ฝนเล็กน้อย,1
cropped_districts_by_frame/north/20260226_220022\frame_006\หนองแขม.png,6,หนองแขม,21.5,21.5,1,ฝนเล็กน้อย,1
cropped_districts_by_frame/central/20260226_210001\frame_011\บางแค.png,11,บางแค,25.176469802856445,54.0,17,ฝนเล็กน้อย,1
cropped_districts_by_frame/central/20260520_210000\frame_001\พระโขนง.png,1,พระโขนง,21.5,21.5,1,ฝนเล็กน้อย,1
cropped_districts_by_frame/central/20260227_000001\frame_000\ทุ่งครุ.png,0,ทุ่งครุ,22.969194412231445,34.0,211,ฝนเล็กน้อย,1
cropped_districts_by_frame/north/20260514_010023\frame_011\สวนหลวง.png,11,สวนหลวง,22.0,34.0,25,ฝนเล็กน้อย,1
cropped_districts_by_frame/north/20260227_000023\frame_006\บางกอกน้อย.png,6,บางกอกน้อย,27.75,34.0,4,ฝนเล็กน้อย,1
cropped_districts_by_frame/central/20260505_010001\frame_001\ลาดพร้าว.png,1,ลาดพร้าว,26.39130401611328,46.5,69,ฝนเล็กน้อย,1
cropped_districts_by_frame/north/20260312_060023\frame_009\จตุจักร.png,9,จตุจักร,24.0,34.0,7,ฝนเล็กน้อย,1
cropped_districts_by_frame/north/20260514_020029\frame_004\คลองเตย.png,4,คลองเตย,27.05555534362793,34.0,18,ฝนเล็กน้อย,1
cropped_districts_by_frame/central/20260227_000001\frame_000\ป้อมปราบศัตรูพ่าย.png,0,ป้อมปราบศัตรูพ่าย,26.66666603088379,34.0,15,ฝนเล็กน้อย,1
cropped_districts_by_frame/north/20260508_190023\frame_003\ประเวศ.png,3,ประเวศ,24.327869415283203,54.0,122,ฝนเล็กน้อย,1
cropped_districts_by_frame/north/20260520_100027\frame_005\บางเขน.png,5,บางเขน,21.77542304992676,34.0,118,ฝนเล็กน้อย,1
cropped_districts_by_frame/central/20260508_190000\frame_003\ดุสิต.png,3,ดุสิต,21.8125,24.0,8,ฝนเล็กน้อย,1
cropped_districts_by_frame/central/20260520_220002\frame_004\วังทองหลาง.png,4,วังทองหลาง,21.678571701049805,24.0,14,ฝนเล็กน้อย,1
cropped_districts_by_frame/central/20260505_010001\frame_005\สะพานสูง.png,5,สะพานสูง,22.712121963500977,34.0,33,ฝนเล็กน้อย,1
cropped_districts_by_frame/central/20260316_160000\frame_003\สะพานสูง.png,3,สะพานสูง,24.142045974731445,34.0,88,ฝนเล็กน้อย,1
cropped_districts_by_frame/central/20260505_020000\frame_007\หนองแขม.png,7,หนองแขม,29.041208267211918,54.0,182,ฝนเล็กน้อย,1
cropped_districts_by_frame/north/20260514_030023\frame_009\ลาดกระบัง.png,9,ลาดกระบัง,21.969457626342773,34.0,442,ฝนเล็กน้อย,1
cropped_districts_by_frame/central/20260520_100004\frame_001\ป้อมปราบศัตรูพ่าย.png,1,ป้อมปราบศัตรูพ่าย,22.75,34.0,10,ฝนเล็กน้อย,1
cropped_districts_by_frame/central/20260504_180001\frame_010\คลองเตย.png,10,คลองเตย,24.865385055541992,34.0,52,ฝนเล็กน้อย,1
cropped_districts_by_frame/central/20260508_210000\frame_002\หลักสี่.png,2,หลักสี่,25.352458953857425,34.0,183,ฝนเล็กน้อย,1
cropped_districts_by_frame/central/20260525_030000\frame_010\บึงกุ่ม.png,10,บึงกุ่ม,22.973880767822266,34.0,134,ฝนเล็กน้อย,1
cropped_districts_by_frame/central/20260514_020006\frame_010\พระโขนง.png,10,พระโขนง,23.981203079223636,34.0,133,ฝนเล็กน้อย,1
cropped_districts_by_frame/north/20260226_230022\frame_006\ธนบุรี.png,6,ธนบุรี,21.5,21.5,12,ฝนเล็กน้อย,1
cropped_districts_by_frame/north/20260514_020029\frame_004\บางขุนเทียน.png,4,บางขุนเทียน,25.26906394958496,39.0,918,ฝนเล็กน้อย,1
cropped_districts_by_frame/north/20260312_060023\frame_003\จอมทอง.png,3,จอมทอง,27.052326202392575,54.0,86,ฝนเล็กน้อย,1
cropped_districts_by_frame/north/20260507_180025\frame_000\คลองสามวา.png,0,คลองสามวา,23.11556625366211,34.0,848,ฝนเล็กน้อย,1
cropped_districts_by_frame/north/20260508_190023\frame_008\บางเขน.png,8,บางเขน,23.2041015625,34.0,512,ฝนเล็กน้อย,1
cropped_districts_by_frame/central/20260227_000001\frame_000\บางรัก.png,0,บางรัก,25.477272033691406,34.0,22,ฝนเล็กน้อย,1
cropped_districts_by_frame/north/20260508_210022\frame_000\คันนายาว.png,0,คันนายาว,21.5,21.5,3,ฝนเล็กน้อย,1
cropped_districts_by_frame/central/20260514_010000\frame_006\ยานนาวา.png,6,ยานนาวา,26.261905670166016,46.5,21,ฝนเล็กน้อย,1
cropped_districts_by_frame/central/20260514_030000\frame_003\บางขุนเทียน.png,3,บางขุนเทียน,23.1484375,34.0,960,ฝนเล็กน้อย,1
cropped_districts_by_frame/central/20260523_010000\frame_001\บางกอกใหญ่.png,1,บางกอกใหญ่,23.16666603088379,34.0,30,ฝนเล็กน้อย,1
cropped_districts_by_frame/central/20260508_200003\frame_005\สายไหม.png,5,สายไหม,24.05286979675293,46.5,331,ฝนเล็กน้อย,1
cropped_districts_by_frame/north/20260508_220024\frame_001\ลาดกระบัง.png,1,ลาดกระบัง,24.202238082885746,34.0,581,ฝนเล็กน้อย,1
cropped_districts_by_frame/north/20260426_160026\frame_011\บางกะปิ.png,11,บางกะปิ,21.5,21.5,5,ฝนเล็กน้อย,1
cropped_districts_by_frame/central/20260508_210000\frame_005\ภาษีเจริญ.png,5,ภาษีเจริญ,23.41025733947754,34.0,195,ฝนเล็กน้อย,1
cropped_districts_by_frame/north/20260510_010023\frame_003\ดินแดง.png,3,ดินแดง,21.5,21.5,7,ฝนเล็กน้อย,1
cropped_districts_by_frame/central/20260226_220000\frame_001\บางกอกน้อย.png,1,บางกอกน้อย,24.15625,46.5,64,ฝนเล็กน้อย,1
cropped_districts_by_frame/central/20260514_010000\frame_010\ราษฎร์บูรณะ.png,10,ราษฎร์บูรณะ,24.85106468200684,46.5,47,ฝนเล็กน้อย,1
cropped_districts_by_frame/central/20260227_000001\frame_010\หนองแขม.png,10,หนองแขม,21.5,21.5,3,ฝนเล็กน้อย,1
cropped_districts_by_frame/central/20260524_040006\frame_005\หลักสี่.png,5,หลักสี่,26.91666603088379,54.0,48,ฝนเล็กน้อย,1
cropped_districts_by_frame/north/20260504_190024\frame_001\ลาดกระบัง.png,1,ลาดกระบัง,21.5,21.5,4,ฝนเล็กน้อย,1
cropped_districts_by_frame/central/20260525_030000\frame_008\บึงกุ่ม.png,8,บึงกุ่ม,26.72346305847168,34.0,179,ฝนเล็กน้อย,1
cropped_districts_by_frame/central/20260316_160000\frame_005\ประเวศ.png,5,ประเวศ,26.5,34.0,25,ฝนเล็กน้อย,1
cropped_districts_by_frame/north/20260517_210023\frame_007\หนองจอก.png,7,หนองจอก,22.928571701049805,46.5,294,ฝนเล็กน้อย,1
cropped_districts_by_frame/central/20260508_190000\frame_004\ดุสิต.png,4,ดุสิต,23.79166603088379,34.0,12,ฝนเล็กน้อย,1
cropped_districts_by_frame/central/20260520_210000\frame_008\บางแค.png,8,บางแค,29.47683906555176,54.0,367,ฝนเล็กน้อย,1
cropped_districts_by_frame/central/20260504_170000\frame_010\ราชเทวี.png,10,ราชเทวี,21.5,21.5,1,ฝนเล็กน้อย,1
cropped_districts_by_frame/central/20260520_100004\frame_000\คลองเตย.png,0,คลองเตย,21.5,21.5,2,ฝนเล็กน้อย,1
cropped_districts_by_frame/north/20260520_100027\frame_003\จอมทอง.png,3,จอมทอง,21.5,21.5,8,ฝนเล็กน้อย,1
cropped_districts_by_frame/central/20260520_220002\frame_007\สายไหม.png,7,สายไหม,22.61587905883789,34.0,233,ฝนเล็กน้อย,1
cropped_districts_by_frame/central/20260316_150000\frame_000\บางกะปิ.png,0,บางกะปิ,23.62962913513184,34.0,81,ฝนเล็กน้อย,1
cropped_districts_by_frame/central/20260520_100004\frame_001\สัมพันธวงศ์.png,1,สัมพันธวงศ์,21.5,21.5,1,ฝนเล็กน้อย,1
cropped_districts_by_frame/north/20260508_190023\frame_010\บางขุนเทียน.png,10,บางขุนเทียน,29.315534591674805,46.5,103,ฝนเล็กน้อย,1
cropped_districts_by_frame/north/20260514_030023\frame_002\บางขุนเทียน.png,2,บางขุนเทียน,25.714284896850582,34.0,770,ฝนเล็กน้อย,1
cropped_districts_by_frame/central/20260519_210001\frame_007\มีนบุรี.png,7,มีนบุรี,22.78205108642578,34.0,156,ฝนเล็กน้อย,1
cropped_districts_by_frame/north/20260226_180022\frame_004\ดอนเมือง.png,4,ดอนเมือง,22.33333396911621,29.0,9,ฝนเล็กน้อย,1
cropped_districts_by_frame/north/20260507_190023\frame_009\ประเวศ.png,9,ประเวศ,22.603647232055664,34.0,521,ฝนเล็กน้อย,1
cropped_districts_by_frame/central/20260316_150000\frame_002\ลาดกระบัง.png,2,ลาดกระบัง,21.5,21.5,2,ฝนเล็กน้อย,1
cropped_districts_by_frame/north/20260520_210023\frame_011\ทุ่งครุ.png,11,ทุ่งครุ,25.336206436157227,36.5,58,ฝนเล็กน้อย,1
cropped_districts_by_frame/central/20260523_010000\frame_007\บางรัก.png,7,บางรัก,23.0,34.0,10,ฝนเล็กน้อย,1
cropped_districts_by_frame/central/20260520_100004\frame_000\ธนบุรี.png,0,ธนบุรี,22.58695602416992,34.0,23,ฝนเล็กน้อย,1
cropped_districts_by_frame/central/20260519_200001\frame_002\บางกอกใหญ่.png,2,บางกอกใหญ่,21.5,21.5,28,ฝนเล็กน้อย,1
cropped_districts_by_frame/central/20260525_010000\frame_007\ภาษีเจริญ.png,7,ภาษีเจริญ,23.80769157409668,34.0,13,ฝนเล็กน้อย,1
cropped_districts_by_frame/north/20260227_000023\frame_005\บางบอน.png,5,บางบอน,24.67148780822754,39.0,242,ฝนเล็กน้อย,1
cropped_districts_by_frame/north/20260507_200023\frame_003\บางกะปิ.png,3,บางกะปิ,21.5,21.5,46,ฝนเล็กน้อย,1
cropped_districts_by_frame/central/20260505_010001\frame_008\ดุสิต.png,8,ดุสิต,25.66666603088379,34.0,12,ฝนเล็กน้อย,1
cropped_districts_by_frame/central/20260525_010000\frame_006\บางแค.png,6,บางแค,23.26229476928711,34.0,61,ฝนเล็กน้อย,1
cropped_districts_by_frame/north/20260520_210023\frame_011\ดอนเมือง.png,11,ดอนเมือง,23.92042350769043,36.5,377,ฝนเล็กน้อย,1
cropped_districts_by_frame/central/20260508_210000\frame_005\พญาไท.png,5,พญาไท,24.41666603088379,34.0,42,ฝนเล็กน้อย,1
cropped_districts_by_frame/central/20260520_210000\frame_011\บางเขน.png,11,บางเขน,28.414661407470703,54.0,457,ฝนเล็กน้อย,1
cropped_districts_by_frame/central/20260519_200001\frame_002\คลองสาน.png,2,คลองสาน,27.75,34.0,2,ฝนเล็กน้อย,1
cropped_districts_by_frame/central/20260514_020006\frame_005\ลาดกระบัง.png,5,ลาดกระบัง,25.07868003845215,46.5,788,ฝนเล็กน้อย,1
cropped_districts_by_frame/north/20260507_180025\frame_008\บางกะปิ.png,8,บางกะปิ,23.16666603088379,34.0,201,ฝนเล็กน้อย,1
cropped_districts_by_frame/central/20260523_050000\frame_005\คันนายาว.png,5,คันนายาว,22.64583396911621,34.0,48,ฝนเล็กน้อย,1
cropped_districts_by_frame/central/20260226_230000\frame_011\ดุสิต.png,11,ดุสิต,21.5,21.5,7,ฝนเล็กน้อย,1
cropped_districts_by_frame/north/20260514_020029\frame_010\หนองจอก.png,10,หนองจอก,24.460208892822266,46.5,1244,ฝนเล็กน้อย,1
cropped_districts_by_frame/central/20260527_020002\frame_003\สะพานสูง.png,3,สะพานสูง,25.70212745666504,46.5,47,ฝนเล็กน้อย,1
cropped_districts_by_frame/north/20260226_230022\frame_007\บางบอน.png,7,บางบอน,23.140625,34.0,128,ฝนเล็กน้อย,1
cropped_districts_by_frame/north/20260312_070022\frame_000\จตุจักร.png,0,จตุจักร,25.563671112060547,51.5,267,ฝนเล็กน้อย,1
cropped_districts_by_frame/central/20260312_060001\frame_007\บางแค.png,7,บางแค,22.87640380859375,34.0,89,ฝนเล็กน้อย,1
cropped_districts_by_frame/north/20260510_010023\frame_007\ธนบุรี.png,7,ธนบุรี,22.5,26.5,5,ฝนเล็กน้อย,1
cropped_districts_by_frame/central/20260504_160000\frame_002\บึงกุ่ม.png,2,บึงกุ่ม,22.75,24.0,2,ฝนเล็กน้อย,1
cropped_districts_by_frame/north/20260510_010023\frame_003\ป้อมปราบศัตรูพ่าย.png,3,ป้อมปราบศัตรูพ่าย,26.85714340209961,34.0,7,ฝนเล็กน้อย,1
cropped_districts_by_frame/north/20260312_060023\frame_000\บางบอน.png,0,บางบอน,22.75,34.0,22,ฝนเล็กน้อย,1
cropped_districts_by_frame/central/20260504_180001\frame_009\คลองเตย.png,9,คลองเตย,23.669422149658203,36.5,121,ฝนเล็กน้อย,1
cropped_districts_by_frame/central/20260316_150000\frame_004\ดินแดง.png,4,ดินแดง,24.1875,46.5,40,ฝนเล็กน้อย,1
cropped_districts_by_frame/central/20260520_100004\frame_004\ลาดพร้าว.png,4,ลาดพร้าว,21.5,21.5,3,ฝนเล็กน้อย,1
cropped_districts_by_frame/central/20260520_210000\frame_006\หลักสี่.png,6,หลักสี่,24.589080810546875,34.0,174,ฝนเล็กน้อย,1
cropped_districts_by_frame/central/20260505_010001\frame_008\ประเวศ.png,8,ประเวศ,24.471698760986328,34.0,53,ฝนเล็กน้อย,1
cropped_districts_by_frame/central/20260523_010000\frame_006\ราษฎร์บูรณะ.png,6,ราษฎร์บูรณะ,26.1875,34.0,8,ฝนเล็กน้อย,1
cropped_districts_by_frame/central/20260316_150000\frame_011\บึงกุ่ม.png,11,บึงกุ่ม,25.415441513061523,44.0,136,ฝนเล็กน้อย,1
cropped_districts_by_frame/central/20260227_000001\frame_011\บางกอกใหญ่.png,11,บางกอกใหญ่,23.0625,34.0,16,ฝนเล็กน้อย,1
cropped_districts_by_frame/central/20260525_040000\frame_000\บางเขน.png,0,บางเขน,22.33333396911621,34.0,21,ฝนเล็กน้อย,1
cropped_districts_by_frame/north/20260504_190024\frame_007\ดอนเมือง.png,7,ดอนเมือง,21.5,21.5,76,ฝนเล็กน้อย,1
cropped_districts_by_frame/central/20260508_210000\frame_007\บางกอกใหญ่.png,7,บางกอกใหญ่,22.28358268737793,34.0,67,ฝนเล็กน้อย,1
cropped_districts_by_frame/north/20260520_210023\frame_008\พญาไท.png,8,พญาไท,23.86111068725586,34.0,36,ฝนเล็กน้อย,1
cropped_districts_by_frame/central/20260519_210001\frame_006\คลองสามวา.png,6,คลองสามวา,23.04228782653809,34.0,201,ฝนเล็กน้อย,1
cropped_districts_by_frame/central/20260508_180005\frame_005\สายไหม.png,5,สายไหม,23.927885055541992,34.0,104,ฝนเล็กน้อย,1
cropped_districts_by_frame/north/20260513_230023\frame_001\ประเวศ.png,1,ประเวศ,21.5,21.5,12,ฝนเล็กน้อย,1
cropped_districts_by_frame/north/20260507_190023\frame_008\บางนา.png,8,บางนา,22.77118682861328,34.0,59,ฝนเล็กน้อย,1
cropped_districts_by_frame/central/20260316_150000\frame_004\คลองสามวา.png,4,คลองสามวา,21.91666603088379,26.5,24,ฝนเล็กน้อย,1
cropped_districts_by_frame/central/20260523_020000\frame_006\ทุ่งครุ.png,6,ทุ่งครุ,25.94548797607422,46.5,266,ฝนเล็กน้อย,1
cropped_districts_by_frame/north/20260507_190023\frame_006\บางคอแหลม.png,6,บางคอแหลม,21.5,21.5,3,ฝนเล็กน้อย,1
cropped_districts_by_frame/north/20260504_180023\frame_005\วัฒนา.png,5,วัฒนา,26.920560836791992,34.0,107,ฝนเล็กน้อย,1
cropped_districts_by_frame/central/20260504_170000\frame_010\ปทุมวัน.png,10,ปทุมวัน,21.5,21.5,3,ฝนเล็กน้อย,1
cropped_districts_by_frame/central/20260520_200001\frame_011\สะพานสูง.png,11,สะพานสูง,23.0476188659668,34.0,21,ฝนเล็กน้อย,1
cropped_districts_by_frame/north/20260520_100027\frame_006\ทุ่งครุ.png,6,ทุ่งครุ,23.772727966308597,34.0,22,ฝนเล็กน้อย,1
cropped_districts_by_frame/north/20260507_180025\frame_008\บึงกุ่ม.png,8,บึงกุ่ม,23.563196182250977,34.0,269,ฝนเล็กน้อย,1
cropped_districts_by_frame/north/20260504_180023\frame_008\จอมทอง.png,8,จอมทอง,21.5,21.5,4,ฝนเล็กน้อย,1
cropped_districts_by_frame/central/20260227_000001\frame_010\บางรัก.png,10,บางรัก,23.276315689086918,34.0,38,ฝนเล็กน้อย,1
cropped_districts_by_frame/central/20260519_200001\frame_011\บางกะปิ.png,11,บางกะปิ,26.5,34.0,38,ฝนเล็กน้อย,1
cropped_districts_by_frame/central/20260520_100004\frame_008\สะพานสูง.png,8,สะพานสูง,21.5,21.5,6,ฝนเล็กน้อย,1
cropped_districts_by_frame/central/20260520_100004\frame_003\บางขุนเทียน.png,3,บางขุนเทียน,22.14814758300781,34.0,81,ฝนเล็กน้อย,1
cropped_districts_by_frame/central/20260523_100002\frame_011\มีนบุรี.png,11,มีนบุรี,21.5,21.5,5,ฝนเล็กน้อย,1
cropped_districts_by_frame/central/20260504_180001\frame_010\ราษฎร์บูรณะ.png,10,ราษฎร์บูรณะ,27.78205108642578,34.0,39,ฝนเล็กน้อย,1
cropped_districts_by_frame/north/20260507_200023\frame_000\ธนบุรี.png,0,ธนบุรี,21.5,21.5,9,ฝนเล็กน้อย,1
cropped_districts_by_frame/north/20260508_180027\frame_005\บึงกุ่ม.png,5,บึงกุ่ม,24.601852416992188,46.5,54,ฝนเล็กน้อย,1
cropped_districts_by_frame/north/20260227_000023\frame_006\คลองสาน.png,6,คลองสาน,26.5,34.0,5,ฝนเล็กน้อย,1
cropped_districts_by_frame/north/20260501_020027\frame_010\หนองจอก.png,10,หนองจอก,29.205883026123047,54.0,1020,ฝนเล็กน้อย,1
cropped_districts_by_frame/central/20260520_220002\frame_010\มีนบุรี.png,10,มีนบุรี,21.5,21.5,20,ฝนเล็กน้อย,1
cropped_districts_by_frame/north/20260514_010023\frame_007\บางนา.png,7,บางนา,25.58695602416992,46.5,115,ฝนเล็กน้อย,1
cropped_districts_by_frame/central/20260505_010001\frame_003\คลองสามวา.png,3,คลองสามวา,24.0,34.0,16,ฝนเล็กน้อย,1
cropped_districts_by_frame/central/20260504_180001\frame_010\บางนา.png,10,บางนา,25.25,34.0,48,ฝนเล็กน้อย,1
cropped_districts_by_frame/north/20260507_190023\frame_001\ห้วยขวาง.png,1,ห้วยขวาง,24.212766647338867,46.5,141,ฝนเล็กน้อย,1
cropped_districts_by_frame/north/20260520_220024\frame_000\สาทร.png,0,สาทร,26.70833396911621,34.0,12,ฝนเล็กน้อย,1
cropped_districts_by_frame/central/20260508_200003\frame_000\จตุจักร.png,0,จตุจักร,23.528301239013672,34.0,53,ฝนเล็กน้อย,1
cropped_districts_by_frame/north/20260505_030024\frame_000\ทุ่งครุ.png,0,ทุ่งครุ,23.155405044555664,34.0,148,ฝนเล็กน้อย,1
cropped_districts_by_frame/central/20260227_010001\frame_004\ประเวศ.png,4,ประเวศ,21.753623962402344,34.0,69,ฝนเล็กน้อย,1
cropped_districts_by_frame/central/20260508_190000\frame_005\ดุสิต.png,5,ดุสิต,29.5,51.5,10,ฝนเล็กน้อย,1
cropped_districts_by_frame/north/20260520_100027\frame_004\ราษฎร์บูรณะ.png,4,ราษฎร์บูรณะ,21.5,21.5,2,ฝนเล็กน้อย,1
cropped_districts_by_frame/north/20260514_030023\frame_006\บางขุนเทียน.png,6,บางขุนเทียน,27.75,34.0,2,ฝนเล็กน้อย,1
cropped_districts_by_frame/north/20260520_100027\frame_008\บางนา.png,8,บางนา,24.0,34.0,10,ฝนเล็กน้อย,1
cropped_districts_by_frame/central/20260524_040006\frame_005\บางซื่อ.png,5,บางซื่อ,24.028409957885746,46.5,88,ฝนเล็กน้อย,1
cropped_districts_by_frame/central/20260525_000000\frame_011\บางรัก.png,11,บางรัก,21.5,21.5,1,ฝนเล็กน้อย,1
cropped_districts_by_frame/north/20260508_210022\frame_010\ลาดกระบัง.png,10,ลาดกระบัง,29.228872299194336,54.0,568,ฝนเล็กน้อย,1
cropped_districts_by_frame/north/20260514_030023\frame_007\มีนบุรี.png,7,มีนบุรี,21.5,21.5,16,ฝนเล็กน้อย,1
cropped_districts_by_frame/north/20260426_160026\frame_010\สายไหม.png,10,สายไหม,22.23170661926269,34.0,41,ฝนเล็กน้อย,1
cropped_districts_by_frame/north/20260507_190023\frame_008\บางเขน.png,8,บางเขน,22.0,31.5,20,ฝนเล็กน้อย,1
cropped_districts_by_frame/central/20260519_210001\frame_000\ภาษีเจริญ.png,0,ภาษีเจริญ,23.63768196105957,34.0,138,ฝนเล็กน้อย,1
cropped_districts_by_frame/central/20260218_120002\frame_003\บางบอน.png,3,บางบอน,22.35714340209961,34.0,35,ฝนเล็กน้อย,1
cropped_districts_by_frame/north/20260514_010023\frame_003\พระโขนง.png,3,พระโขนง,24.721649169921875,36.5,97,ฝนเล็กน้อย,1
cropped_districts_by_frame/central/20260508_210000\frame_007\บางกอกน้อย.png,7,บางกอกน้อย,23.78260803222656,34.0,138,ฝนเล็กน้อย,1
cropped_districts_by_frame/north/20260510_010023\frame_003\คลองสาน.png,3,คลองสาน,21.5,21.5,2,ฝนเล็กน้อย,1
cropped_districts_by_frame/north/20260501_020027\frame_008\หลักสี่.png,8,หลักสี่,21.5,21.5,7,ฝนเล็กน้อย,1
cropped_districts_by_frame/north/20260508_210022\frame_001\บางซื่อ.png,1,บางซื่อ,26.06521797180176,34.0,23,ฝนเล็กน้อย,1
cropped_districts_by_frame/central/20260227_000001\frame_007\บางคอแหลม.png,7,บางคอแหลม,29.4255313873291,44.0,47,ฝนเล็กน้อย,1
cropped_districts_by_frame/north/20260507_190023\frame_000\คลองสามวา.png,0,คลองสามวา,26.156024932861328,46.5,1112,ฝนเล็กน้อย,1
cropped_districts_by_frame/north/20260227_000023\frame_008\บางนา.png,8,บางนา,26.66666603088379,34.0,15,ฝนเล็กน้อย,1
cropped_districts_by_frame/north/20260507_190023\frame_003\พญาไท.png,3,พญาไท,26.5,34.0,70,ฝนเล็กน้อย,1
cropped_districts_by_frame/central/20260520_100004\frame_007\จอมทอง.png,7,จอมทอง,21.5,21.5,2,ฝนเล็กน้อย,1
cropped_districts_by_frame/north/20260520_210023\frame_003\ดอนเมือง.png,3,ดอนเมือง,23.30303001403809,34.0,330,ฝนเล็กน้อย,1
cropped_districts_by_frame/central/20260227_000001\frame_010\พระนคร.png,10,พระนคร,24.625,34.0,40,ฝนเล็กน้อย,1
cropped_districts_by_frame/central/20260525_060006\frame_002\สะพานสูง.png,2,สะพานสูง,21.5,21.5,1,ฝนเล็กน้อย,1
cropped_districts_by_frame/central/20260520_220002\frame_001\วัฒนา.png,1,วัฒนา,21.5,21.5,3,ฝนเล็กน้อย,1
cropped_districts_by_frame/central/20260525_010000\frame_008\ธนบุรี.png,8,ธนบุรี,25.323530197143555,34.0,17,ฝนเล็กน้อย,1
cropped_districts_by_frame/central/20260524_030001\frame_007\ปทุมวัน.png,7,ปทุมวัน,21.5,21.5,2,ฝนเล็กน้อย,1
cropped_districts_by_frame/north/20260508_210022\frame_005\บางกอกใหญ่.png,5,บางกอกใหญ่,27.214284896850582,34.0,7,ฝนเล็กน้อย,1
cropped_districts_by_frame/north/20260504_180023\frame_007\คลองเตย.png,7,คลองเตย,23.759614944458008,34.0,104,ฝนเล็กน้อย,1
cropped_districts_by_frame/central/20260520_200001\frame_008\คลองเตย.png,8,คลองเตย,23.078947067260746,34.0,19,ฝนเล็กน้อย,1
cropped_districts_by_frame/central/20260312_060001\frame_003\บางกอกใหญ่.png,3,บางกอกใหญ่,25.66666603088379,34.0,3,ฝนเล็กน้อย,1
cropped_districts_by_frame/north/20260507_190023\frame_002\บางนา.png,2,บางนา,22.48314666748047,34.0,89,ฝนเล็กน้อย,1
cropped_districts_by_frame/north/20260520_210023\frame_006\บางพลัด.png,6,บางพลัด,25.422412872314453,46.5,58,ฝนเล็กน้อย,1
cropped_districts_by_frame/central/20260514_020006\frame_010\บางขุนเทียน.png,10,บางขุนเทียน,23.577804565429688,34.0,829,ฝนเล็กน้อย,1
cropped_districts_by_frame/north/20260510_010023\frame_002\สาทร.png,2,สาทร,28.64285659790039,34.0,7,ฝนเล็กน้อย,1
cropped_districts_by_frame/north/20260520_100027\frame_009\บางกะปิ.png,9,บางกะปิ,21.739999771118164,34.0,125,ฝนเล็กน้อย,1
cropped_districts_by_frame/north/20260507_190023\frame_004\บางกะปิ.png,4,บางกะปิ,23.55223846435547,34.0,268,ฝนเล็กน้อย,1
cropped_districts_by_frame/central/20260218_093052\frame_005\ราชเทวี.png,5,ราชเทวี,22.75,34.0,10,ฝนเล็กน้อย,1
cropped_districts_by_frame/north/20260514_030023\frame_006\สะพานสูง.png,6,สะพานสูง,21.978395462036133,34.0,162,ฝนเล็กน้อย,1
cropped_districts_by_frame/central/20260504_160000\frame_009\ทุ่งครุ.png,9,ทุ่งครุ,22.02083396911621,34.0,24,ฝนเล็กน้อย,1
cropped_districts_by_frame/central/20260520_090001\frame_010\ตลิ่งชัน.png,10,ตลิ่งชัน,22.0,34.0,60,ฝนเล็กน้อย,1
cropped_districts_by_frame/central/20260505_010001\frame_004\บางเขน.png,4,บางเขน,22.642240524291992,34.0,116,ฝนเล็กน้อย,1
cropped_districts_by_frame/north/20260514_010023\frame_002\ลาดกระบัง.png,2,ลาดกระบัง,23.335105895996094,46.5,94,ฝนเล็กน้อย,1
cropped_districts_by_frame/north/20260520_220024\frame_001\บางกอกใหญ่.png,1,บางกอกใหญ่,26.34375,34.0,16,ฝนเล็กน้อย,1
cropped_districts_by_frame/north/20260508_200025\frame_005\บางกะปิ.png,5,บางกะปิ,21.5,21.5,2,ฝนเล็กน้อย,1
cropped_districts_by_frame/central/20260523_020000\frame_007\บางแค.png,7,บางแค,23.156625747680664,34.0,166,ฝนเล็กน้อย,1
cropped_districts_by_frame/north/20260312_060023\frame_009\คลองสามวา.png,9,คลองสามวา,27.620689392089844,54.0,87,ฝนเล็กน้อย,1
cropped_districts_by_frame/north/20260504_180023\frame_010\ประเวศ.png,10,ประเวศ,23.58333396911621,34.0,6,ฝนเล็กน้อย,1
cropped_districts_by_frame/central/20260523_100002\frame_001\ประเวศ.png,1,ประเวศ,22.54166603088379,34.0,12,ฝนเล็กน้อย,1
cropped_districts_by_frame/north/20260520_100027\frame_008\ประเวศ.png,8,ประเวศ,21.612781524658203,34.0,133,ฝนเล็กน้อย,1
cropped_districts_by_frame/central/20260504_190001\frame_002\บางกอกน้อย.png,2,บางกอกน้อย,21.83333396911621,26.5,30,ฝนเล็กน้อย,1
cropped_districts_by_frame/north/20260505_020023\frame_010\บางบอน.png,10,บางบอน,27.284313201904297,44.0,51,ฝนเล็กน้อย,1
cropped_districts_by_frame/central/20260316_160000\frame_000\ราษฎร์บูรณะ.png,0,ราษฎร์บูรณะ,21.5,21.5,2,ฝนเล็กน้อย,1
cropped_districts_by_frame/north/20260520_090023\frame_011\จอมทอง.png,11,จอมทอง,21.5,21.5,4,ฝนเล็กน้อย,1
cropped_districts_by_frame/north/20260504_180023\frame_006\สาทร.png,6,สาทร,21.91666603088379,24.0,6,ฝนเล็กน้อย,1
cropped_districts_by_frame/north/20260507_190023\frame_005\บางนา.png,5,บางนา,23.1842098236084,34.0,95,ฝนเล็กน้อย,1
cropped_districts_by_frame/central/20260523_060001\frame_006\มีนบุรี.png,6,มีนบุรี,22.64107894897461,34.0,241,ฝนเล็กน้อย,1
cropped_districts_by_frame/north/20260508_190023\frame_008\คันนายาว.png,8,คันนายาว,22.2041130065918,34.0,316,ฝนเล็กน้อย,1
cropped_districts_by_frame/north/20260312_060023\frame_011\จอมทอง.png,11,จอมทอง,22.157894134521484,34.0,19,ฝนเล็กน้อย,1
cropped_districts_by_frame/north/20260510_010023\frame_007\บางกอกใหญ่.png,7,บางกอกใหญ่,24.0,34.0,20,ฝนเล็กน้อย,1
cropped_districts_by_frame/central/20260520_210000\frame_011\ภาษีเจริญ.png,11,ภาษีเจริญ,21.74752426147461,34.0,101,ฝนเล็กน้อย,1
cropped_districts_by_frame/north/20260508_190023\frame_009\คันนายาว.png,9,คันนายาว,21.523473739624023,26.5,213,ฝนเล็กน้อย,1
cropped_districts_by_frame/central/20260520_100004\frame_009\หลักสี่.png,9,หลักสี่,22.607595443725582,34.0,79,ฝนเล็กน้อย,1
cropped_districts_by_frame/central/20260523_050000\frame_006\บึงกุ่ม.png,6,บึงกุ่ม,22.409090042114254,34.0,44,ฝนเล็กน้อย,1
cropped_districts_by_frame/north/20260227_000023\frame_001\บางคอแหลม.png,1,บางคอแหลม,25.66666603088379,34.0,9,ฝนเล็กน้อย,1
cropped_districts_by_frame/north/20260514_030023\frame_005\มีนบุรี.png,5,มีนบุรี,21.941177368164062,34.0,34,ฝนเล็กน้อย,1
cropped_districts_by_frame/north/20260504_180023\frame_009\ห้วยขวาง.png,9,ห้วยขวาง,23.204545974731445,34.0,66,ฝนเล็กน้อย,1
cropped_districts_by_frame/central/20260508_190000\frame_000\ห้วยขวาง.png,0,ห้วยขวาง,21.5,21.5,1,ฝนเล็กน้อย,1
cropped_districts_by_frame/central/20260524_030001\frame_006\สวนหลวง.png,6,สวนหลวง,24.625,34.0,4,ฝนเล็กน้อย,1
cropped_districts_by_frame/central/20260226_220000\frame_010\บางแค.png,10,บางแค,22.988439559936523,34.0,346,ฝนเล็กน้อย,1
cropped_districts_by_frame/north/20260504_190024\frame_010\บึงกุ่ม.png,10,บึงกุ่ม,21.5,21.5,4,ฝนเล็กน้อย,1
cropped_districts_by_frame/central/20260524_040006\frame_011\บางกะปิ.png,11,บางกะปิ,25.66666603088379,46.5,6,ฝนเล็กน้อย,1
cropped_districts_by_frame/central/20260316_150000\frame_007\วัฒนา.png,7,วัฒนา,21.5,21.5,11,ฝนเล็กน้อย,1
cropped_districts_by_frame/north/20260312_060023\frame_003\คันนายาว.png,3,คันนายาว,22.2608699798584,34.0,23,ฝนเล็กน้อย,1
cropped_districts_by_frame/central/20260505_010001\frame_007\จตุจักร.png,7,จตุจักร,21.5,21.5,1,ฝนเล็กน้อย,1
cropped_districts_by_frame/central/20260508_210000\frame_002\บางกอกใหญ่.png,2,บางกอกใหญ่,25.66666603088379,34.0,57,ฝนเล็กน้อย,1
cropped_districts_by_frame/north/20260508_220024\frame_006\ลาดกระบัง.png,6,ลาดกระบัง,23.81304359436035,36.5,575,ฝนเล็กน้อย,1
cropped_districts_by_frame/central/20260514_030000\frame_001\บางกะปิ.png,1,บางกะปิ,23.986841201782227,34.0,190,ฝนเล็กน้อย,1
cropped_districts_by_frame/north/20260226_230022\frame_010\บางขุนเทียน.png,10,บางขุนเทียน,25.19581413269043,46.5,669,ฝนเล็กน้อย,1
cropped_districts_by_frame/central/20260523_060001\frame_003\บึงกุ่ม.png,3,บึงกุ่ม,25.36842155456543,34.0,95,ฝนเล็กน้อย,1
cropped_districts_by_frame/north/20260520_100027\frame_006\คันนายาว.png,6,คันนายาว,21.5,21.5,2,ฝนเล็กน้อย,1
cropped_districts_by_frame/central/20260514_010000\frame_011\ปทุมวัน.png,11,ปทุมวัน,21.5,21.5,1,ฝนเล็กน้อย,1
cropped_districts_by_frame/central/20260514_020006\frame_007\จอมทอง.png,7,จอมทอง,21.5,21.5,5,ฝนเล็กน้อย,1
cropped_districts_by_frame/central/20260227_000001\frame_011\คลองเตย.png,11,คลองเตย,22.95833396911621,36.5,108,ฝนเล็กน้อย,1
cropped_districts_by_frame/central/20260227_000001\frame_000\บางกอกใหญ่.png,0,บางกอกใหญ่,21.5,21.5,2,ฝนเล็กน้อย,1
cropped_districts_by_frame/north/20260226_230022\frame_011\พระนคร.png,11,พระนคร,29.0,34.0,5,ฝนเล็กน้อย,1
cropped_districts_by_frame/north/20260508_190023\frame_000\สวนหลวง.png,0,สวนหลวง,24.0,34.0,10,ฝนเล็กน้อย,1
cropped_districts_by_frame/north/20260508_190023\frame_009\บางขุนเทียน.png,9,บางขุนเทียน,23.38524627685547,34.0,61,ฝนเล็กน้อย,1
cropped_districts_by_frame/central/20260519_210001\frame_002\วังทองหลาง.png,2,วังทองหลาง,21.928571701049805,34.0,35,ฝนเล็กน้อย,1
cropped_districts_by_frame/north/20260514_030023\frame_004\ทุ่งครุ.png,4,ทุ่งครุ,23.22709846496582,34.0,262,ฝนเล็กน้อย,1
cropped_districts_by_frame/central/20260504_180001\frame_003\คันนายาว.png,3,คันนายาว,26.60670661926269,54.0,164,ฝนเล็กน้อย,1
cropped_districts_by_frame/central/20260504_180001\frame_010\บางคอแหลม.png,10,บางคอแหลม,27.80952453613281,34.0,63,ฝนเล็กน้อย,1
cropped_districts_by_frame/north/20260507_190023\frame_006\บางกอกใหญ่.png,6,บางกอกใหญ่,24.14705848693848,34.0,34,ฝนเล็กน้อย,1
cropped_districts_by_frame/north/20260507_200023\frame_001\คันนายาว.png,1,คันนายาว,21.5,21.5,10,ฝนเล็กน้อย,1
cropped_districts_by_frame/central/20260508_190000\frame_006\หนองจอก.png,6,หนองจอก,25.515872955322266,46.5,630,ฝนเล็กน้อย,1
cropped_districts_by_frame/central/20260514_020006\frame_007\ทุ่งครุ.png,7,ทุ่งครุ,23.225589752197266,34.0,297,ฝนเล็กน้อย,1
cropped_districts_by_frame/central/20260316_150000\frame_008\บางบอน.png,8,บางบอน,27.75,34.0,2,ฝนเล็กน้อย,1
cropped_districts_by_frame/central/20260504_190001\frame_002\จอมทอง.png,2,จอมทอง,21.5,21.5,2,ฝนเล็กน้อย,1
cropped_districts_by_frame/north/20260504_220025\frame_007\ลาดกระบัง.png,7,ลาดกระบัง,21.5,21.5,12,ฝนเล็กน้อย,1
cropped_districts_by_frame/north/20260507_180025\frame_000\บางซื่อ.png,0,บางซื่อ,29.909090042114254,46.5,99,ฝนเล็กน้อย,1
cropped_districts_by_frame/north/20260517_200025\frame_003\สะพานสูง.png,3,สะพานสูง,21.5,21.5,4,ฝนเล็กน้อย,1
cropped_districts_by_frame/north/20260508_210022\frame_000\บึงกุ่ม.png,0,บึงกุ่ม,21.810651779174805,34.0,169,ฝนเล็กน้อย,1
cropped_districts_by_frame/north/20260312_070022\frame_006\บางขุนเทียน.png,6,บางขุนเทียน,23.466527938842773,41.5,239,ฝนเล็กน้อย,1
cropped_districts_by_frame/north/20260312_060023\frame_000\ทุ่งครุ.png,0,ทุ่งครุ,25.66666603088379,34.0,3,ฝนเล็กน้อย,1
cropped_districts_by_frame/central/20260520_210000\frame_009\ทวีวัฒนา.png,9,ทวีวัฒนา,22.009708404541016,34.0,103,ฝนเล็กน้อย,1
cropped_districts_by_frame/central/20260514_020006\frame_010\คันนายาว.png,10,คันนายาว,22.37719345092773,34.0,57,ฝนเล็กน้อย,1
cropped_districts_by_frame/north/20260227_000023\frame_000\จอมทอง.png,0,จอมทอง,24.20833396911621,34.0,72,ฝนเล็กน้อย,1
cropped_districts_by_frame/central/20260525_020000\frame_000\ดุสิต.png,0,ดุสิต,21.5,21.5,2,ฝนเล็กน้อย,1
cropped_districts_by_frame/north/20260507_200023\frame_000\ประเวศ.png,0,ประเวศ,21.696849822998047,34.0,127,ฝนเล็กน้อย,1
cropped_districts_by_frame/central/20260312_070000\frame_007\บางขุนเทียน.png,7,บางขุนเทียน,25.738506317138672,46.5,174,ฝนเล็กน้อย,1
cropped_districts_by_frame/central/20260520_200001\frame_003\ป้อมปราบศัตรูพ่าย.png,3,ป้อมปราบศัตรูพ่าย,21.5,21.5,2,ฝนเล็กน้อย,1
cropped_districts_by_frame/north/20260507_190023\frame_009\วัฒนา.png,9,วัฒนา,27.16176414489746,34.0,68,ฝนเล็กน้อย,1
cropped_districts_by_frame/central/20260527_030000\frame_011\ยานนาวา.png,11,ยานนาวา,26.5,34.0,8,ฝนเล็กน้อย,1
cropped_districts_by_frame/central/20260514_030000\frame_001\วัฒนา.png,1,วัฒนา,26.27777862548828,34.0,45,ฝนเล็กน้อย,1
cropped_districts_by_frame/north/20260504_180023\frame_008\หลักสี่.png,8,หลักสี่,23.141414642333984,34.0,99,ฝนเล็กน้อย,1
cropped_districts_by_frame/north/20260508_200025\frame_008\บางเขน.png,8,บางเขน,24.531496047973636,46.5,508,ฝนเล็กน้อย,1
cropped_districts_by_frame/central/20260520_100004\frame_007\สาทร.png,7,สาทร,21.77777862548828,24.0,9,ฝนเล็กน้อย,1
cropped_districts_by_frame/central/20260520_090001\frame_006\บางแค.png,6,บางแค,23.295774459838867,34.0,71,ฝนเล็กน้อย,1
cropped_districts_by_frame/north/20260520_100027\frame_007\ห้วยขวาง.png,7,ห้วยขวาง,21.5,21.5,10,ฝนเล็กน้อย,1
cropped_districts_by_frame/central/20260312_060001\frame_005\บางแค.png,5,บางแค,21.5,21.5,5,ฝนเล็กน้อย,1
cropped_districts_by_frame/north/20260507_180025\frame_007\ภาษีเจริญ.png,7,ภาษีเจริญ,21.5,21.5,4,ฝนเล็กน้อย,1
cropped_districts_by_frame/north/20260513_230023\frame_009\ทุ่งครุ.png,9,ทุ่งครุ,28.042207717895508,51.5,154,ฝนเล็กน้อย,1
cropped_districts_by_frame/north/20260227_000023\frame_011\จอมทอง.png,11,จอมทอง,23.090909957885746,34.0,22,ฝนเล็กน้อย,1
cropped_districts_by_frame/central/20260227_000001\frame_002\บางบอน.png,2,บางบอน,22.627819061279297,34.0,266,ฝนเล็กน้อย,1
cropped_districts_by_frame/north/20260312_060023\frame_010\สวนหลวง.png,10,สวนหลวง,28.747900009155277,44.0,119,ฝนเล็กน้อย,1
cropped_districts_by_frame/north/20260514_020029\frame_002\วัฒนา.png,2,วัฒนา,23.0,34.0,25,ฝนเล็กน้อย,1
cropped_districts_by_frame/north/20260520_210023\frame_003\หลักสี่.png,3,หลักสี่,24.164234161376957,41.5,137,ฝนเล็กน้อย,1
cropped_districts_by_frame/central/20260525_030000\frame_009\บึงกุ่ม.png,9,บึงกุ่ม,23.649532318115234,34.0,107,ฝนเล็กน้อย,1
cropped_districts_by_frame/central/20260508_210000\frame_000\ดอนเมือง.png,0,ดอนเมือง,23.54692649841309,34.0,309,ฝนเล็กน้อย,1
cropped_districts_by_frame/north/20260227_000023\frame_008\บางแค.png,8,บางแค,23.545454025268555,34.0,22,ฝนเล็กน้อย,1
cropped_districts_by_frame/central/20260425_190002\frame_005\บางขุนเทียน.png,5,บางขุนเทียน,21.5,21.5,4,ฝนเล็กน้อย,1
cropped_districts_by_frame/north/20260520_100027\frame_008\วัฒนา.png,8,วัฒนา,21.5,21.5,9,ฝนเล็กน้อย,1
cropped_districts_by_frame/north/20260504_170022\frame_005\สวนหลวง.png,5,สวนหลวง,29.83333396911621,34.0,3,ฝนเล็กน้อย,1
cropped_districts_by_frame/central/20260519_210001\frame_000\ลาดพร้าว.png,0,ลาดพร้าว,21.5,21.5,2,ฝนเล็กน้อย,1
cropped_districts_by_frame/central/20260312_070000\frame_002\ราชเทวี.png,2,ราชเทวี,22.15217399597168,34.0,23,ฝนเล็กน้อย,1
cropped_districts_by_frame/north/20260504_180023\frame_004\ประเวศ.png,4,ประเวศ,26.991071701049805,46.5,112,ฝนเล็กน้อย,1
cropped_districts_by_frame/central/20260525_040000\frame_002\สวนหลวง.png,2,สวนหลวง,23.95098114013672,34.0,51,ฝนเล็กน้อย,1
cropped_districts_by_frame/north/20260520_220024\frame_001\บางนา.png,1,บางนา,27.630952835083008,46.5,84,ฝนเล็กน้อย,1
cropped_districts_by_frame/north/20260514_030023\frame_002\คันนายาว.png,2,คันนายาว,21.5,21.5,7,ฝนเล็กน้อย,1
cropped_districts_by_frame/north/20260513_230023\frame_008\บางบอน.png,8,บางบอน,27.18548393249512,34.0,62,ฝนเล็กน้อย,1
cropped_districts_by_frame/central/20260523_020000\frame_007\ภาษีเจริญ.png,7,ภาษีเจริญ,22.75,34.0,10,ฝนเล็กน้อย,1
cropped_districts_by_frame/north/20260227_000023\frame_009\ราษฎร์บูรณะ.png,9,ราษฎร์บูรณะ,26.0744686126709,34.0,47,ฝนเล็กน้อย,1
cropped_districts_by_frame/central/20260504_160000\frame_000\สายไหม.png,0,สายไหม,21.5,21.5,7,ฝนเล็กน้อย,1
cropped_districts_by_frame/north/20260508_190023\frame_010\บางซื่อ.png,10,บางซื่อ,26.35714340209961,34.0,70,ฝนเล็กน้อย,1
cropped_districts_by_frame/north/20260508_190023\frame_009\บางกะปิ.png,9,บางกะปิ,24.714284896850582,34.0,14,ฝนเล็กน้อย,1
cropped_districts_by_frame/central/20260227_010001\frame_000\ภาษีเจริญ.png,0,ภาษีเจริญ,21.867647171020508,34.0,34,ฝนเล็กน้อย,1
cropped_districts_by_frame/north/20260507_200023\frame_009\ลาดกระบัง.png,9,ลาดกระบัง,21.62331771850586,34.0,223,ฝนเล็กน้อย,1
cropped_districts_by_frame/north/20260508_190023\frame_005\มีนบุรี.png,5,มีนบุรี,24.25052261352539,46.5,479,ฝนเล็กน้อย,1
cropped_districts_by_frame/north/20260504_160022\frame_007\หนองจอก.png,7,หนองจอก,29.652952194213867,59.0,559,ฝนเล็กน้อย,1
cropped_districts_by_frame/central/20260508_190000\frame_008\สายไหม.png,8,สายไหม,25.46923065185547,46.5,325,ฝนเล็กน้อย,1
cropped_districts_by_frame/north/20260504_180023\frame_000\คลองเตย.png,0,คลองเตย,28.0625,51.5,8,ฝนเล็กน้อย,1
cropped_districts_by_frame/central/20260227_000001\frame_009\ราชเทวี.png,9,ราชเทวี,24.975608825683597,34.0,82,ฝนเล็กน้อย,1
cropped_districts_by_frame/north/20260508_220024\frame_004\หนองจอก.png,4,หนองจอก,27.361268997192383,54.0,1402,ฝนเล็กน้อย,1
cropped_districts_by_frame/central/20260520_200001\frame_010\จตุจักร.png,10,จตุจักร,29.0,54.0,267,ฝนเล็กน้อย,1
cropped_districts_by_frame/north/20260504_180023\frame_006\ลาดกระบัง.png,6,ลาดกระบัง,22.10553550720215,34.0,289,ฝนเล็กน้อย,1
cropped_districts_by_frame/central/20260520_100004\frame_001\บางคอแหลม.png,1,บางคอแหลม,24.78125,34.0,16,ฝนเล็กน้อย,1
cropped_districts_by_frame/north/20260508_210022\frame_005\คลองสามวา.png,5,คลองสามวา,23.100000381469727,34.0,25,ฝนเล็กน้อย,1
cropped_districts_by_frame/central/20260523_030002\frame_006\ทวีวัฒนา.png,6,ทวีวัฒนา,22.10344886779785,34.0,232,ฝนเล็กน้อย,1
cropped_districts_by_frame/central/20260523_100002\frame_011\ลาดกระบัง.png,11,ลาดกระบัง,29.53418731689453,51.5,234,ฝนเล็กน้อย,1
cropped_districts_by_frame/central/20260523_010000\frame_007\วัฒนา.png,7,วัฒนา,21.5,21.5,3,ฝนเล็กน้อย,1
cropped_districts_by_frame/north/20260504_190024\frame_011\ลาดกระบัง.png,11,ลาดกระบัง,22.008298873901367,34.0,241,ฝนเล็กน้อย,1
cropped_districts_by_frame/north/20260507_190023\frame_011\พระโขนง.png,11,พระโขนง,22.925233840942383,34.0,107,ฝนเล็กน้อย,1
cropped_districts_by_frame/central/20260524_030001\frame_010\บางรัก.png,10,บางรัก,21.5,21.5,1,ฝนเล็กน้อย,1
cropped_districts_by_frame/central/20260525_020000\frame_008\ประเวศ.png,8,ประเวศ,26.71442413330078,54.0,513,ฝนเล็กน้อย,1
cropped_districts_by_frame/central/20260520_090001\frame_011\บางซื่อ.png,11,บางซื่อ,21.82258033752441,34.0,124,ฝนเล็กน้อย,1
cropped_districts_by_frame/central/20260508_210000\frame_007\จตุจักร.png,7,จตุจักร,21.735849380493164,34.0,53,ฝนเล็กน้อย,1
cropped_districts_by_frame/north/20260507_200023\frame_002\บางขุนเทียน.png,2,บางขุนเทียน,21.5,21.5,1,ฝนเล็กน้อย,1
cropped_districts_by_frame/central/20260520_100004\frame_006\ธนบุรี.png,6,ธนบุรี,25.875,34.0,12,ฝนเล็กน้อย,1
cropped_districts_by_frame/central/20260508_190000\frame_010\สายไหม.png,10,สายไหม,22.30827140808105,34.0,133,ฝนเล็กน้อย,1
cropped_districts_by_frame/north/20260226_220022\frame_003\ป้อมปราบศัตรูพ่าย.png,3,ป้อมปราบศัตรูพ่าย,24.41666603088379,34.0,6,ฝนเล็กน้อย,1
cropped_districts_by_frame/north/20260504_180023\frame_008\บางพลัด.png,8,บางพลัด,24.1953125,36.5,64,ฝนเล็กน้อย,1
cropped_districts_by_frame/central/20260520_100004\frame_010\บางบอน.png,10,บางบอน,21.5,21.5,3,ฝนเล็กน้อย,1
cropped_districts_by_frame/central/20260519_200001\frame_004\ราษฎร์บูรณะ.png,4,ราษฎร์บูรณะ,21.5,21.5,1,ฝนเล็กน้อย,1
cropped_districts_by_frame/north/20260501_020027\frame_007\ดินแดง.png,7,ดินแดง,29.089284896850582,51.5,28,ฝนเล็กน้อย,1
cropped_districts_by_frame/central/20260504_180001\frame_010\ราชเทวี.png,10,ราชเทวี,23.399999618530277,34.0,25,ฝนเล็กน้อย,1
cropped_districts_by_frame/central/20260316_160000\frame_002\บางขุนเทียน.png,2,บางขุนเทียน,26.84722137451172,46.5,36,ฝนเล็กน้อย,1
cropped_districts_by_frame/central/20260227_000001\frame_003\หนองแขม.png,3,หนองแขม,22.125,34.0,28,ฝนเล็กน้อย,1
cropped_districts_by_frame/north/20260508_210022\frame_002\ลาดกระบัง.png,2,ลาดกระบัง,22.178571701049805,34.0,70,ฝนเล็กน้อย,1
cropped_districts_by_frame/central/20260514_010000\frame_008\บางบอน.png,8,บางบอน,22.461538314819336,34.0,13,ฝนเล็กน้อย,1
cropped_districts_by_frame/central/20260316_150000\frame_006\คลองสามวา.png,6,คลองสามวา,27.25,34.0,20,ฝนเล็กน้อย,1
cropped_districts_by_frame/central/20260523_050000\frame_005\บางกะปิ.png,5,บางกะปิ,25.710525512695312,34.0,19,ฝนเล็กน้อย,1
cropped_districts_by_frame/central/20260520_220002\frame_006\สายไหม.png,6,สายไหม,21.5,21.5,5,ฝนเล็กน้อย,1
cropped_districts_by_frame/north/20260520_200023\frame_006\หลักสี่.png,6,หลักสี่,22.823530197143555,34.0,17,ฝนเล็กน้อย,1
cropped_districts_by_frame/north/20260517_200025\frame_004\บางกะปิ.png,4,บางกะปิ,22.125,34.0,88,ฝนเล็กน้อย,1
cropped_districts_by_frame/north/20260520_210023\frame_011\พญาไท.png,11,พญาไท,24.83333396911621,34.0,36,ฝนเล็กน้อย,1
cropped_districts_by_frame/north/20260504_190024\frame_008\มีนบุรี.png,8,มีนบุรี,22.047945022583008,34.0,219,ฝนเล็กน้อย,1
cropped_districts_by_frame/central/20260520_210000\frame_000\สะพานสูง.png,0,สะพานสูง,24.238094329833984,34.0,21,ฝนเล็กน้อย,1
cropped_districts_by_frame/north/20260514_030023\frame_005\ลาดกระบัง.png,5,ลาดกระบัง,24.419267654418945,46.5,1121,ฝนเล็กน้อย,1
cropped_districts_by_frame/north/20260312_070022\frame_000\บางซื่อ.png,0,บางซื่อ,28.27083396911621,46.5,24,ฝนเล็กน้อย,1
cropped_districts_by_frame/north/20260514_030023\frame_001\บางขุนเทียน.png,1,บางขุนเทียน,25.173532485961918,36.5,801,ฝนเล็กน้อย,1
cropped_districts_by_frame/central/20260504_180001\frame_010\ลาดพร้าว.png,10,ลาดพร้าว,24.466102600097656,34.0,59,ฝนเล็กน้อย,1
cropped_districts_by_frame/central/20260520_220002\frame_003\บึงกุ่ม.png,3,บึงกุ่ม,25.98052024841309,34.0,154,ฝนเล็กน้อย,1
cropped_districts_by_frame/central/20260508_210000\frame_004\สวนหลวง.png,4,สวนหลวง,21.827869415283203,34.0,61,ฝนเล็กน้อย,1
cropped_districts_by_frame/north/20260520_100027\frame_005\ลาดพร้าว.png,5,ลาดพร้าว,23.127906799316406,34.0,86,ฝนเล็กน้อย,1
cropped_districts_by_frame/central/20260226_230000\frame_009\ภาษีเจริญ.png,9,ภาษีเจริญ,22.912214279174805,34.0,131,ฝนเล็กน้อย,1
cropped_districts_by_frame/north/20260505_020023\frame_001\หนองจอก.png,1,หนองจอก,22.327465057373047,34.0,426,ฝนเล็กน้อย,1
cropped_districts_by_frame/north/20260507_190023\frame_005\บางกอกน้อย.png,5,บางกอกน้อย,28.64285659790039,34.0,7,ฝนเล็กน้อย,1
cropped_districts_by_frame/north/20260507_200023\frame_000\คลองสามวา.png,0,คลองสามวา,21.979591369628903,34.0,245,ฝนเล็กน้อย,1
cropped_districts_by_frame/north/20260520_220024\frame_004\ประเวศ.png,4,ประเวศ,21.954545974731445,34.0,341,ฝนเล็กน้อย,1
cropped_districts_by_frame/north/20260520_210023\frame_010\จอมทอง.png,10,จอมทอง,28.205427169799805,46.5,129,ฝนเล็กน้อย,1
cropped_districts_by_frame/north/20260312_070022\frame_004\ยานนาวา.png,4,ยานนาวา,27.125,34.0,16,ฝนเล็กน้อย,1
cropped_districts_by_frame/north/20260517_200025\frame_007\ลาดกระบัง.png,7,ลาดกระบัง,21.5,21.5,4,ฝนเล็กน้อย,1
cropped_districts_by_frame/central/20260523_010000\frame_009\บางขุนเทียน.png,9,บางขุนเทียน,22.82978630065918,34.0,47,ฝนเล็กน้อย,1
cropped_districts_by_frame/central/20260514_020006\frame_003\ลาดกระบัง.png,3,ลาดกระบัง,24.80316734313965,36.5,663,ฝนเล็กน้อย,1
cropped_districts_by_frame/central/20260527_020002\frame_006\บางขุนเทียน.png,6,บางขุนเทียน,21.839195251464844,34.0,199,ฝนเล็กน้อย,1
cropped_districts_by_frame/north/20260312_070022\frame_000\ราษฎร์บูรณะ.png,0,ราษฎร์บูรณะ,26.241378784179688,34.0,29,ฝนเล็กน้อย,1
cropped_districts_by_frame/north/20260520_220024\frame_003\บึงกุ่ม.png,3,บึงกุ่ม,21.658227920532227,34.0,237,ฝนเล็กน้อย,1
cropped_districts_by_frame/central/20260504_180001\frame_011\หลักสี่.png,11,หลักสี่,22.461538314819336,34.0,13,ฝนเล็กน้อย,1
cropped_districts_by_frame/central/20260508_200003\frame_009\สะพานสูง.png,9,สะพานสูง,22.663793563842773,34.0,232,ฝนเล็กน้อย,1
cropped_districts_by_frame/north/20260520_210023\frame_010\จตุจักร.png,10,จตุจักร,22.57976722717285,34.0,257,ฝนเล็กน้อย,1
cropped_districts_by_frame/north/20260504_160022\frame_006\ลาดพร้าว.png,6,ลาดพร้าว,22.69403076171875,41.5,67,ฝนเล็กน้อย,1
cropped_districts_by_frame/central/20260527_030000\frame_009\ทุ่งครุ.png,9,ทุ่งครุ,21.5,21.5,2,ฝนเล็กน้อย,1
cropped_districts_by_frame/north/20260507_190023\frame_008\พระโขนง.png,8,พระโขนง,23.29611587524414,34.0,103,ฝนเล็กน้อย,1
cropped_districts_by_frame/central/20260505_040003\frame_006\หนองแขม.png,6,หนองแขม,23.64285659790039,34.0,343,ฝนเล็กน้อย,1
cropped_districts_by_frame/central/20260525_010000\frame_006\ธนบุรี.png,6,ธนบุรี,26.5,46.5,5,ฝนเล็กน้อย,1
cropped_districts_by_frame/central/20260514_010000\frame_009\ลาดกระบัง.png,9,ลาดกระบัง,23.703947067260746,34.0,304,ฝนเล็กน้อย,1
cropped_districts_by_frame/central/20260525_010000\frame_007\ป้อมปราบศัตรูพ่าย.png,7,ป้อมปราบศัตรูพ่าย,24.625,34.0,4,ฝนเล็กน้อย,1
cropped_districts_by_frame/north/20260505_040026\frame_009\ราษฎร์บูรณะ.png,9,ราษฎร์บูรณะ,27.16964340209961,34.0,56,ฝนเล็กน้อย,1
cropped_districts_by_frame/central/20260316_150000\frame_004\มีนบุรี.png,4,มีนบุรี,24.037878036499023,34.0,66,ฝนเล็กน้อย,1
cropped_districts_by_frame/central/20260514_020006\frame_009\บางรัก.png,9,บางรัก,24.340909957885746,34.0,22,ฝนเล็กน้อย,1
cropped_districts_by_frame/central/20260514_020006\frame_003\มีนบุรี.png,3,มีนบุรี,25.200000762939453,34.0,50,ฝนเล็กน้อย,1
cropped_districts_by_frame/north/20260514_030023\frame_006\พระโขนง.png,6,พระโขนง,23.0625,34.0,8,ฝนเล็กน้อย,1
cropped_districts_by_frame/central/20260226_230000\frame_011\ธนบุรี.png,11,ธนบุรี,25.14583396911621,34.0,48,ฝนเล็กน้อย,1
cropped_districts_by_frame/central/20260316_150000\frame_004\บางคอแหลม.png,4,บางคอแหลม,23.0625,34.0,8,ฝนเล็กน้อย,1
cropped_districts_by_frame/central/20260218_093052\frame_007\หนองจอก.png,7,หนองจอก,27.299999237060547,46.5,25,ฝนเล็กน้อย,1
cropped_districts_by_frame/central/20260520_210000\frame_009\ดุสิต.png,9,ดุสิต,27.69791603088379,34.0,48,ฝนเล็กน้อย,1
cropped_districts_by_frame/central/20260312_060001\frame_007\วัฒนา.png,7,วัฒนา,24.316455841064453,46.5,79,ฝนเล็กน้อย,1
cropped_districts_by_frame/north/20260520_200023\frame_005\บางรัก.png,5,บางรัก,21.5,21.5,1,ฝนเล็กน้อย,1
cropped_districts_by_frame/central/20260505_010001\frame_000\บึงกุ่ม.png,0,บึงกุ่ม,21.5,21.5,3,ฝนเล็กน้อย,1
cropped_districts_by_frame/central/20260525_040000\frame_000\ยานนาวา.png,0,ยานนาวา,21.5,21.5,1,ฝนเล็กน้อย,1
cropped_districts_by_frame/north/20260520_220024\frame_001\บางซื่อ.png,1,บางซื่อ,22.39285659790039,34.0,28,ฝนเล็กน้อย,1
cropped_districts_by_frame/central/20260226_230000\frame_011\บางขุนเทียน.png,11,บางขุนเทียน,26.943702697753903,46.5,1048,ฝนเล็กน้อย,1
cropped_districts_by_frame/north/20260227_160023\frame_008\ลาดกระบัง.png,8,ลาดกระบัง,21.5,21.5,25,ฝนเล็กน้อย,1
cropped_districts_by_frame/north/20260514_020029\frame_010\ลาดกระบัง.png,10,ลาดกระบัง,26.15415954589844,54.0,1106,ฝนเล็กน้อย,1
cropped_districts_by_frame/central/20260312_070000\frame_003\บางคอแหลม.png,3,บางคอแหลม,23.0625,34.0,16,ฝนเล็กน้อย,1
cropped_districts_by_frame/north/20260520_210023\frame_011\ราษฎร์บูรณะ.png,11,ราษฎร์บูรณะ,27.40277862548828,34.0,72,ฝนเล็กน้อย,1
cropped_districts_by_frame/north/20260510_010023\frame_007\บางแค.png,7,บางแค,25.60179710388184,44.0,167,ฝนเล็กน้อย,1
cropped_districts_by_frame/central/20260514_020006\frame_009\พระโขนง.png,9,พระโขนง,23.469696044921875,34.0,132,ฝนเล็กน้อย,1
cropped_districts_by_frame/north/20260510_010023\frame_001\พญาไท.png,1,พญาไท,21.5,21.5,2,ฝนเล็กน้อย,1
cropped_districts_by_frame/north/20260520_210023\frame_010\ราษฎร์บูรณะ.png,10,ราษฎร์บูรณะ,27.0864200592041,51.5,81,ฝนเล็กน้อย,1
cropped_districts_by_frame/central/20260514_010000\frame_004\ราษฎร์บูรณะ.png,4,ราษฎร์บูรณะ,22.28125,34.0,16,ฝนเล็กน้อย,1
cropped_districts_by_frame/central/20260504_180001\frame_010\ดอนเมือง.png,10,ดอนเมือง,21.5,21.5,37,ฝนเล็กน้อย,1
cropped_districts_by_frame/central/20260523_060001\frame_001\ลาดกระบัง.png,1,ลาดกระบัง,22.145160675048828,34.0,31,ฝนเล็กน้อย,1
cropped_districts_by_frame/north/20260508_210022\frame_003\สายไหม.png,3,สายไหม,21.612781524658203,34.0,133,ฝนเล็กน้อย,1
cropped_districts_by_frame/north/20260226_230022\frame_010\บางคอแหลม.png,10,บางคอแหลม,29.855262756347656,34.0,38,ฝนเล็กน้อย,1
cropped_districts_by_frame/central/20260519_200001\frame_001\บางบอน.png,1,บางบอน,21.68518447875977,26.5,54,ฝนเล็กน้อย,1
cropped_districts_by_frame/north/20260520_100027\frame_011\บางนา.png,11,บางนา,21.5,21.5,2,ฝนเล็กน้อย,1
cropped_districts_by_frame/central/20260519_200001\frame_009\วัฒนา.png,9,วัฒนา,25.66666603088379,34.0,6,ฝนเล็กน้อย,1
cropped_districts_by_frame/north/20260520_100027\frame_001\ดอนเมือง.png,1,ดอนเมือง,21.5,21.5,52,ฝนเล็กน้อย,1
cropped_districts_by_frame/north/20260507_180025\frame_002\บางนา.png,2,บางนา,21.5,21.5,2,ฝนเล็กน้อย,1
cropped_districts_by_frame/north/20260502_070026\frame_008\ห้วยขวาง.png,8,ห้วยขวาง,23.711538314819336,34.0,52,ฝนเล็กน้อย,1
cropped_districts_by_frame/north/20260504_170022\frame_011\คันนายาว.png,11,คันนายาว,28.932886123657227,51.5,149,ฝนเล็กน้อย,1
cropped_districts_by_frame/north/20260520_100027\frame_004\บางเขน.png,4,บางเขน,22.28125,34.0,48,ฝนเล็กน้อย,1
cropped_districts_by_frame/north/20260520_100027\frame_002\หลักสี่.png,2,หลักสี่,22.920454025268555,34.0,44,ฝนเล็กน้อย,1
cropped_districts_by_frame/north/20260507_180025\frame_004\คันนายาว.png,4,คันนายาว,22.87254905700684,34.0,204,ฝนเล็กน้อย,1
cropped_districts_by_frame/central/20260519_210001\frame_003\บางกะปิ.png,3,บางกะปิ,23.754901885986328,34.0,51,ฝนเล็กน้อย,1
cropped_districts_by_frame/central/20260316_150000\frame_003\ดินแดง.png,3,ดินแดง,23.134614944458008,44.0,26,ฝนเล็กน้อย,1
cropped_districts_by_frame/north/20260520_200023\frame_008\บางซื่อ.png,8,บางซื่อ,26.43362808227539,41.5,113,ฝนเล็กน้อย,1
cropped_districts_by_frame/north/20260508_180027\frame_006\บางเขน.png,6,บางเขน,29.10416603088379,46.5,264,ฝนเล็กน้อย,1
cropped_districts_by_frame/central/20260525_020000\frame_008\ลาดกระบัง.png,8,ลาดกระบัง,25.64179039001465,34.0,67,ฝนเล็กน้อย,1
cropped_districts_by_frame/north/20260501_020027\frame_003\บางกะปิ.png,3,บางกะปิ,26.678571701049805,51.5,98,ฝนเล็กน้อย,1
cropped_districts_by_frame/north/20260514_000023\frame_011\สวนหลวง.png,11,สวนหลวง,21.5,21.5,11,ฝนเล็กน้อย,1
cropped_districts_by_frame/central/20260505_040003\frame_008\สัมพันธวงศ์.png,8,สัมพันธวงศ์,22.0,24.0,5,ฝนเล็กน้อย,1
cropped_districts_by_frame/central/20260524_060000\frame_001\ดอนเมือง.png,1,ดอนเมือง,22.33333396911621,34.0,39,ฝนเล็กน้อย,1
cropped_districts_by_frame/north/20260507_190023\frame_008\สาทร.png,8,สาทร,21.5,21.5,2,ฝนเล็กน้อย,1
cropped_districts_by_frame/north/20260226_210023\frame_008\ทวีวัฒนา.png,8,ทวีวัฒนา,21.5,21.5,3,ฝนเล็กน้อย,1
cropped_districts_by_frame/central/20260505_010001\frame_005\สวนหลวง.png,5,สวนหลวง,21.5,21.5,1,ฝนเล็กน้อย,1
cropped_districts_by_frame/central/20260505_020000\frame_003\ทวีวัฒนา.png,3,ทวีวัฒนา,21.5,21.5,6,ฝนเล็กน้อย,1
cropped_districts_by_frame/central/20260527_030000\frame_007\สะพานสูง.png,7,สะพานสูง,25.44736862182617,34.0,76,ฝนเล็กน้อย,1
cropped_districts_by_frame/central/20260523_030002\frame_009\ทวีวัฒนา.png,9,ทวีวัฒนา,22.75,34.0,10,ฝนเล็กน้อย,1
cropped_districts_by_frame/central/20260504_170000\frame_007\บึงกุ่ม.png,7,บึงกุ่ม,24.0,34.0,5,ฝนเล็กน้อย,1
cropped_districts_by_frame/north/20260520_210023\frame_010\ป้อมปราบศัตรูพ่าย.png,10,ป้อมปราบศัตรูพ่าย,25.071428298950195,34.0,7,ฝนเล็กน้อย,1
cropped_districts_by_frame/central/20260504_190001\frame_010\คันนายาว.png,10,คันนายาว,21.5,21.5,1,ฝนเล็กน้อย,1
cropped_districts_by_frame/central/20260520_210000\frame_009\ดอนเมือง.png,9,ดอนเมือง,22.97541046142578,34.0,366,ฝนเล็กน้อย,1
cropped_districts_by_frame/central/20260226_230000\frame_005\ภาษีเจริญ.png,5,ภาษีเจริญ,22.75,34.0,98,ฝนเล็กน้อย,1
cropped_districts_by_frame/north/20260508_200025\frame_010\จตุจักร.png,10,จตุจักร,22.69791603088379,34.0,96,ฝนเล็กน้อย,1
cropped_districts_by_frame/central/20260514_020006\frame_000\สะพานสูง.png,0,สะพานสูง,23.8641300201416,36.5,92,ฝนเล็กน้อย,1
cropped_districts_by_frame/north/20260507_180025\frame_004\คลองสามวา.png,4,คลองสามวา,23.33047866821289,46.5,1109,ฝนเล็กน้อย,1
cropped_districts_by_frame/central/20260520_220002\frame_006\ลาดกระบัง.png,6,ลาดกระบัง,23.716217041015625,34.0,370,ฝนเล็กน้อย,1
cropped_districts_by_frame/central/20260520_210000\frame_011\สาทร.png,11,สาทร,22.653846740722656,34.0,52,ฝนเล็กน้อย,1
cropped_districts_by_frame/north/20260514_020029\frame_010\สาทร.png,10,สาทร,26.1875,34.0,8,ฝนเล็กน้อย,1
cropped_districts_by_frame/north/20260226_170024\frame_005\สายไหม.png,5,สายไหม,21.5,21.5,3,ฝนเล็กน้อย,1
cropped_districts_by_frame/central/20260312_070000\frame_003\ห้วยขวาง.png,3,ห้วยขวาง,23.045454025268555,34.0,55,ฝนเล็กน้อย,1
cropped_districts_by_frame/north/20260520_210023\frame_007\สัมพันธวงศ์.png,7,สัมพันธวงศ์,26.5,34.0,5,ฝนเล็กน้อย,1
cropped_districts_by_frame/north/20260514_020029\frame_010\บึงกุ่ม.png,10,บึงกุ่ม,21.5,21.5,6,ฝนเล็กน้อย,1
cropped_districts_by_frame/north/20260504_180023\frame_009\สัมพันธวงศ์.png,9,สัมพันธวงศ์,27.75,34.0,2,ฝนเล็กน้อย,1
cropped_districts_by_frame/north/20260504_190024\frame_000\มีนบุรี.png,0,มีนบุรี,21.79929542541504,34.0,142,ฝนเล็กน้อย,1
cropped_districts_by_frame/north/20260504_180023\frame_008\บางซื่อ.png,8,บางซื่อ,28.691011428833008,44.0,89,ฝนเล็กน้อย,1
cropped_districts_by_frame/north/20260508_200025\frame_009\คลองสามวา.png,9,คลองสามวา,22.225378036499023,34.0,1127,ฝนเล็กน้อย,1
cropped_districts_by_frame/central/20260519_200001\frame_008\ราชเทวี.png,8,ราชเทวี,22.61111068725586,34.0,27,ฝนเล็กน้อย,1
cropped_districts_by_frame/north/20260504_180023\frame_006\บางเขน.png,6,บางเขน,22.071428298950195,34.0,140,ฝนเล็กน้อย,1
cropped_districts_by_frame/central/20260226_220000\frame_001\พระนคร.png,1,พระนคร,23.375,34.0,16,ฝนเล็กน้อย,1
cropped_districts_by_frame/central/20260525_010000\frame_006\บางรัก.png,6,บางรัก,25.66666603088379,44.0,9,ฝนเล็กน้อย,1
cropped_districts_by_frame/north/20260520_220024\frame_009\หนองจอก.png,9,หนองจอก,21.66666603088379,34.0,825,ฝนเล็กน้อย,1
cropped_districts_by_frame/central/20260505_010001\frame_002\ลาดกระบัง.png,2,ลาดกระบัง,28.889240264892575,54.0,158,ฝนเล็กน้อย,1
cropped_districts_by_frame/north/20260520_100027\frame_003\สวนหลวง.png,3,สวนหลวง,21.5,21.5,8,ฝนเล็กน้อย,1
cropped_districts_by_frame/north/20260508_190023\frame_006\พระโขนง.png,6,พระโขนง,21.5,21.5,3,ฝนเล็กน้อย,1
cropped_districts_by_frame/north/20260508_170022\frame_007\บึงกุ่ม.png,7,บึงกุ่ม,22.064516067504883,34.0,31,ฝนเล็กน้อย,1
cropped_districts_by_frame/north/20260520_210023\frame_002\สายไหม.png,2,สายไหม,27.3456974029541,51.5,337,ฝนเล็กน้อย,1
cropped_districts_by_frame/central/20260504_170000\frame_001\บึงกุ่ม.png,1,บึงกุ่ม,26.5,34.0,40,ฝนเล็กน้อย,1
cropped_districts_by_frame/central/20260508_190000\frame_006\ธนบุรี.png,6,ธนบุรี,21.5,21.5,1,ฝนเล็กน้อย,1
cropped_districts_by_frame/central/20260519_200001\frame_001\บางแค.png,1,บางแค,22.5,34.0,30,ฝนเล็กน้อย,1
cropped_districts_by_frame/north/20260312_070022\frame_001\สาทร.png,1,สาทร,22.88888931274414,34.0,9,ฝนเล็กน้อย,1
cropped_districts_by_frame/north/20260504_180023\frame_007\วังทองหลาง.png,7,วังทองหลาง,28.00735282897949,34.0,136,ฝนเล็กน้อย,1
cropped_districts_by_frame/central/20260520_090001\frame_007\หนองแขม.png,7,หนองแขม,21.5,21.5,21,ฝนเล็กน้อย,1
cropped_districts_by_frame/central/20260514_010000\frame_007\บางขุนเทียน.png,7,บางขุนเทียน,22.52493095397949,34.0,722,ฝนเล็กน้อย,1
cropped_districts_by_frame/north/20260505_050024\frame_002\ยานนาวา.png,2,ยานนาวา,25.66666603088379,34.0,3,ฝนเล็กน้อย,1
cropped_districts_by_frame/north/20260508_200025\frame_004\หนองจอก.png,4,หนองจอก,25.50567054748535,46.5,2557,ฝนเล็กน้อย,1
cropped_districts_by_frame/north/20260520_100027\frame_003\พระโขนง.png,3,พระโขนง,21.5,21.5,1,ฝนเล็กน้อย,1
cropped_districts_by_frame/central/20260519_210001\frame_005\คันนายาว.png,5,คันนายาว,22.125,34.0,20,ฝนเล็กน้อย,1
cropped_districts_by_frame/north/20260520_100027\frame_005\บางนา.png,5,บางนา,23.375,34.0,16,ฝนเล็กน้อย,1
cropped_districts_by_frame/north/20260505_030024\frame_002\บางขุนเทียน.png,2,บางขุนเทียน,24.758272171020508,46.5,544,ฝนเล็กน้อย,1
cropped_districts_by_frame/north/20260501_020027\frame_005\สะพานสูง.png,5,สะพานสูง,27.77777862548828,46.5,45,ฝนเล็กน้อย,1
cropped_districts_by_frame/central/20260523_050000\frame_004\บางกะปิ.png,4,บางกะปิ,23.485294342041016,34.0,34,ฝนเล็กน้อย,1
cropped_districts_by_frame/central/20260523_030002\frame_004\บางกอกใหญ่.png,4,บางกอกใหญ่,21.5,21.5,14,ฝนเล็กน้อย,1
cropped_districts_by_frame/central/20260218_093052\frame_005\บางแค.png,5,บางแค,26.1875,34.0,16,ฝนเล็กน้อย,1
cropped_districts_by_frame/central/20260520_100004\frame_004\ภาษีเจริญ.png,4,ภาษีเจริญ,23.913793563842773,34.0,29,ฝนเล็กน้อย,1
cropped_districts_by_frame/central/20260316_150000\frame_010\มีนบุรี.png,10,มีนบุรี,25.1875,34.0,40,ฝนเล็กน้อย,1
cropped_districts_by_frame/north/20260501_020027\frame_003\บางซื่อ.png,3,บางซื่อ,23.375,29.0,4,ฝนเล็กน้อย,1
cropped_districts_by_frame/central/20260527_030000\frame_008\ประเวศ.png,8,ประเวศ,24.24937629699707,34.0,401,ฝนเล็กน้อย,1
cropped_districts_by_frame/north/20260520_100027\frame_006\วัฒนา.png,6,วัฒนา,21.5,21.5,5,ฝนเล็กน้อย,1
cropped_districts_by_frame/central/20260505_040003\frame_007\ทุ่งครุ.png,7,ทุ่งครุ,26.120689392089844,36.5,290,ฝนเล็กน้อย,1
cropped_districts_by_frame/north/20260514_030023\frame_001\บางนา.png,1,บางนา,25.89130401611328,34.0,115,ฝนเล็กน้อย,1
cropped_districts_by_frame/central/20260523_010000\frame_009\ธนบุรี.png,9,ธนบุรี,22.214284896850582,31.5,14,ฝนเล็กน้อย,1
cropped_districts_by_frame/central/20260519_200001\frame_010\คันนายาว.png,10,คันนายาว,24.60897445678711,34.0,78,ฝนเล็กน้อย,1
cropped_districts_by_frame/central/20260523_030002\frame_006\ทุ่งครุ.png,6,ทุ่งครุ,21.794116973876957,26.5,17,ฝนเล็กน้อย,1
cropped_districts_by_frame/north/20260507_190023\frame_003\คันนายาว.png,3,คันนายาว,23.18168258666992,34.0,333,ฝนเล็กน้อย,1
cropped_districts_by_frame/central/20260226_220000\frame_002\ทุ่งครุ.png,2,ทุ่งครุ,21.5,21.5,2,ฝนเล็กน้อย,1
cropped_districts_by_frame/central/20260316_150000\frame_010\คลองสามวา.png,10,คลองสามวา,29.0,34.0,5,ฝนเล็กน้อย,1
cropped_districts_by_frame/central/20260525_010000\frame_010\บางกอกน้อย.png,10,บางกอกน้อย,21.5,21.5,1,ฝนเล็กน้อย,1
cropped_districts_by_frame/central/20260523_010000\frame_007\บางขุนเทียน.png,7,บางขุนเทียน,22.157894134521484,34.0,38,ฝนเล็กน้อย,1
cropped_districts_by_frame/central/20260312_060001\frame_005\ห้วยขวาง.png,5,ห้วยขวาง,23.92718505859375,34.0,103,ฝนเล็กน้อย,1
cropped_districts_by_frame/north/20260514_030023\frame_009\หนองจอก.png,9,หนองจอก,21.58680534362793,34.0,720,ฝนเล็กน้อย,1
cropped_districts_by_frame/north/20260520_100027\frame_010\สวนหลวง.png,10,สวนหลวง,21.5,21.5,8,ฝนเล็กน้อย,1
cropped_districts_by_frame/north/20260426_160026\frame_006\คลองสามวา.png,6,คลองสามวา,22.303571701049805,34.0,56,ฝนเล็กน้อย,1
cropped_districts_by_frame/central/20260525_030000\frame_009\คันนายาว.png,9,คันนายาว,22.49056625366211,34.0,53,ฝนเล็กน้อย,1
cropped_districts_by_frame/central/20260514_020006\frame_004\ทุ่งครุ.png,4,ทุ่งครุ,23.917219161987305,34.0,302,ฝนเล็กน้อย,1
cropped_districts_by_frame/north/20260504_180023\frame_008\ปทุมวัน.png,8,ปทุมวัน,21.5,21.5,1,ฝนเล็กน้อย,1
cropped_districts_by_frame/central/20260508_210000\frame_006\บางรัก.png,6,บางรัก,23.79166603088379,34.0,24,ฝนเล็กน้อย,1
cropped_districts_by_frame/central/20260505_050001\frame_001\สาทร.png,1,สาทร,22.75,24.0,2,ฝนเล็กน้อย,1
cropped_districts_by_frame/north/20260505_050024\frame_007\บางขุนเทียน.png,7,บางขุนเทียน,22.75,24.0,2,ฝนเล็กน้อย,1
cropped_districts_by_frame/central/20260312_070000\frame_003\คลองเตย.png,3,คลองเตย,24.909090042114254,34.0,11,ฝนเล็กน้อย,1
cropped_districts_by_frame/central/20260523_030002\frame_005\บางขุนเทียน.png,5,บางขุนเทียน,21.79660987854004,34.0,59,ฝนเล็กน้อย,1
cropped_districts_by_frame/central/20260523_030002\frame_002\ภาษีเจริญ.png,2,ภาษีเจริญ,21.724550247192383,34.0,167,ฝนเล็กน้อย,1
cropped_districts_by_frame/central/20260226_230000\frame_010\ทุ่งครุ.png,10,ทุ่งครุ,23.06626510620117,34.0,83,ฝนเล็กน้อย,1
cropped_districts_by_frame/north/20260510_010023\frame_004\บางกอกน้อย.png,4,บางกอกน้อย,24.10683822631836,46.5,117,ฝนเล็กน้อย,1
cropped_districts_by_frame/north/20260507_190023\frame_004\บางพลัด.png,4,บางพลัด,24.778688430786133,34.0,61,ฝนเล็กน้อย,1
cropped_districts_by_frame/north/20260520_100027\frame_001\สายไหม.png,1,สายไหม,21.5,21.5,1,ฝนเล็กน้อย,1
cropped_districts_by_frame/north/20260426_160026\frame_011\วังทองหลาง.png,11,วังทองหลาง,21.5,21.5,2,ฝนเล็กน้อย,1
cropped_districts_by_frame/central/20260525_020000\frame_001\บางกะปิ.png,1,บางกะปิ,23.31034469604492,46.5,87,ฝนเล็กน้อย,1
cropped_districts_by_frame/central/20260525_020000\frame_011\พระโขนง.png,11,พระโขนง,22.409090042114254,26.5,11,ฝนเล็กน้อย,1
cropped_districts_by_frame/north/20260504_180023\frame_005\ยานนาวา.png,5,ยานนาวา,27.75,34.0,6,ฝนเล็กน้อย,1
cropped_districts_by_frame/north/20260508_190023\frame_005\บางนา.png,5,บางนา,26.8125,34.0,8,ฝนเล็กน้อย,1
cropped_districts_by_frame/central/20260508_210000\frame_001\คลองสามวา.png,1,คลองสามวา,22.461538314819336,34.0,13,ฝนเล็กน้อย,1
cropped_districts_by_frame/north/20260508_230023\frame_002\หนองจอก.png,2,หนองจอก,21.719942092895508,34.0,341,ฝนเล็กน้อย,1
cropped_districts_by_frame/north/20260504_180023\frame_001\ดอนเมือง.png,1,ดอนเมือง,21.5,21.5,10,ฝนเล็กน้อย,1
cropped_districts_by_frame/central/20260316_150000\frame_006\ดินแดง.png,6,ดินแดง,23.85714340209961,34.0,35,ฝนเล็กน้อย,1
cropped_districts_by_frame/central/20260226_230000\frame_011\บางรัก.png,11,บางรัก,27.75,34.0,8,ฝนเล็กน้อย,1
cropped_districts_by_frame/north/20260502_080024\frame_005\สายไหม.png,5,สายไหม,21.5,21.5,9,ฝนเล็กน้อย,1
cropped_districts_by_frame/central/20260505_030001\frame_001\บางบอน.png,1,บางบอน,23.041353225708008,34.0,133,ฝนเล็กน้อย,1
cropped_districts_by_frame/north/20260520_100027\frame_002\วัฒนา.png,2,วัฒนา,21.5,21.5,14,ฝนเล็กน้อย,1
cropped_districts_by_frame/central/20260505_040003\frame_006\บางกอกใหญ่.png,6,บางกอกใหญ่,21.991071701049805,34.0,56,ฝนเล็กน้อย,1
cropped_districts_by_frame/central/20260514_020006\frame_006\ทุ่งครุ.png,6,ทุ่งครุ,23.677152633666992,34.0,302,ฝนเล็กน้อย,1
cropped_districts_by_frame/north/20260507_190023\frame_000\ลาดพร้าว.png,0,ลาดพร้าว,22.398202896118164,34.0,167,ฝนเล็กน้อย,1
cropped_districts_by_frame/central/20260227_000001\frame_011\บางพลัด.png,11,บางพลัด,21.5,21.5,2,ฝนเล็กน้อย,1
cropped_districts_by_frame/central/20260520_220002\frame_004\ห้วยขวาง.png,4,ห้วยขวาง,21.5,21.5,7,ฝนเล็กน้อย,1
cropped_districts_by_frame/central/20260523_020000\frame_009\หนองจอก.png,9,หนองจอก,25.90217399597168,34.0,46,ฝนเล็กน้อย,1
cropped_districts_by_frame/north/20260514_020029\frame_006\ทุ่งครุ.png,6,ทุ่งครุ,24.485610961914062,36.5,278,ฝนเล็กน้อย,1
cropped_districts_by_frame/central/20260504_180001\frame_007\ลาดกระบัง.png,7,ลาดกระบัง,26.731481552124023,46.5,108,ฝนเล็กน้อย,1
cropped_districts_by_frame/north/20260426_160026\frame_007\พญาไท.png,7,พญาไท,22.54166603088379,34.0,12,ฝนเล็กน้อย,1
cropped_districts_by_frame/central/20260218_093052\frame_002\สายไหม.png,2,สายไหม,25.09375,34.0,16,ฝนเล็กน้อย,1
cropped_districts_by_frame/north/20260312_070022\frame_006\ราษฎร์บูรณะ.png,6,ราษฎร์บูรณะ,21.5,21.5,4,ฝนเล็กน้อย,1
cropped_districts_by_frame/central/20260519_210001\frame_000\ธนบุรี.png,0,ธนบุรี,24.0,34.0,22,ฝนเล็กน้อย,1
cropped_districts_by_frame/central/20260508_200003\frame_005\ทวีวัฒนา.png,5,ทวีวัฒนา,23.19753074645996,34.0,162,ฝนเล็กน้อย,1
cropped_districts_by_frame/central/20260514_020006\frame_011\บางคอแหลม.png,11,บางคอแหลม,25.16666603088379,34.0,30,ฝนเล็กน้อย,1
cropped_districts_by_frame/central/20260524_040006\frame_002\ราชเทวี.png,2,ราชเทวี,21.5,21.5,1,ฝนเล็กน้อย,1
cropped_districts_by_frame/central/20260519_200001\frame_010\บางแค.png,10,บางแค,21.83854103088379,34.0,96,ฝนเล็กน้อย,1
cropped_districts_by_frame/central/20260316_150000\frame_011\บางขุนเทียน.png,11,บางขุนเทียน,23.7297306060791,46.5,37,ฝนเล็กน้อย,1
cropped_districts_by_frame/north/20260505_030024\frame_011\บางขุนเทียน.png,11,บางขุนเทียน,25.905555725097656,54.0,450,ฝนเล็กน้อย,1
cropped_districts_by_frame/central/20260523_020000\frame_000\บางซื่อ.png,0,บางซื่อ,24.546875,46.5,64,ฝนเล็กน้อย,1
cropped_districts_by_frame/central/20260227_010001\frame_006\บางนา.png,6,บางนา,21.5,21.5,1,ฝนเล็กน้อย,1
cropped_districts_by_frame/central/20260520_210000\frame_009\ธนบุรี.png,9,ธนบุรี,26.70270347595215,54.0,37,ฝนเล็กน้อย,1
cropped_districts_by_frame/central/20260527_030000\frame_009\สวนหลวง.png,9,สวนหลวง,21.5,21.5,3,ฝนเล็กน้อย,1
cropped_districts_by_frame/central/20260508_200003\frame_001\มีนบุรี.png,1,มีนบุรี,23.31818199157715,36.5,176,ฝนเล็กน้อย,1
cropped_districts_by_frame/central/20260523_010000\frame_007\บางซื่อ.png,7,บางซื่อ,25.700000762939453,46.5,25,ฝนเล็กน้อย,1
cropped_districts_by_frame/central/20260226_210001\frame_009\ทวีวัฒนา.png,9,ทวีวัฒนา,28.74576187133789,46.5,59,ฝนเล็กน้อย,1
cropped_districts_by_frame/central/20260508_210000\frame_000\ตลิ่งชัน.png,0,ตลิ่งชัน,21.5,21.5,8,ฝนเล็กน้อย,1
cropped_districts_by_frame/central/20260519_200001\frame_008\บางบอน.png,8,บางบอน,21.5,21.5,1,ฝนเล็กน้อย,1
cropped_districts_by_frame/central/20260519_200001\frame_000\จอมทอง.png,0,จอมทอง,24.8157901763916,46.5,190,ฝนเล็กน้อย,1
cropped_districts_by_frame/north/20260520_220024\frame_001\ลาดพร้าว.png,1,ลาดพร้าว,24.48423385620117,34.0,222,ฝนเล็กน้อย,1
cropped_districts_by_frame/central/20260519_220001\frame_001\หนองจอก.png,1,หนองจอก,24.14797592163086,36.5,321,ฝนเล็กน้อย,1
cropped_districts_by_frame/central/20260524_030001\frame_010\ราชเทวี.png,10,ราชเทวี,22.269229888916016,34.0,26,ฝนเล็กน้อย,1
cropped_districts_by_frame/central/20260227_000001\frame_008\พระนคร.png,8,พระนคร,25.12244987487793,34.0,49,ฝนเล็กน้อย,1
cropped_districts_by_frame/north/20260507_200023\frame_008\ประเวศ.png,8,ประเวศ,21.7227725982666,34.0,202,ฝนเล็กน้อย,1
cropped_districts_by_frame/north/20260520_220024\frame_000\วังทองหลาง.png,0,วังทองหลาง,25.776729583740234,34.0,159,ฝนเล็กน้อย,1
cropped_districts_by_frame/central/20260508_190000\frame_009\ลาดพร้าว.png,9,ลาดพร้าว,23.889936447143555,34.0,159,ฝนเล็กน้อย,1
cropped_districts_by_frame/north/20260514_020029\frame_010\พระโขนง.png,10,พระโขนง,26.61467933654785,46.5,109,ฝนเล็กน้อย,1
cropped_districts_by_frame/central/20260524_040006\frame_004\หลักสี่.png,4,หลักสี่,24.83333396911621,34.0,15,ฝนเล็กน้อย,1
cropped_districts_by_frame/north/20260507_200023\frame_008\คันนายาว.png,8,คันนายาว,21.5,21.5,4,ฝนเล็กน้อย,1
cropped_districts_by_frame/north/20260507_180025\frame_003\หลักสี่.png,3,หลักสี่,22.39285659790039,34.0,14,ฝนเล็กน้อย,1
cropped_districts_by_frame/central/20260312_070000\frame_001\บางรัก.png,1,บางรัก,24.441177368164062,34.0,17,ฝนเล็กน้อย,1
cropped_districts_by_frame/north/20260502_070026\frame_007\ลาดพร้าว.png,7,ลาดพร้าว,24.931371688842773,44.0,102,ฝนเล็กน้อย,1
cropped_districts_by_frame/central/20260520_200001\frame_007\คลองเตย.png,7,คลองเตย,25.5625,54.0,8,ฝนเล็กน้อย,1
cropped_districts_by_frame/north/20260508_210022\frame_000\ลาดพร้าว.png,0,ลาดพร้าว,21.88194465637207,34.0,216,ฝนเล็กน้อย,1
cropped_districts_by_frame/central/20260520_220002\frame_001\บางกอกใหญ่.png,1,บางกอกใหญ่,22.461538314819336,34.0,26,ฝนเล็กน้อย,1
cropped_districts_by_frame/central/20260508_200003\frame_009\บางแค.png,9,บางแค,21.5,21.5,7,ฝนเล็กน้อย,1
cropped_districts_by_frame/central/20260525_040000\frame_001\ยานนาวา.png,1,ยานนาวา,21.5,21.5,1,ฝนเล็กน้อย,1
cropped_districts_by_frame/central/20260520_100004\frame_004\ป้อมปราบศัตรูพ่าย.png,4,ป้อมปราบศัตรูพ่าย,21.5,21.5,1,ฝนเล็กน้อย,1
cropped_districts_by_frame/north/20260312_070022\frame_000\จอมทอง.png,0,จอมทอง,23.328357696533203,34.0,67,ฝนเล็กน้อย,1
cropped_districts_by_frame/north/20260514_020029\frame_010\สะพานสูง.png,10,สะพานสูง,24.3951358795166,34.0,329,ฝนเล็กน้อย,1
cropped_districts_by_frame/central/20260508_210000\frame_011\ตลิ่งชัน.png,11,ตลิ่งชัน,21.867647171020508,34.0,34,ฝนเล็กน้อย,1
cropped_districts_by_frame/north/20260510_010023\frame_003\บางกอกใหญ่.png,3,บางกอกใหญ่,26.592592239379883,41.5,27,ฝนเล็กน้อย,1
cropped_districts_by_frame/central/20260525_010000\frame_004\บางขุนเทียน.png,4,บางขุนเทียน,25.831642150878903,54.0,591,ฝนเล็กน้อย,1
cropped_districts_by_frame/central/20260508_190000\frame_010\คลองสามวา.png,10,คลองสามวา,23.0,34.0,105,ฝนเล็กน้อย,1
cropped_districts_by_frame/north/20260520_100027\frame_003\วัฒนา.png,3,วัฒนา,22.714284896850582,34.0,35,ฝนเล็กน้อย,1
cropped_districts_by_frame/central/20260525_020000\frame_008\สะพานสูง.png,8,สะพานสูง,22.33333396911621,34.0,15,ฝนเล็กน้อย,1
cropped_districts_by_frame/central/20260508_220002\frame_002\มีนบุรี.png,2,มีนบุรี,21.5,21.5,4,ฝนเล็กน้อย,1
cropped_districts_by_frame/north/20260507_180025\frame_007\สะพานสูง.png,7,สะพานสูง,23.504438400268555,36.5,338,ฝนเล็กน้อย,1
cropped_districts_by_frame/north/20260508_200025\frame_010\คันนายาว.png,10,คันนายาว,23.08424949645996,34.0,273,ฝนเล็กน้อย,1
cropped_districts_by_frame/central/20260523_050000\frame_004\มีนบุรี.png,4,มีนบุรี,24.19230842590332,34.0,208,ฝนเล็กน้อย,1
cropped_districts_by_frame/central/20260520_220002\frame_001\บางกะปิ.png,1,บางกะปิ,25.072874069213867,46.5,247,ฝนเล็กน้อย,1
cropped_districts_by_frame/central/20260505_040003\frame_005\บางแค.png,5,บางแค,21.96636009216309,34.0,327,ฝนเล็กน้อย,1
cropped_districts_by_frame/central/20260520_100004\frame_008\บางนา.png,8,บางนา,21.5,21.5,1,ฝนเล็กน้อย,1
cropped_districts_by_frame/central/20260227_000001\frame_004\ทุ่งครุ.png,4,ทุ่งครุ,28.636871337890625,46.5,179,ฝนเล็กน้อย,1
cropped_districts_by_frame/central/20260505_030001\frame_006\ทุ่งครุ.png,6,ทุ่งครุ,21.5,21.5,1,ฝนเล็กน้อย,1
cropped_districts_by_frame/north/20260507_180025\frame_009\บางกะปิ.png,9,บางกะปิ,22.83763885498047,34.0,271,ฝนเล็กน้อย,1
cropped_districts_by_frame/north/20260508_200025\frame_009\ดอนเมือง.png,9,ดอนเมือง,27.78133773803711,46.5,359,ฝนเล็กน้อย,1
cropped_districts_by_frame/central/20260508_200003\frame_003\บางเขน.png,3,บางเขน,21.68867874145508,26.5,53,ฝนเล็กน้อย,1
cropped_districts_by_frame/central/20260508_190000\frame_005\บางซื่อ.png,5,บางซื่อ,25.578947067260746,34.0,38,ฝนเล็กน้อย,1
cropped_districts_by_frame/central/20260520_220002\frame_006\ห้วยขวาง.png,6,ห้วยขวาง,21.5,21.5,1,ฝนเล็กน้อย,1
cropped_districts_by_frame/central/20260312_060001\frame_011\พญาไท.png,11,พญาไท,27.59649085998535,46.5,57,ฝนเล็กน้อย,1
cropped_districts_by_frame/central/20260519_210001\frame_000\ประเวศ.png,0,ประเวศ,28.073427200317383,54.0,286,ฝนเล็กน้อย,1
cropped_districts_by_frame/central/20260514_010000\frame_007\บางคอแหลม.png,7,บางคอแหลม,28.537036895751957,46.5,27,ฝนเล็กน้อย,1
cropped_districts_by_frame/central/20260218_130000\frame_001\บางแค.png,1,บางแค,22.157894134521484,34.0,19,ฝนเล็กน้อย,1
cropped_districts_by_frame/central/20260227_000001\frame_009\สัมพันธวงศ์.png,9,สัมพันธวงศ์,24.0,34.0,15,ฝนเล็กน้อย,1
cropped_districts_by_frame/north/20260508_210022\frame_000\บางกะปิ.png,0,บางกะปิ,22.009803771972656,34.0,255,ฝนเล็กน้อย,1
cropped_districts_by_frame/north/20260227_160023\frame_008\มีนบุรี.png,8,มีนบุรี,21.5,21.5,23,ฝนเล็กน้อย,1
cropped_districts_by_frame/north/20260501_020027\frame_007\สะพานสูง.png,7,สะพานสูง,22.3125,34.0,40,ฝนเล็กน้อย,1
cropped_districts_by_frame/central/20260508_190000\frame_001\บางเขน.png,1,บางเขน,28.34210586547852,54.0,247,ฝนเล็กน้อย,1
cropped_districts_by_frame/north/20260520_100027\frame_006\ดอนเมือง.png,6,ดอนเมือง,22.35597801208496,34.0,184,ฝนเล็กน้อย,1
cropped_districts_by_frame/north/20260505_050024\frame_001\บางขุนเทียน.png,1,บางขุนเทียน,21.691326141357425,34.0,196,ฝนเล็กน้อย,1
cropped_districts_by_frame/central/20260523_020000\frame_007\ราษฎร์บูรณะ.png,7,ราษฎร์บูรณะ,24.59782600402832,34.0,46,ฝนเล็กน้อย,1
cropped_districts_by_frame/central/20260514_020006\frame_008\หนองจอก.png,8,หนองจอก,27.734424591064453,36.5,642,ฝนเล็กน้อย,1
cropped_districts_by_frame/central/20260504_180001\frame_001\คลองสามวา.png,1,คลองสามวา,25.08974266052246,36.5,78,ฝนเล็กน้อย,1
cropped_districts_by_frame/central/20260508_210000\frame_008\ตลิ่งชัน.png,8,ตลิ่งชัน,24.33783721923828,34.0,370,ฝนเล็กน้อย,1
cropped_districts_by_frame/north/20260312_070022\frame_005\บางนา.png,5,บางนา,25.20689582824707,34.0,29,ฝนเล็กน้อย,1
cropped_districts_by_frame/central/20260312_060001\frame_003\คลองสาน.png,3,คลองสาน,21.5,21.5,3,ฝนเล็กน้อย,1
cropped_districts_by_frame/north/20260520_210023\frame_000\หลักสี่.png,0,หลักสี่,23.875,34.0,120,ฝนเล็กน้อย,1
cropped_districts_by_frame/central/20260227_010001\frame_002\ห้วยขวาง.png,2,ห้วยขวาง,22.278688430786133,34.0,61,ฝนเล็กน้อย,1
cropped_districts_by_frame/central/20260520_210000\frame_003\ทวีวัฒนา.png,3,ทวีวัฒนา,27.80434799194336,54.0,207,ฝนเล็กน้อย,1
cropped_districts_by_frame/central/20260525_020000\frame_010\ยานนาวา.png,10,ยานนาวา,21.5,21.5,1,ฝนเล็กน้อย,1
cropped_districts_by_frame/north/20260227_000023\frame_008\ห้วยขวาง.png,8,ห้วยขวาง,21.5,21.5,5,ฝนเล็กน้อย,1
cropped_districts_by_frame/central/20260514_030000\frame_000\จอมทอง.png,0,จอมทอง,23.0625,34.0,8,ฝนเล็กน้อย,1
cropped_districts_by_frame/north/20260501_020027\frame_004\ห้วยขวาง.png,4,ห้วยขวาง,29.60810852050781,56.5,37,ฝนเล็กน้อย,1
cropped_districts_by_frame/north/20260514_020029\frame_007\บางกะปิ.png,7,บางกะปิ,22.84730529785156,34.0,167,ฝนเล็กน้อย,1
cropped_districts_by_frame/north/20260227_000023\frame_011\พระโขนง.png,11,พระโขนง,25.35714340209961,34.0,105,ฝนเล็กน้อย,1
cropped_districts_by_frame/north/20260520_100027\frame_011\พระโขนง.png,11,พระโขนง,23.609375,34.0,32,ฝนเล็กน้อย,1
cropped_districts_by_frame/central/20260317_140002\frame_002\หนองจอก.png,2,หนองจอก,21.5,21.5,6,ฝนเล็กน้อย,1
cropped_districts_by_frame/central/20260227_000001\frame_005\ยานนาวา.png,5,ยานนาวา,24.089284896850582,34.0,56,ฝนเล็กน้อย,1
cropped_districts_by_frame/central/20260504_180001\frame_008\ลาดพร้าว.png,8,ลาดพร้าว,23.5125789642334,34.0,159,ฝนเล็กน้อย,1
cropped_districts_by_frame/central/20260227_010001\frame_001\สวนหลวง.png,1,สวนหลวง,24.441177368164062,34.0,34,ฝนเล็กน้อย,1
cropped_districts_by_frame/north/20260504_190024\frame_000\ทวีวัฒนา.png,0,ทวีวัฒนา,26.93103408813477,44.0,87,ฝนเล็กน้อย,1
cropped_districts_by_frame/central/20260312_060001\frame_000\คันนายาว.png,0,คันนายาว,21.5,21.5,14,ฝนเล็กน้อย,1
cropped_districts_by_frame/north/20260508_210022\frame_007\ทวีวัฒนา.png,7,ทวีวัฒนา,25.5289249420166,36.5,121,ฝนเล็กน้อย,1
cropped_districts_by_frame/north/20260504_180023\frame_004\ป้อมปราบศัตรูพ่าย.png,4,ป้อมปราบศัตรูพ่าย,22.75,34.0,10,ฝนเล็กน้อย,1
cropped_districts_by_frame/north/20260507_190023\frame_002\บางเขน.png,2,บางเขน,21.55434799194336,26.5,92,ฝนเล็กน้อย,1
cropped_districts_by_frame/central/20260316_150000\frame_008\วัฒนา.png,8,วัฒนา,24.625,34.0,12,ฝนเล็กน้อย,1
cropped_districts_by_frame/north/20260501_020027\frame_003\คันนายาว.png,3,คันนายาว,22.04054069519043,41.5,37,ฝนเล็กน้อย,1
cropped_districts_by_frame/north/20260517_200025\frame_003\หนองจอก.png,3,หนองจอก,22.75,34.0,20,ฝนเล็กน้อย,1
cropped_districts_by_frame/central/20260508_190000\frame_003\ลาดพร้าว.png,3,ลาดพร้าว,27.620689392089844,54.0,116,ฝนเล็กน้อย,1
cropped_districts_by_frame/north/20260507_190023\frame_007\คันนายาว.png,7,คันนายาว,23.866220474243164,34.0,299,ฝนเล็กน้อย,1
cropped_districts_by_frame/north/20260502_070026\frame_009\ลาดกระบัง.png,9,ลาดกระบัง,24.018314361572266,51.5,273,ฝนเล็กน้อย,1
cropped_districts_by_frame/central/20260312_070000\frame_005\บางกะปิ.png,5,บางกะปิ,25.66666603088379,34.0,3,ฝนเล็กน้อย,1
cropped_districts_by_frame/central/20260514_020006\frame_007\บางคอแหลม.png,7,บางคอแหลม,25.627906799316406,34.0,43,ฝนเล็กน้อย,1
cropped_districts_by_frame/north/20260505_040026\frame_006\บางแค.png,6,บางแค,23.05303001403809,34.0,66,ฝนเล็กน้อย,1
cropped_districts_by_frame/central/20260520_090001\frame_010\หนองแขม.png,10,หนองแขม,22.298192977905277,34.0,166,ฝนเล็กน้อย,1
cropped_districts_by_frame/central/20260218_093052\frame_002\พระนคร.png,2,พระนคร,25.66666603088379,34.0,3,ฝนเล็กน้อย,1
cropped_districts_by_frame/central/20260227_000001\frame_004\คลองเตย.png,4,คลองเตย,23.897958755493164,34.0,49,ฝนเล็กน้อย,1
cropped_districts_by_frame/central/20260519_210001\frame_002\คันนายาว.png,2,คันนายาว,23.0,34.0,25,ฝนเล็กน้อย,1
cropped_districts_by_frame/north/20260510_010023\frame_001\บางเขน.png,1,บางเขน,21.5,21.5,18,ฝนเล็กน้อย,1
cropped_districts_by_frame/central/20260505_040003\frame_004\บางบอน.png,4,บางบอน,22.008474349975582,34.0,118,ฝนเล็กน้อย,1
cropped_districts_by_frame/north/20260520_220024\frame_007\หนองจอก.png,7,หนองจอก,22.6889591217041,46.5,1884,ฝนเล็กน้อย,1
cropped_districts_by_frame/central/20260519_200001\frame_003\สาทร.png,3,สาทร,24.18292617797852,34.0,41,ฝนเล็กน้อย,1
cropped_districts_by_frame/north/20260517_210023\frame_010\หนองจอก.png,10,หนองจอก,21.91666603088379,34.0,138,ฝนเล็กน้อย,1
cropped_districts_by_frame/central/20260520_200001\frame_005\บางรัก.png,5,บางรัก,29.83333396911621,46.5,6,ฝนเล็กน้อย,1
cropped_districts_by_frame/central/20260520_220002\frame_011\หนองจอก.png,11,หนองจอก,21.5,21.5,2,ฝนเล็กน้อย,1
cropped_districts_by_frame/central/20260520_210000\frame_002\สายไหม.png,2,สายไหม,28.110671997070312,54.0,253,ฝนเล็กน้อย,1
cropped_districts_by_frame/north/20260226_220022\frame_004\จอมทอง.png,4,จอมทอง,23.230770111083984,34.0,26,ฝนเล็กน้อย,1
cropped_districts_by_frame/central/20260514_020006\frame_007\สะพานสูง.png,7,สะพานสูง,26.339622497558597,54.0,265,ฝนเล็กน้อย,1
cropped_districts_by_frame/central/20260508_210000\frame_007\ธนบุรี.png,7,ธนบุรี,22.88888931274414,34.0,18,ฝนเล็กน้อย,1
cropped_districts_by_frame/central/20260520_220002\frame_000\บางรัก.png,0,บางรัก,25.964284896850582,34.0,28,ฝนเล็กน้อย,1
cropped_districts_by_frame/north/20260508_200025\frame_008\คลองสามวา.png,8,คลองสามวา,23.286291122436523,36.5,1240,ฝนเล็กน้อย,1
cropped_districts_by_frame/central/20260524_030001\frame_007\ยานนาวา.png,7,ยานนาวา,21.5,21.5,1,ฝนเล็กน้อย,1
cropped_districts_by_frame/north/20260510_010023\frame_000\บางเขน.png,0,บางเขน,22.0,26.5,10,ฝนเล็กน้อย,1
cropped_districts_by_frame/north/20260507_190023\frame_007\สัมพันธวงศ์.png,7,สัมพันธวงศ์,27.75,34.0,2,ฝนเล็กน้อย,1
cropped_districts_by_frame/north/20260504_180023\frame_011\มีนบุรี.png,11,มีนบุรี,21.64044952392578,34.0,89,ฝนเล็กน้อย,1
cropped_districts_by_frame/north/20260514_020029\frame_009\จอมทอง.png,9,จอมทอง,21.5,21.5,1,ฝนเล็กน้อย,1
cropped_districts_by_frame/central/20260227_010001\frame_000\บางคอแหลม.png,0,บางคอแหลม,26.372880935668945,34.0,59,ฝนเล็กน้อย,1
cropped_districts_by_frame/central/20260519_200001\frame_009\บางแค.png,9,บางแค,22.38235282897949,34.0,85,ฝนเล็กน้อย,1
cropped_districts_by_frame/central/20260227_010001\frame_001\พระนคร.png,1,พระนคร,24.27777862548828,34.0,9,ฝนเล็กน้อย,1
cropped_districts_by_frame/central/20260227_000001\frame_011\ปทุมวัน.png,11,ปทุมวัน,23.14285659790039,34.0,105,ฝนเล็กน้อย,1
cropped_districts_by_frame/central/20260312_060001\frame_002\บึงกุ่ม.png,2,บึงกุ่ม,25.200000762939453,34.0,75,ฝนเล็กน้อย,1
cropped_districts_by_frame/north/20260226_170024\frame_006\สายไหม.png,6,สายไหม,21.5,21.5,1,ฝนเล็กน้อย,1
cropped_districts_by_frame/central/20260505_010001\frame_010\บางแค.png,10,บางแค,29.5687198638916,46.5,211,ฝนเล็กน้อย,1
cropped_districts_by_frame/central/20260504_180001\frame_003\ดอนเมือง.png,3,ดอนเมือง,22.54166603088379,34.0,12,ฝนเล็กน้อย,1
cropped_districts_by_frame/central/20260505_010001\frame_006\ลาดกระบัง.png,6,ลาดกระบัง,23.702381134033203,34.0,42,ฝนเล็กน้อย,1
cropped_districts_by_frame/north/20260508_200025\frame_009\หลักสี่.png,9,หลักสี่,26.64792823791504,34.0,169,ฝนเล็กน้อย,1
cropped_districts_by_frame/central/20260514_030000\frame_004\ทุ่งครุ.png,4,ทุ่งครุ,24.291519165039062,34.0,283,ฝนเล็กน้อย,1
cropped_districts_by_frame/central/20260525_010000\frame_007\ทุ่งครุ.png,7,ทุ่งครุ,23.45652198791504,46.5,161,ฝนเล็กน้อย,1
cropped_districts_by_frame/central/20260227_000001\frame_002\บางแค.png,2,บางแค,23.0,26.5,5,ฝนเล็กน้อย,1
cropped_districts_by_frame/north/20260514_000023\frame_004\ทุ่งครุ.png,4,ทุ่งครุ,23.264705657958984,34.0,255,ฝนเล็กน้อย,1
cropped_districts_by_frame/north/20260507_190023\frame_007\สะพานสูง.png,7,สะพานสูง,22.86160659790039,34.0,336,ฝนเล็กน้อย,1
cropped_districts_by_frame/central/20260226_230000\frame_011\ยานนาวา.png,11,ยานนาวา,24.471698760986328,34.0,53,ฝนเล็กน้อย,1
cropped_districts_by_frame/central/20260523_060001\frame_005\หนองจอก.png,5,หนองจอก,24.74363899230957,34.0,511,ฝนเล็กน้อย,1
cropped_districts_by_frame/central/20260226_220000\frame_000\บางแค.png,0,บางแค,23.27083396911621,34.0,24,ฝนเล็กน้อย,1
cropped_districts_by_frame/north/20260514_010023\frame_000\ยานนาวา.png,0,ยานนาวา,27.75,34.0,34,ฝนเล็กน้อย,1
cropped_districts_by_frame/central/20260316_150000\frame_007\สวนหลวง.png,7,สวนหลวง,24.15625,34.0,48,ฝนเล็กน้อย,1
cropped_districts_by_frame/central/20260504_190001\frame_009\มีนบุรี.png,9,มีนบุรี,21.5,21.5,2,ฝนเล็กน้อย,1
cropped_districts_by_frame/central/20260519_200001\frame_006\คลองเตย.png,6,คลองเตย,22.33333396911621,24.0,3,ฝนเล็กน้อย,1
cropped_districts_by_frame/central/20260525_050001\frame_007\จตุจักร.png,7,จตุจักร,21.5,21.5,1,ฝนเล็กน้อย,1
cropped_districts_by_frame/central/20260504_180001\frame_005\ลาดกระบัง.png,5,ลาดกระบัง,29.48760414123535,54.0,605,ฝนเล็กน้อย,1
cropped_districts_by_frame/central/20260525_010000\frame_003\หนองแขม.png,3,หนองแขม,24.57347679138184,46.5,279,ฝนเล็กน้อย,1
cropped_districts_by_frame/north/20260507_190023\frame_010\ราชเทวี.png,10,ราชเทวี,21.5,21.5,2,ฝนเล็กน้อย,1
cropped_districts_by_frame/central/20260520_220002\frame_002\สาทร.png,2,สาทร,21.5,21.5,9,ฝนเล็กน้อย,1
cropped_districts_by_frame/north/20260502_080024\frame_001\บึงกุ่ม.png,1,บึงกุ่ม,22.294702529907227,34.0,151,ฝนเล็กน้อย,1
cropped_districts_by_frame/central/20260520_100004\frame_011\สวนหลวง.png,11,สวนหลวง,22.79310417175293,34.0,29,ฝนเล็กน้อย,1
cropped_districts_by_frame/central/20260514_030000\frame_001\ทุ่งครุ.png,1,ทุ่งครุ,24.60606002807617,36.5,297,ฝนเล็กน้อย,1
cropped_districts_by_frame/north/20260505_040026\frame_010\ธนบุรี.png,10,ธนบุรี,21.5,21.5,10,ฝนเล็กน้อย,1
cropped_districts_by_frame/central/20260520_220002\frame_005\หลักสี่.png,5,หลักสี่,22.22368431091309,34.0,38,ฝนเล็กน้อย,1
cropped_districts_by_frame/central/20260508_200003\frame_010\หนองแขม.png,10,หนองแขม,23.21511650085449,34.0,172,ฝนเล็กน้อย,1
cropped_districts_by_frame/central/20260508_200003\frame_011\ดอนเมือง.png,11,ดอนเมือง,22.99497413635254,34.0,398,ฝนเล็กน้อย,1
cropped_districts_by_frame/central/20260519_210001\frame_000\จอมทอง.png,0,จอมทอง,22.85416603088379,34.0,24,ฝนเล็กน้อย,1
cropped_districts_by_frame/north/20260502_070026\frame_008\ลาดกระบัง.png,8,ลาดกระบัง,22.69198226928711,41.5,237,ฝนเล็กน้อย,1
cropped_districts_by_frame/north/20260227_000023\frame_010\บางขุนเทียน.png,10,บางขุนเทียน,24.752769470214844,46.5,993,ฝนเล็กน้อย,1
cropped_districts_by_frame/north/20260514_020029\frame_005\ยานนาวา.png,5,ยานนาวา,26.77227783203125,36.5,101,ฝนเล็กน้อย,1
cropped_districts_by_frame/central/20260508_210000\frame_009\บางกอกน้อย.png,9,บางกอกน้อย,21.650375366210938,26.5,133,ฝนเล็กน้อย,1
cropped_districts_by_frame/central/20260525_010000\frame_004\บางแค.png,4,บางแค,23.579124450683597,46.5,297,ฝนเล็กน้อย,1
cropped_districts_by_frame/north/20260226_220022\frame_003\ตลิ่งชัน.png,3,ตลิ่งชัน,24.625,34.0,4,ฝนเล็กน้อย,1
cropped_districts_by_frame/central/20260227_000001\frame_011\สัมพันธวงศ์.png,11,สัมพันธวงศ์,21.5,21.5,11,ฝนเล็กน้อย,1
cropped_districts_by_frame/north/20260514_020029\frame_011\มีนบุรี.png,11,มีนบุรี,24.794902801513672,34.0,412,ฝนเล็กน้อย,1
cropped_districts_by_frame/north/20260227_160023\frame_003\ลาดกระบัง.png,3,ลาดกระบัง,23.423076629638672,34.0,13,ฝนเล็กน้อย,1
cropped_districts_by_frame/central/20260520_100004\frame_003\ปทุมวัน.png,3,ปทุมวัน,21.5,21.5,2,ฝนเล็กน้อย,1
cropped_districts_by_frame/north/20260508_170022\frame_006\ลาดพร้าว.png,6,ลาดพร้าว,22.19444465637207,34.0,18,ฝนเล็กน้อย,1
cropped_districts_by_frame/north/20260504_180023\frame_011\บางแค.png,11,บางแค,24.086206436157227,34.0,29,ฝนเล็กน้อย,1
cropped_districts_by_frame/north/20260520_210023\frame_008\บางแค.png,8,บางแค,24.63025283813477,36.5,119,ฝนเล็กน้อย,1
cropped_districts_by_frame/north/20260520_200023\frame_000\ภาษีเจริญ.png,0,ภาษีเจริญ,21.5,21.5,4,ฝนเล็กน้อย,1
cropped_districts_by_frame/central/20260218_120002\frame_000\ทุ่งครุ.png,0,ทุ่งครุ,23.58333396911621,34.0,24,ฝนเล็กน้อย,1
cropped_districts_by_frame/central/20260505_010001\frame_006\บางคอแหลม.png,6,บางคอแหลม,27.75,34.0,38,ฝนเล็กน้อย,1
cropped_districts_by_frame/central/20260520_100004\frame_009\สะพานสูง.png,9,สะพานสูง,24.0,34.0,15,ฝนเล็กน้อย,1
cropped_districts_by_frame/central/20260425_190002\frame_005\บางคอแหลม.png,5,บางคอแหลม,21.5,21.5,1,ฝนเล็กน้อย,1
cropped_districts_by_frame/central/20260520_100004\frame_000\ปทุมวัน.png,0,ปทุมวัน,23.279661178588867,34.0,59,ฝนเล็กน้อย,1
cropped_districts_by_frame/north/20260226_170024\frame_001\ลาดพร้าว.png,1,ลาดพร้าว,22.54166603088379,34.0,12,ฝนเล็กน้อย,1
cropped_districts_by_frame/central/20260508_210000\frame_000\ลาดกระบัง.png,0,ลาดกระบัง,22.54166603088379,34.0,24,ฝนเล็กน้อย,1
cropped_districts_by_frame/north/20260226_180022\frame_002\สายไหม.png,2,สายไหม,28.80769157409668,44.0,13,ฝนเล็กน้อย,1
cropped_districts_by_frame/central/20260520_200001\frame_001\จอมทอง.png,1,จอมทอง,23.375,34.0,16,ฝนเล็กน้อย,1
cropped_districts_by_frame/central/20260527_030000\frame_005\สะพานสูง.png,5,สะพานสูง,21.5,21.5,8,ฝนเล็กน้อย,1
cropped_districts_by_frame/north/20260508_210022\frame_005\วัฒนา.png,5,วัฒนา,23.16666603088379,34.0,9,ฝนเล็กน้อย,1
cropped_districts_by_frame/central/20260508_190000\frame_003\บางซื่อ.png,3,บางซื่อ,21.794116973876957,26.5,17,ฝนเล็กน้อย,1
cropped_districts_by_frame/central/20260523_010000\frame_008\ธนบุรี.png,8,ธนบุรี,26.980770111083984,46.5,26,ฝนเล็กน้อย,1
cropped_districts_by_frame/central/20260520_210000\frame_007\หนองแขม.png,7,หนองแขม,25.62660217285156,44.0,312,ฝนเล็กน้อย,1
cropped_districts_by_frame/central/20260524_030001\frame_009\วัฒนา.png,9,วัฒนา,21.5,21.5,5,ฝนเล็กน้อย,1
cropped_districts_by_frame/central/20260514_020006\frame_002\วัฒนา.png,2,วัฒนา,24.0,34.0,10,ฝนเล็กน้อย,1
cropped_districts_by_frame/central/20260504_170000\frame_006\สายไหม.png,6,สายไหม,21.5,21.5,1,ฝนเล็กน้อย,1
cropped_districts_by_frame/north/20260520_100027\frame_005\ลาดกระบัง.png,5,ลาดกระบัง,22.0,34.0,25,ฝนเล็กน้อย,1
cropped_districts_by_frame/central/20260226_230000\frame_008\ภาษีเจริญ.png,8,ภาษีเจริญ,23.835765838623047,46.5,137,ฝนเล็กน้อย,1
cropped_districts_by_frame/north/20260507_190023\frame_004\ยานนาวา.png,4,ยานนาวา,23.0625,34.0,8,ฝนเล็กน้อย,1
cropped_districts_by_frame/north/20260508_210022\frame_006\บางกอกใหญ่.png,6,บางกอกใหญ่,24.625,34.0,4,ฝนเล็กน้อย,1
cropped_districts_by_frame/central/20260505_030001\frame_003\บางบอน.png,3,บางบอน,22.25581359863281,34.0,43,ฝนเล็กน้อย,1
cropped_districts_by_frame/north/20260507_190023\frame_010\จอมทอง.png,10,จอมทอง,22.786407470703125,34.0,103,ฝนเล็กน้อย,1
cropped_districts_by_frame/north/20260226_220022\frame_003\ทวีวัฒนา.png,3,ทวีวัฒนา,28.16666603088379,34.0,15,ฝนเล็กน้อย,1
cropped_districts_by_frame/central/20260520_220002\frame_003\จตุจักร.png,3,จตุจักร,21.84722137451172,34.0,36,ฝนเล็กน้อย,1
cropped_districts_by_frame/central/20260227_000001\frame_001\คลองเตย.png,1,คลองเตย,23.58333396911621,34.0,18,ฝนเล็กน้อย,1
cropped_districts_by_frame/central/20260505_020000\frame_005\ทุ่งครุ.png,5,ทุ่งครุ,23.930795669555664,34.0,289,ฝนเล็กน้อย,1
cropped_districts_by_frame/central/20260508_200003\frame_002\บางแค.png,2,บางแค,26.5,54.0,15,ฝนเล็กน้อย,1
cropped_districts_by_frame/central/20260524_040006\frame_005\ดุสิต.png,5,ดุสิต,22.58695602416992,34.0,23,ฝนเล็กน้อย,1
cropped_districts_by_frame/north/20260312_070022\frame_000\ปทุมวัน.png,0,ปทุมวัน,25.25,46.5,8,ฝนเล็กน้อย,1
cropped_districts_by_frame/north/20260226_170024\frame_001\บางเขน.png,1,บางเขน,22.653846740722656,34.0,130,ฝนเล็กน้อย,1
cropped_districts_by_frame/north/20260312_070022\frame_002\ทุ่งครุ.png,2,ทุ่งครุ,24.83870887756348,41.5,155,ฝนเล็กน้อย,1
cropped_districts_by_frame/central/20260226_230000\frame_009\บางกอกน้อย.png,9,บางกอกน้อย,23.221311569213867,34.0,61,ฝนเล็กน้อย,1
cropped_districts_by_frame/north/20260520_200023\frame_007\สัมพันธวงศ์.png,7,สัมพันธวงศ์,24.0,24.0,1,ฝนเล็กน้อย,1
cropped_districts_by_frame/central/20260523_050000\frame_010\บางกะปิ.png,10,บางกะปิ,22.100000381469727,34.0,25,ฝนเล็กน้อย,1
cropped_districts_by_frame/north/20260226_230022\frame_011\บางกอกใหญ่.png,11,บางกอกใหญ่,23.23611068725586,34.0,36,ฝนเล็กน้อย,1
cropped_districts_by_frame/central/20260312_070000\frame_005\บางนา.png,5,บางนา,25.25,34.0,20,ฝนเล็กน้อย,1
cropped_districts_by_frame/central/20260227_010001\frame_003\บางนา.png,3,บางนา,25.27777862548828,34.0,45,ฝนเล็กน้อย,1
cropped_districts_by_frame/central/20260227_010001\frame_001\ป้อมปราบศัตรูพ่าย.png,1,ป้อมปราบศัตรูพ่าย,22.28125,34.0,16,ฝนเล็กน้อย,1
cropped_districts_by_frame/central/20260505_020000\frame_001\บางแค.png,1,บางแค,23.640718460083008,34.0,167,ฝนเล็กน้อย,1
cropped_districts_by_frame/north/20260508_190023\frame_001\ราชเทวี.png,1,ราชเทวี,21.5,21.5,1,ฝนเล็กน้อย,1
cropped_districts_by_frame/central/20260508_190000\frame_009\หลักสี่.png,9,หลักสี่,25.794872283935547,34.0,117,ฝนเล็กน้อย,1
cropped_districts_by_frame/central/20260514_020006\frame_006\สาทร.png,6,สาทร,23.84375,34.0,32,ฝนเล็กน้อย,1
cropped_districts_by_frame/central/20260508_210000\frame_002\บางบอน.png,2,บางบอน,23.518348693847656,34.0,109,ฝนเล็กน้อย,1
cropped_districts_by_frame/north/20260507_180025\frame_010\สายไหม.png,10,สายไหม,21.58152198791504,26.5,92,ฝนเล็กน้อย,1
cropped_districts_by_frame/central/20260508_210000\frame_005\บางกอกใหญ่.png,5,บางกอกใหญ่,23.84375,34.0,64,ฝนเล็กน้อย,1
cropped_districts_by_frame/central/20260520_210000\frame_010\จอมทอง.png,10,จอมทอง,26.904762268066406,46.5,210,ฝนเล็กน้อย,1
cropped_districts_by_frame/north/20260312_070022\frame_008\ประเวศ.png,8,ประเวศ,21.890625,34.0,32,ฝนเล็กน้อย,1
cropped_districts_by_frame/central/20260525_010000\frame_009\ธนบุรี.png,9,ธนบุรี,24.27777862548828,34.0,18,ฝนเล็กน้อย,1
cropped_districts_by_frame/central/20260227_000001\frame_003\บางบอน.png,3,บางบอน,27.55919075012207,46.5,321,ฝนเล็กน้อย,1
cropped_districts_by_frame/north/20260514_000023\frame_005\บางขุนเทียน.png,5,บางขุนเทียน,26.805164337158203,54.0,426,ฝนเล็กน้อย,1
cropped_districts_by_frame/central/20260312_060001\frame_003\ดินแดง.png,3,ดินแดง,21.5,21.5,4,ฝนเล็กน้อย,1
cropped_districts_by_frame/central/20260425_190002\frame_006\ราษฎร์บูรณะ.png,6,ราษฎร์บูรณะ,21.5,21.5,5,ฝนเล็กน้อย,1
cropped_districts_by_frame/central/20260519_200001\frame_002\บางขุนเทียน.png,2,บางขุนเทียน,29.583755493164062,51.5,197,ฝนเล็กน้อย,1
cropped_districts_by_frame/north/20260520_210023\frame_004\บางนา.png,4,บางนา,29.85714340209961,46.5,70,ฝนเล็กน้อย,1
cropped_districts_by_frame/north/20260508_190023\frame_011\สายไหม.png,11,สายไหม,23.08959579467773,34.0,173,ฝนเล็กน้อย,1
cropped_districts_by_frame/central/20260520_100004\frame_002\บางรัก.png,2,บางรัก,24.0,34.0,10,ฝนเล็กน้อย,1
cropped_districts_by_frame/central/20260227_010001\frame_000\ทุ่งครุ.png,0,ทุ่งครุ,25.716981887817383,46.5,265,ฝนเล็กน้อย,1
cropped_districts_by_frame/north/20260312_060023\frame_008\บางกอกใหญ่.png,8,บางกอกใหญ่,21.5,21.5,1,ฝนเล็กน้อย,1
cropped_districts_by_frame/north/20260514_020029\frame_011\ยานนาวา.png,11,ยานนาวา,26.765151977539062,34.0,66,ฝนเล็กน้อย,1
cropped_districts_by_frame/central/20260523_110002\frame_005\มีนบุรี.png,5,มีนบุรี,21.88888931274414,34.0,45,ฝนเล็กน้อย,1
cropped_districts_by_frame/north/20260520_090023\frame_011\บางแค.png,11,บางแค,21.5,21.5,26,ฝนเล็กน้อย,1
cropped_districts_by_frame/central/20260508_200003\frame_008\ลาดกระบัง.png,8,ลาดกระบัง,25.6955680847168,46.5,519,ฝนเล็กน้อย,1
cropped_districts_by_frame/north/20260514_030023\frame_005\หนองจอก.png,5,หนองจอก,22.88996124267578,34.0,1036,ฝนเล็กน้อย,1
cropped_districts_by_frame/central/20260508_190000\frame_009\ดอนเมือง.png,9,ดอนเมือง,22.515625,34.0,192,ฝนเล็กน้อย,1
cropped_districts_by_frame/central/20260520_210000\frame_009\สายไหม.png,9,สายไหม,24.216217041015625,34.0,370,ฝนเล็กน้อย,1
cropped_districts_by_frame/central/20260508_190000\frame_008\บางกอกใหญ่.png,8,บางกอกใหญ่,26.08333396911621,34.0,12,ฝนเล็กน้อย,1
cropped_districts_by_frame/central/20260505_030001\frame_000\หนองแขม.png,0,หนองแขม,22.46491241455078,34.0,57,ฝนเล็กน้อย,1
cropped_districts_by_frame/central/20260505_010001\frame_010\ราษฎร์บูรณะ.png,10,ราษฎร์บูรณะ,21.5,21.5,1,ฝนเล็กน้อย,1
cropped_districts_by_frame/central/20260505_010001\frame_004\สะพานสูง.png,4,สะพานสูง,24.2976188659668,46.5,42,ฝนเล็กน้อย,1
cropped_districts_by_frame/north/20260520_100027\frame_006\บางกะปิ.png,6,บางกะปิ,21.57575798034668,24.0,33,ฝนเล็กน้อย,1
cropped_districts_by_frame/north/20260227_150023\frame_009\ลาดกระบัง.png,9,ลาดกระบัง,23.10714340209961,34.0,14,ฝนเล็กน้อย,1
cropped_districts_by_frame/central/20260523_050000\frame_006\หนองจอก.png,6,หนองจอก,24.360824584960938,34.0,97,ฝนเล็กน้อย,1
cropped_districts_by_frame/north/20260520_200023\frame_009\หลักสี่.png,9,หลักสี่,25.25,46.5,26,ฝนเล็กน้อย,1
cropped_districts_by_frame/central/20260523_020000\frame_009\หนองแขม.png,9,หนองแขม,22.325359344482425,34.0,209,ฝนเล็กน้อย,1
cropped_districts_by_frame/central/20260218_120002\frame_002\หนองแขม.png,2,หนองแขม,22.48214340209961,34.0,28,ฝนเล็กน้อย,1
cropped_districts_by_frame/central/20260523_100002\frame_005\ลาดกระบัง.png,5,ลาดกระบัง,24.28225898742676,46.5,62,ฝนเล็กน้อย,1
cropped_districts_by_frame/north/20260520_220024\frame_006\บึงกุ่ม.png,6,บึงกุ่ม,22.045454025268555,34.0,165,ฝนเล็กน้อย,1
cropped_districts_by_frame/north/20260508_200025\frame_008\หลักสี่.png,8,หลักสี่,24.265363693237305,34.0,179,ฝนเล็กน้อย,1
cropped_districts_by_frame/north/20260507_190023\frame_009\บึงกุ่ม.png,9,บึงกุ่ม,22.205394744873047,34.0,241,ฝนเล็กน้อย,1
cropped_districts_by_frame/north/20260312_070022\frame_001\บางคอแหลม.png,1,บางคอแหลม,26.83333396911621,34.0,15,ฝนเล็กน้อย,1
cropped_districts_by_frame/north/20260226_230022\frame_008\จอมทอง.png,8,จอมทอง,22.65654182434082,34.0,214,ฝนเล็กน้อย,1
cropped_districts_by_frame/central/20260525_050001\frame_007\บางเขน.png,7,บางเขน,28.12162208557129,46.5,111,ฝนเล็กน้อย,1
cropped_districts_by_frame/north/20260507_190023\frame_004\ตลิ่งชัน.png,4,ตลิ่งชัน,23.952381134033203,34.0,105,ฝนเล็กน้อย,1
cropped_districts_by_frame/central/20260514_020006\frame_004\ราษฎร์บูรณะ.png,4,ราษฎร์บูรณะ,26.12686538696289,46.5,67,ฝนเล็กน้อย,1
cropped_districts_by_frame/north/20260507_200023\frame_003\ภาษีเจริญ.png,3,ภาษีเจริญ,24.384614944458008,34.0,13,ฝนเล็กน้อย,1
cropped_districts_by_frame/north/20260520_220024\frame_003\จตุจักร.png,3,จตุจักร,23.464284896850582,34.0,42,ฝนเล็กน้อย,1
cropped_districts_by_frame/north/20260502_080024\frame_005\ลาดกระบัง.png,5,ลาดกระบัง,28.70833396911621,46.5,60,ฝนเล็กน้อย,1
cropped_districts_by_frame/north/20260514_020029\frame_000\บางขุนเทียน.png,0,บางขุนเทียน,25.1636905670166,36.5,840,ฝนเล็กน้อย,1
cropped_districts_by_frame/north/20260507_180025\frame_006\ดอนเมือง.png,6,ดอนเมือง,27.75,34.0,2,ฝนเล็กน้อย,1
cropped_districts_by_frame/central/20260523_010000\frame_008\พระนคร.png,8,พระนคร,24.872093200683597,34.0,43,ฝนเล็กน้อย,1
cropped_districts_by_frame/central/20260519_210001\frame_002\บางกะปิ.png,2,บางกะปิ,24.10714340209961,36.5,140,ฝนเล็กน้อย,1
cropped_districts_by_frame/central/20260505_010001\frame_002\หลักสี่.png,2,หลักสี่,24.625,34.0,4,ฝนเล็กน้อย,1
cropped_districts_by_frame/central/20260519_200001\frame_008\ภาษีเจริญ.png,8,ภาษีเจริญ,22.636363983154297,34.0,11,ฝนเล็กน้อย,1
cropped_districts_by_frame/central/20260228_070000\frame_002\บางเขน.png,2,บางเขน,24.909090042114254,34.0,11,ฝนเล็กน้อย,1
cropped_districts_by_frame/north/20260504_170022\frame_002\สะพานสูง.png,2,สะพานสูง,21.5,21.5,4,ฝนเล็กน้อย,1
cropped_districts_by_frame/central/20260218_093052\frame_001\บางกอกใหญ่.png,1,บางกอกใหญ่,22.636363983154297,34.0,11,ฝนเล็กน้อย,1
cropped_districts_by_frame/central/20260227_010001\frame_002\ป้อมปราบศัตรูพ่าย.png,2,ป้อมปราบศัตรูพ่าย,21.5,21.5,9,ฝนเล็กน้อย,1
cropped_districts_by_frame/north/20260508_190023\frame_011\ภาษีเจริญ.png,11,ภาษีเจริญ,23.772727966308597,34.0,11,ฝนเล็กน้อย,1
cropped_districts_by_frame/central/20260316_150000\frame_004\ราชเทวี.png,4,ราชเทวี,23.0625,34.0,8,ฝนเล็กน้อย,1
cropped_districts_by_frame/central/20260523_030002\frame_002\ทุ่งครุ.png,2,ทุ่งครุ,21.5,21.5,1,ฝนเล็กน้อย,1
cropped_districts_by_frame/central/20260508_190000\frame_009\สะพานสูง.png,9,สะพานสูง,21.5,21.5,1,ฝนเล็กน้อย,1
cropped_districts_by_frame/central/20260226_230000\frame_011\จอมทอง.png,11,จอมทอง,23.39453125,34.0,128,ฝนเล็กน้อย,1
cropped_districts_by_frame/central/20260508_210000\frame_002\หนองจอก.png,2,หนองจอก,25.42302703857422,46.5,773,ฝนเล็กน้อย,1
cropped_districts_by_frame/north/20260508_200025\frame_008\คันนายาว.png,8,คันนายาว,24.44072914123535,34.0,329,ฝนเล็กน้อย,1
cropped_districts_by_frame/central/20260227_010001\frame_008\หนองแขม.png,8,หนองแขม,25.363636016845703,34.0,11,ฝนเล็กน้อย,1
cropped_districts_by_frame/north/20260520_210023\frame_001\ดอนเมือง.png,1,ดอนเมือง,23.03716278076172,34.0,148,ฝนเล็กน้อย,1
cropped_districts_by_frame/central/20260504_180001\frame_008\บางกะปิ.png,8,บางกะปิ,24.177902221679688,34.0,267,ฝนเล็กน้อย,1
cropped_districts_by_frame/north/20260508_210022\frame_002\บึงกุ่ม.png,2,บึงกุ่ม,21.5,21.5,35,ฝนเล็กน้อย,1
cropped_districts_by_frame/central/20260504_180001\frame_008\จอมทอง.png,8,จอมทอง,25.477272033691406,34.0,22,ฝนเล็กน้อย,1
cropped_districts_by_frame/north/20260226_220022\frame_001\ภาษีเจริญ.png,1,ภาษีเจริญ,24.4761905670166,46.5,21,ฝนเล็กน้อย,1
cropped_districts_by_frame/north/20260507_190023\frame_004\วังทองหลาง.png,4,วังทองหลาง,23.6875,34.0,160,ฝนเล็กน้อย,1
cropped_districts_by_frame/north/20260226_230022\frame_008\ทุ่งครุ.png,8,ทุ่งครุ,22.33333396911621,34.0,15,ฝนเล็กน้อย,1
cropped_districts_by_frame/central/20260523_060001\frame_001\คลองสามวา.png,1,คลองสามวา,22.08728408813477,34.0,464,ฝนเล็กน้อย,1
cropped_districts_by_frame/central/20260522_120000\frame_004\พญาไท.png,4,พญาไท,21.5,21.5,1,ฝนเล็กน้อย,1
cropped_districts_by_frame/central/20260519_200001\frame_006\จอมทอง.png,6,จอมทอง,21.5,21.5,1,ฝนเล็กน้อย,1
cropped_districts_by_frame/north/20260504_170022\frame_011\ลาดกระบัง.png,11,ลาดกระบัง,26.13506126403809,51.5,733,ฝนเล็กน้อย,1
cropped_districts_by_frame/central/20260505_000001\frame_004\หนองจอก.png,4,หนองจอก,24.634920120239254,34.0,63,ฝนเล็กน้อย,1
cropped_districts_by_frame/central/20260226_220000\frame_004\ธนบุรี.png,4,ธนบุรี,26.1875,34.0,8,ฝนเล็กน้อย,1
cropped_districts_by_frame/north/20260505_020023\frame_000\ทวีวัฒนา.png,0,ทวีวัฒนา,24.83333396911621,34.0,63,ฝนเล็กน้อย,1
cropped_districts_by_frame/central/20260508_190000\frame_001\ลาดพร้าว.png,1,ลาดพร้าว,22.28125,34.0,32,ฝนเล็กน้อย,1
cropped_districts_by_frame/central/20260520_210000\frame_007\สัมพันธวงศ์.png,7,สัมพันธวงศ์,21.5,21.5,5,ฝนเล็กน้อย,1
cropped_districts_by_frame/central/20260525_010000\frame_005\บางรัก.png,5,บางรัก,29.294116973876957,54.0,17,ฝนเล็กน้อย,1
cropped_districts_by_frame/central/20260508_200003\frame_009\บางซื่อ.png,9,บางซื่อ,22.455883026123047,34.0,34,ฝนเล็กน้อย,1
cropped_districts_by_frame/central/20260525_050001\frame_002\บางนา.png,2,บางนา,21.5,21.5,1,ฝนเล็กน้อย,1
cropped_districts_by_frame/north/20260508_210022\frame_005\คลองเตย.png,5,คลองเตย,22.75,34.0,10,ฝนเล็กน้อย,1
cropped_districts_by_frame/north/20260507_190023\frame_009\พระโขนง.png,9,พระโขนง,22.76373672485352,34.0,91,ฝนเล็กน้อย,1
cropped_districts_by_frame/central/20260226_230000\frame_002\บางบอน.png,2,บางบอน,23.329072952270508,41.5,313,ฝนเล็กน้อย,1
cropped_districts_by_frame/north/20260508_200025\frame_008\หนองจอก.png,8,หนองจอก,23.03441619873047,34.0,2092,ฝนเล็กน้อย,1
cropped_districts_by_frame/central/20260504_190001\frame_000\ดุสิต.png,0,ดุสิต,23.736841201782227,34.0,38,ฝนเล็กน้อย,1
cropped_districts_by_frame/north/20260520_210023\frame_009\บางพลัด.png,9,บางพลัด,24.454545974731445,34.0,22,ฝนเล็กน้อย,1
cropped_districts_by_frame/north/20260520_210023\frame_008\สัมพันธวงศ์.png,8,สัมพันธวงศ์,27.0,34.0,5,ฝนเล็กน้อย,1
cropped_districts_by_frame/central/20260514_010000\frame_008\สาทร.png,8,สาทร,25.363636016845703,41.5,22,ฝนเล็กน้อย,1
cropped_districts_by_frame/north/20260507_190023\frame_002\ลาดพร้าว.png,2,ลาดพร้าว,22.75,34.0,78,ฝนเล็กน้อย,1
cropped_districts_by_frame/central/20260520_100004\frame_002\บางพลัด.png,2,บางพลัด,25.66666603088379,34.0,15,ฝนเล็กน้อย,1
cropped_districts_by_frame/central/20260514_030000\frame_001\บางคอแหลม.png,1,บางคอแหลม,23.08333396911621,34.0,30,ฝนเล็กน้อย,1
cropped_districts_by_frame/central/20260505_010001\frame_003\บางรัก.png,3,บางรัก,21.5,21.5,3,ฝนเล็กน้อย,1
cropped_districts_by_frame/north/20260508_200025\frame_008\บางซื่อ.png,8,บางซื่อ,22.0,26.5,10,ฝนเล็กน้อย,1
cropped_districts_by_frame/north/20260520_100027\frame_003\จตุจักร.png,3,จตุจักร,22.712121963500977,34.0,198,ฝนเล็กน้อย,1
cropped_districts_by_frame/central/20260523_030002\frame_002\บางบอน.png,2,บางบอน,22.721590042114254,34.0,176,ฝนเล็กน้อย,1
cropped_districts_by_frame/central/20260523_100002\frame_007\สะพานสูง.png,7,สะพานสูง,21.5,21.5,1,ฝนเล็กน้อย,1
cropped_districts_by_frame/central/20260227_000001\frame_001\บางรัก.png,1,บางรัก,26.5,34.0,10,ฝนเล็กน้อย,1
cropped_districts_by_frame/central/20260508_200003\frame_007\ลาดพร้าว.png,7,ลาดพร้าว,25.0321102142334,34.0,109,ฝนเล็กน้อย,1
cropped_districts_by_frame/north/20260227_160023\frame_004\มีนบุรี.png,4,มีนบุรี,22.743017196655277,44.0,179,ฝนเล็กน้อย,1
cropped_districts_by_frame/central/20260316_150000\frame_011\มีนบุรี.png,11,มีนบุรี,22.4375,34.0,40,ฝนเล็กน้อย,1
cropped_districts_by_frame/central/20260520_210000\frame_005\คลองสาน.png,5,คลองสาน,25.071428298950195,34.0,7,ฝนเล็กน้อย,1
cropped_districts_by_frame/north/20260312_070022\frame_002\วังทองหลาง.png,2,วังทองหลาง,29.19444465637207,46.5,90,ฝนเล็กน้อย,1
cropped_districts_by_frame/central/20260317_140002\frame_004\จตุจักร.png,4,จตุจักร,21.5,21.5,1,ฝนเล็กน้อย,1
cropped_districts_by_frame/central/20260227_000001\frame_010\ห้วยขวาง.png,10,ห้วยขวาง,21.5,21.5,3,ฝนเล็กน้อย,1
cropped_districts_by_frame/central/20260524_060000\frame_006\หนองจอก.png,6,หนองจอก,25.625682830810547,46.5,183,ฝนเล็กน้อย,1
cropped_districts_by_frame/central/20260523_020000\frame_008\ธนบุรี.png,8,ธนบุรี,25.08695602416992,34.0,23,ฝนเล็กน้อย,1
cropped_districts_by_frame/north/20260514_020029\frame_009\สวนหลวง.png,9,สวนหลวง,23.94186019897461,34.0,129,ฝนเล็กน้อย,1
cropped_districts_by_frame/north/20260507_200023\frame_006\ประเวศ.png,6,ประเวศ,21.792552947998047,34.0,94,ฝนเล็กน้อย,1
cropped_districts_by_frame/central/20260227_000001\frame_003\วัฒนา.png,3,วัฒนา,23.125,34.0,40,ฝนเล็กน้อย,1
cropped_districts_by_frame/central/20260312_070000\frame_000\หนองแขม.png,0,หนองแขม,23.87676048278809,46.5,142,ฝนเล็กน้อย,1
cropped_districts_by_frame/central/20260226_220000\frame_004\ทุ่งครุ.png,4,ทุ่งครุ,22.75,34.0,10,ฝนเล็กน้อย,1
cropped_districts_by_frame/central/20260520_210000\frame_011\ป้อมปราบศัตรูพ่าย.png,11,ป้อมปราบศัตรูพ่าย,26.5,34.0,11,ฝนเล็กน้อย,1
cropped_districts_by_frame/central/20260520_100004\frame_011\จตุจักร.png,11,จตุจักร,24.10416603088379,34.0,96,ฝนเล็กน้อย,1
cropped_districts_by_frame/central/20260228_070000\frame_010\ลาดกระบัง.png,10,ลาดกระบัง,29.19444465637207,46.5,90,ฝนเล็กน้อย,1
cropped_districts_by_frame/north/20260520_100027\frame_011\จตุจักร.png,11,จตุจักร,22.27102851867676,34.0,107,ฝนเล็กน้อย,1
cropped_districts_by_frame/central/20260520_210000\frame_008\บางกอกน้อย.png,8,บางกอกน้อย,24.13793182373047,34.0,145,ฝนเล็กน้อย,1
cropped_districts_by_frame/central/20260514_030000\frame_006\บางกะปิ.png,6,บางกะปิ,21.5,21.5,10,ฝนเล็กน้อย,1
cropped_districts_by_frame/central/20260523_010000\frame_007\ทวีวัฒนา.png,7,ทวีวัฒนา,22.83333396911621,34.0,30,ฝนเล็กน้อย,1
cropped_districts_by_frame/north/20260514_030023\frame_003\คลองเตย.png,3,คลองเตย,23.28571510314941,34.0,21,ฝนเล็กน้อย,1
cropped_districts_by_frame/north/20260508_220024\frame_000\ลาดกระบัง.png,0,ลาดกระบัง,24.44883346557617,34.0,557,ฝนเล็กน้อย,1
cropped_districts_by_frame/north/20260504_180023\frame_007\จตุจักร.png,7,จตุจักร,26.272727966308597,54.0,330,ฝนเล็กน้อย,1
cropped_districts_by_frame/central/20260504_180001\frame_011\หนองแขม.png,11,หนองแขม,22.75,24.0,2,ฝนเล็กน้อย,1
cropped_districts_by_frame/central/20260525_030000\frame_008\ประเวศ.png,8,ประเวศ,21.5,21.5,1,ฝนเล็กน้อย,1
cropped_districts_by_frame/north/20260227_000023\frame_009\พระนคร.png,9,พระนคร,27.66666603088379,34.0,15,ฝนเล็กน้อย,1
cropped_districts_by_frame/north/20260505_040026\frame_010\หนองแขม.png,10,หนองแขม,22.560606002807617,34.0,33,ฝนเล็กน้อย,1
cropped_districts_by_frame/north/20260504_180023\frame_008\ธนบุรี.png,8,ธนบุรี,27.0,34.0,10,ฝนเล็กน้อย,1
cropped_districts_by_frame/central/20260525_000000\frame_008\บางขุนเทียน.png,8,บางขุนเทียน,26.5,34.0,6,ฝนเล็กน้อย,1
cropped_districts_by_frame/north/20260514_010023\frame_008\วัฒนา.png,8,วัฒนา,21.5,21.5,5,ฝนเล็กน้อย,1
cropped_districts_by_frame/central/20260514_020006\frame_010\หนองจอก.png,10,หนองจอก,26.328628540039062,36.5,744,ฝนเล็กน้อย,1
cropped_districts_by_frame/central/20260523_010000\frame_011\บางกอกน้อย.png,11,บางกอกน้อย,21.619047164916992,26.5,63,ฝนเล็กน้อย,1
cropped_districts_by_frame/north/20260502_070026\frame_009\คลองเตย.png,9,คลองเตย,29.58823585510254,34.0,17,ฝนเล็กน้อย,1
cropped_districts_by_frame/north/20260508_170022\frame_011\ดอนเมือง.png,11,ดอนเมือง,23.0625,34.0,8,ฝนเล็กน้อย,1
cropped_districts_by_frame/central/20260520_220002\frame_000\บางขุนเทียน.png,0,บางขุนเทียน,21.86458396911621,34.0,48,ฝนเล็กน้อย,1
cropped_districts_by_frame/central/20260520_100004\frame_009\มีนบุรี.png,9,มีนบุรี,27.75,34.0,4,ฝนเล็กน้อย,1
cropped_districts_by_frame/central/20260514_020006\frame_006\สะพานสูง.png,6,สะพานสูง,23.685930252075195,36.5,199,ฝนเล็กน้อย,1
cropped_districts_by_frame/central/20260520_210000\frame_003\ดอนเมือง.png,3,ดอนเมือง,22.642637252807617,34.0,326,ฝนเล็กน้อย,1
cropped_districts_by_frame/north/20260426_160026\frame_011\ลาดพร้าว.png,11,ลาดพร้าว,23.16666603088379,34.0,84,ฝนเล็กน้อย,1
cropped_districts_by_frame/central/20260504_180001\frame_010\ยานนาวา.png,10,ยานนาวา,24.235849380493164,34.0,53,ฝนเล็กน้อย,1
cropped_districts_by_frame/central/20260520_100004\frame_001\ยานนาวา.png,1,ยานนาวา,21.5,21.5,4,ฝนเล็กน้อย,1
cropped_districts_by_frame/central/20260524_060000\frame_001\ลาดพร้าว.png,1,ลาดพร้าว,22.61111068725586,34.0,18,ฝนเล็กน้อย,1
cropped_districts_by_frame/central/20260523_020000\frame_009\ราษฎร์บูรณะ.png,9,ราษฎร์บูรณะ,25.75,46.5,70,ฝนเล็กน้อย,1
cropped_districts_by_frame/north/20260504_180023\frame_011\ภาษีเจริญ.png,11,ภาษีเจริญ,23.90740776062012,34.0,81,ฝนเล็กน้อย,1
cropped_districts_by_frame/central/20260514_020006\frame_010\บึงกุ่ม.png,10,บึงกุ่ม,21.5,21.5,12,ฝนเล็กน้อย,1
cropped_districts_by_frame/central/20260514_010000\frame_000\วัฒนา.png,0,วัฒนา,24.625,34.0,4,ฝนเล็กน้อย,1
cropped_districts_by_frame/north/20260510_020023\frame_002\บางขุนเทียน.png,2,บางขุนเทียน,21.5,21.5,1,ฝนเล็กน้อย,1
cropped_districts_by_frame/central/20260524_030001\frame_004\พระโขนง.png,4,พระโขนง,22.75,34.0,10,ฝนเล็กน้อย,1
cropped_districts_by_frame/north/20260520_200023\frame_006\วัฒนา.png,6,วัฒนา,24.16666603088379,46.5,15,ฝนเล็กน้อย,1
cropped_districts_by_frame/north/20260517_210023\frame_009\ลาดกระบัง.png,9,ลาดกระบัง,21.5,21.5,19,ฝนเล็กน้อย,1
cropped_districts_by_frame/north/20260504_180023\frame_005\ประเวศ.png,5,ประเวศ,21.895751953125,34.0,518,ฝนเล็กน้อย,1
cropped_districts_by_frame/central/20260508_210000\frame_005\จตุจักร.png,5,จตุจักร,23.53376197814941,34.0,311,ฝนเล็กน้อย,1
cropped_districts_by_frame/north/20260504_180023\frame_005\สวนหลวง.png,5,สวนหลวง,22.61570167541504,34.0,121,ฝนเล็กน้อย,1
cropped_districts_by_frame/north/20260508_180027\frame_000\ดอนเมือง.png,0,ดอนเมือง,29.978260040283203,46.5,23,ฝนเล็กน้อย,1
cropped_districts_by_frame/north/20260520_220024\frame_006\คันนายาว.png,6,คันนายาว,21.971887588500977,34.0,249,ฝนเล็กน้อย,1
cropped_districts_by_frame/central/20260505_000001\frame_009\สะพานสูง.png,9,สะพานสูง,21.5,21.5,6,ฝนเล็กน้อย,1
cropped_districts_by_frame/central/20260514_020006\frame_009\วัฒนา.png,9,วัฒนา,24.19444465637207,34.0,90,ฝนเล็กน้อย,1
cropped_districts_by_frame/central/20260505_040003\frame_004\ทุ่งครุ.png,4,ทุ่งครุ,22.576923370361328,34.0,260,ฝนเล็กน้อย,1
cropped_districts_by_frame/central/20260425_190002\frame_006\บางบอน.png,6,บางบอน,21.5,21.5,12,ฝนเล็กน้อย,1
cropped_districts_by_frame/north/20260507_190023\frame_011\บางบอน.png,11,บางบอน,21.794116973876957,26.5,17,ฝนเล็กน้อย,1
cropped_districts_by_frame/central/20260508_200003\frame_008\บางซื่อ.png,8,บางซื่อ,21.5,21.5,32,ฝนเล็กน้อย,1
cropped_districts_by_frame/north/20260312_070022\frame_001\บางนา.png,1,บางนา,23.91935539245605,34.0,62,ฝนเล็กน้อย,1
cropped_districts_by_frame/central/20260514_030000\frame_001\ลาดกระบัง.png,1,ลาดกระบัง,26.300981521606445,46.5,917,ฝนเล็กน้อย,1
cropped_districts_by_frame/north/20260520_210023\frame_008\ป้อมปราบศัตรูพ่าย.png,8,ป้อมปราบศัตรูพ่าย,22.928571701049805,34.0,21,ฝนเล็กน้อย,1
cropped_districts_by_frame/central/20260525_010000\frame_006\ทุ่งครุ.png,6,ทุ่งครุ,29.014793395996094,54.0,169,ฝนเล็กน้อย,1
cropped_districts_by_frame/central/20260508_210000\frame_001\บึงกุ่ม.png,1,บึงกุ่ม,22.06818199157715,34.0,22,ฝนเล็กน้อย,1
cropped_districts_by_frame/central/20260525_010000\frame_010\ป้อมปราบศัตรูพ่าย.png,10,ป้อมปราบศัตรูพ่าย,21.5,21.5,7,ฝนเล็กน้อย,1
cropped_districts_by_frame/north/20260508_190023\frame_010\บางพลัด.png,10,บางพลัด,28.393939971923828,46.5,33,ฝนเล็กน้อย,1
cropped_districts_by_frame/central/20260520_220002\frame_007\ดอนเมือง.png,7,ดอนเมือง,22.06818199157715,34.0,44,ฝนเล็กน้อย,1
cropped_districts_by_frame/north/20260520_210023\frame_007\บางกอกน้อย.png,7,บางกอกน้อย,25.625,34.0,80,ฝนเล็กน้อย,1
cropped_districts_by_frame/central/20260514_010000\frame_010\บางกะปิ.png,10,บางกะปิ,24.3125,34.0,48,ฝนเล็กน้อย,1
cropped_districts_by_frame/central/20260520_100004\frame_001\ลาดพร้าว.png,1,ลาดพร้าว,22.33333396911621,34.0,15,ฝนเล็กน้อย,1
cropped_districts_by_frame/central/20260226_220000\frame_005\ทวีวัฒนา.png,5,ทวีวัฒนา,21.983871459960938,34.0,93,ฝนเล็กน้อย,1
cropped_districts_by_frame/north/20260505_030024\frame_002\ทุ่งครุ.png,2,ทุ่งครุ,21.5,21.5,6,ฝนเล็กน้อย,1
cropped_districts_by_frame/north/20260507_190023\frame_001\ลาดพร้าว.png,1,ลาดพร้าว,23.95049476623535,34.0,101,ฝนเล็กน้อย,1
cropped_districts_by_frame/central/20260508_190000\frame_001\จตุจักร.png,1,จตุจักร,26.5,34.0,17,ฝนเล็กน้อย,1
cropped_districts_by_frame/central/20260312_060001\frame_005\คลองเตย.png,5,คลองเตย,26.523365020751957,46.5,107,ฝนเล็กน้อย,1
cropped_districts_by_frame/central/20260520_220002\frame_009\คลองสามวา.png,9,คลองสามวา,22.228416442871094,34.0,278,ฝนเล็กน้อย,1
cropped_districts_by_frame/north/20260504_180023\frame_004\บึงกุ่ม.png,4,บึงกุ่ม,21.5,21.5,4,ฝนเล็กน้อย,1
cropped_districts_by_frame/central/20260514_020006\frame_002\ลาดกระบัง.png,2,ลาดกระบัง,26.57383918762207,46.5,474,ฝนเล็กน้อย,1
cropped_districts_by_frame/central/20260525_010000\frame_011\ดุสิต.png,11,ดุสิต,21.5,21.5,4,ฝนเล็กน้อย,1
cropped_districts_by_frame/central/20260519_200001\frame_009\บางขุนเทียน.png,9,บางขุนเทียน,21.571428298950195,24.0,35,ฝนเล็กน้อย,1
cropped_districts_by_frame/central/20260504_190001\frame_011\สะพานสูง.png,11,สะพานสูง,22.355262756347656,34.0,38,ฝนเล็กน้อย,1
cropped_districts_by_frame/north/20260426_160026\frame_002\สวนหลวง.png,2,สวนหลวง,29.198863983154297,51.5,88,ฝนเล็กน้อย,1
cropped_districts_by_frame/north/20260505_040026\frame_010\ราษฎร์บูรณะ.png,10,ราษฎร์บูรณะ,23.946807861328125,34.0,47,ฝนเล็กน้อย,1
cropped_districts_by_frame/north/20260227_000023\frame_009\สาทร.png,9,สาทร,27.214284896850582,34.0,14,ฝนเล็กน้อย,1
cropped_districts_by_frame/north/20260520_100027\frame_004\บางกะปิ.png,4,บางกะปิ,22.33333396911621,34.0,18,ฝนเล็กน้อย,1
cropped_districts_by_frame/central/20260527_020002\frame_005\สะพานสูง.png,5,สะพานสูง,21.5,21.5,6,ฝนเล็กน้อย,1
cropped_districts_by_frame/north/20260508_170022\frame_006\บึงกุ่ม.png,6,บึงกุ่ม,21.83783721923828,34.0,37,ฝนเล็กน้อย,1
cropped_districts_by_frame/north/20260507_190023\frame_003\ตลิ่งชัน.png,3,ตลิ่งชัน,24.625,34.0,4,ฝนเล็กน้อย,1
cropped_districts_by_frame/central/20260218_093052\frame_000\คลองสามวา.png,0,คลองสามวา,23.5,36.5,95,ฝนเล็กน้อย,1
cropped_districts_by_frame/north/20260514_020029\frame_001\จอมทอง.png,1,จอมทอง,23.38596534729004,34.0,114,ฝนเล็กน้อย,1
cropped_districts_by_frame/central/20260227_000001\frame_002\จอมทอง.png,2,จอมทอง,24.1932373046875,46.5,207,ฝนเล็กน้อย,1
cropped_districts_by_frame/central/20260520_200001\frame_002\บางขุนเทียน.png,2,บางขุนเทียน,23.0,34.0,10,ฝนเล็กน้อย,1
cropped_districts_by_frame/north/20260312_070022\frame_008\คันนายาว.png,8,คันนายาว,21.5,21.5,1,ฝนเล็กน้อย,1
cropped_districts_by_frame/central/20260519_210001\frame_009\หนองจอก.png,9,หนองจอก,25.29692840576172,34.0,293,ฝนเล็กน้อย,1
cropped_districts_by_frame/central/20260508_210000\frame_004\ธนบุรี.png,4,ธนบุรี,23.84375,34.0,16,ฝนเล็กน้อย,1
cropped_districts_by_frame/central/20260525_010000\frame_003\จอมทอง.png,3,จอมทอง,28.200000762939453,54.0,125,ฝนเล็กน้อย,1
cropped_districts_by_frame/central/20260514_030000\frame_003\วังทองหลาง.png,3,วังทองหลาง,21.5,21.5,5,ฝนเล็กน้อย,1
cropped_districts_by_frame/north/20260312_060023\frame_004\บึงกุ่ม.png,4,บึงกุ่ม,27.88297843933105,54.0,47,ฝนเล็กน้อย,1
cropped_districts_by_frame/north/20260510_010023\frame_000\บางกะปิ.png,0,บางกะปิ,21.5,21.5,1,ฝนเล็กน้อย,1
cropped_districts_by_frame/central/20260520_100004\frame_006\บางซื่อ.png,6,บางซื่อ,23.88372039794922,34.0,129,ฝนเล็กน้อย,1
cropped_districts_by_frame/central/20260514_020006\frame_009\ยานนาวา.png,9,ยานนาวา,23.781553268432617,34.0,103,ฝนเล็กน้อย,1
cropped_districts_by_frame/central/20260508_190000\frame_008\คลองเตย.png,8,คลองเตย,21.5,21.5,4,ฝนเล็กน้อย,1
cropped_districts_by_frame/north/20260227_000023\frame_007\จอมทอง.png,7,จอมทอง,23.08045959472656,34.0,174,ฝนเล็กน้อย,1
cropped_districts_by_frame/north/20260508_190023\frame_006\สวนหลวง.png,6,สวนหลวง,21.5,21.5,6,ฝนเล็กน้อย,1
cropped_districts_by_frame/central/20260525_010000\frame_002\บางคอแหลม.png,2,บางคอแหลม,24.52083396911621,34.0,24,ฝนเล็กน้อย,1
cropped_districts_by_frame/north/20260504_170022\frame_001\ลาดกระบัง.png,1,ลาดกระบัง,26.954545974731445,46.5,33,ฝนเล็กน้อย,1
cropped_districts_by_frame/central/20260525_020000\frame_010\ประเวศ.png,10,ประเวศ,22.869382858276367,46.5,356,ฝนเล็กน้อย,1
cropped_districts_by_frame/central/20260520_210000\frame_011\บางบอน.png,11,บางบอน,21.82467460632324,34.0,77,ฝนเล็กน้อย,1
cropped_districts_by_frame/central/20260523_030002\frame_003\ทุ่งครุ.png,3,ทุ่งครุ,21.5,21.5,1,ฝนเล็กน้อย,1
cropped_districts_by_frame/north/20260501_020027\frame_009\ลาดกระบัง.png,9,ลาดกระบัง,23.93644142150879,46.5,118,ฝนเล็กน้อย,1
cropped_districts_by_frame/central/20260520_220002\frame_000\พญาไท.png,0,พญาไท,25.211339950561523,34.0,97,ฝนเล็กน้อย,1
cropped_districts_by_frame/central/20260505_050001\frame_004\บางขุนเทียน.png,4,บางขุนเทียน,23.22413825988769,34.0,87,ฝนเล็กน้อย,1
cropped_districts_by_frame/central/20260316_150000\frame_004\ประเวศ.png,4,ประเวศ,21.5,21.5,20,ฝนเล็กน้อย,1
cropped_districts_by_frame/central/20260504_190001\frame_004\ทวีวัฒนา.png,4,ทวีวัฒนา,22.23770523071289,34.0,61,ฝนเล็กน้อย,1
cropped_districts_by_frame/north/20260508_190023\frame_002\หนองจอก.png,2,หนองจอก,29.880952835083008,54.0,1995,ฝนเล็กน้อย,1
cropped_districts_by_frame/north/20260426_160026\frame_010\ห้วยขวาง.png,10,ห้วยขวาง,21.8125,24.0,8,ฝนเล็กน้อย,1
cropped_districts_by_frame/north/20260514_000023\frame_008\ประเวศ.png,8,ประเวศ,29.150375366210938,46.5,133,ฝนเล็กน้อย,1
cropped_districts_by_frame/central/20260504_190001\frame_009\คลองสามวา.png,9,คลองสามวา,23.65517234802246,34.0,29,ฝนเล็กน้อย,1
cropped_districts_by_frame/central/20260520_100004\frame_003\บางแค.png,3,บางแค,21.573530197143555,24.0,34,ฝนเล็กน้อย,1
cropped_districts_by_frame/central/20260523_020000\frame_010\หนองจอก.png,10,หนองจอก,24.21977996826172,34.0,91,ฝนเล็กน้อย,1
cropped_districts_by_frame/central/20260312_060001\frame_006\ดินแดง.png,6,ดินแดง,21.5,21.5,1,ฝนเล็กน้อย,1
cropped_districts_by_frame/north/20260520_220024\frame_002\พระโขนง.png,2,พระโขนง,23.86725616455078,34.0,113,ฝนเล็กน้อย,1
cropped_districts_by_frame/central/20260520_100004\frame_011\คลองสามวา.png,11,คลองสามวา,22.045454025268555,34.0,55,ฝนเล็กน้อย,1
cropped_districts_by_frame/central/20260227_000001\frame_000\บางแค.png,0,บางแค,21.5,21.5,10,ฝนเล็กน้อย,1
cropped_districts_by_frame/central/20260505_040003\frame_006\ภาษีเจริญ.png,6,ภาษีเจริญ,21.978723526000977,34.0,94,ฝนเล็กน้อย,1
cropped_districts_by_frame/central/20260525_010000\frame_009\พระนคร.png,9,พระนคร,21.5,21.5,1,ฝนเล็กน้อย,1
cropped_districts_by_frame/central/20260527_030000\frame_005\สวนหลวง.png,5,สวนหลวง,21.69230842590332,24.0,13,ฝนเล็กน้อย,1
cropped_districts_by_frame/central/20260505_040003\frame_007\ยานนาวา.png,7,ยานนาวา,22.520408630371094,34.0,49,ฝนเล็กน้อย,1
cropped_districts_by_frame/central/20260505_040003\frame_007\หนองแขม.png,7,หนองแขม,23.05303001403809,34.0,330,ฝนเล็กน้อย,1
cropped_districts_by_frame/north/20260520_220024\frame_005\บางกะปิ.png,5,บางกะปิ,21.720264434814453,34.0,227,ฝนเล็กน้อย,1
cropped_districts_by_frame/central/20260508_210000\frame_002\ดุสิต.png,2,ดุสิต,28.899999618530277,34.0,25,ฝนเล็กน้อย,1
cropped_districts_by_frame/north/20260504_190024\frame_002\มีนบุรี.png,2,มีนบุรี,21.5,21.5,4,ฝนเล็กน้อย,1
cropped_districts_by_frame/north/20260510_010023\frame_001\ปทุมวัน.png,1,ปทุมวัน,28.10714340209961,34.0,14,ฝนเล็กน้อย,1
cropped_districts_by_frame/north/20260520_210023\frame_008\หนองแขม.png,8,หนองแขม,23.33333396911621,34.0,60,ฝนเล็กน้อย,1
cropped_districts_by_frame/central/20260514_020006\frame_008\ลาดกระบัง.png,8,ลาดกระบัง,27.6176872253418,46.5,718,ฝนเล็กน้อย,1
cropped_districts_by_frame/north/20260226_180022\frame_000\หลักสี่.png,0,หลักสี่,21.5,21.5,1,ฝนเล็กน้อย,1
cropped_districts_by_frame/north/20260520_220024\frame_002\บางกะปิ.png,2,บางกะปิ,24.306371688842773,46.5,204,ฝนเล็กน้อย,1
cropped_districts_by_frame/central/20260504_180001\frame_006\มีนบุรี.png,6,มีนบุรี,22.92418098449707,34.0,244,ฝนเล็กน้อย,1
cropped_districts_by_frame/central/20260514_010000\frame_008\สะพานสูง.png,8,สะพานสูง,22.723403930664062,34.0,94,ฝนเล็กน้อย,1
cropped_districts_by_frame/north/20260520_210023\frame_011\ธนบุรี.png,11,ธนบุรี,22.97058868408203,36.5,17,ฝนเล็กน้อย,1
cropped_districts_by_frame/central/20260226_220000\frame_000\ตลิ่งชัน.png,0,ตลิ่งชัน,23.545454025268555,44.0,22,ฝนเล็กน้อย,1
cropped_districts_by_frame/central/20260520_100004\frame_003\วัฒนา.png,3,วัฒนา,23.33823585510254,34.0,34,ฝนเล็กน้อย,1
cropped_districts_by_frame/central/20260508_200003\frame_004\ลาดกระบัง.png,4,ลาดกระบัง,26.01327514648437,51.5,678,ฝนเล็กน้อย,1
cropped_districts_by_frame/north/20260514_000023\frame_008\บางนา.png,8,บางนา,23.5625,34.0,80,ฝนเล็กน้อย,1
cropped_districts_by_frame/north/20260520_220024\frame_000\จอมทอง.png,0,จอมทอง,23.080883026123047,34.0,68,ฝนเล็กน้อย,1
cropped_districts_by_frame/central/20260514_010000\frame_003\บางนา.png,3,บางนา,24.57017517089844,46.5,57,ฝนเล็กน้อย,1
cropped_districts_by_frame/central/20260312_060001\frame_005\คลองสาน.png,5,คลองสาน,21.5,21.5,4,ฝนเล็กน้อย,1
cropped_districts_by_frame/central/20260505_010001\frame_003\สวนหลวง.png,3,สวนหลวง,22.75,36.5,22,ฝนเล็กน้อย,1
cropped_districts_by_frame/central/20260514_020006\frame_007\บางกะปิ.png,7,บางกะปิ,26.016128540039062,34.0,124,ฝนเล็กน้อย,1
cropped_districts_by_frame/north/20260507_180025\frame_005\หนองจอก.png,5,หนองจอก,22.893903732299805,34.0,2493,ฝนเล็กน้อย,1
cropped_districts_by_frame/north/20260520_210023\frame_000\ดอนเมือง.png,0,ดอนเมือง,21.5,21.5,9,ฝนเล็กน้อย,1
cropped_districts_by_frame/north/20260226_220022\frame_003\คลองสาน.png,3,คลองสาน,24.0,34.0,5,ฝนเล็กน้อย,1
cropped_districts_by_frame/central/20260523_050000\frame_009\หนองจอก.png,9,หนองจอก,25.29464340209961,34.0,56,ฝนเล็กน้อย,1
cropped_districts_by_frame/central/20260508_200003\frame_001\คลองสามวา.png,1,คลองสามวา,24.136476516723636,34.0,403,ฝนเล็กน้อย,1
cropped_districts_by_frame/central/20260505_020000\frame_004\ทวีวัฒนา.png,4,ทวีวัฒนา,21.5,21.5,2,ฝนเล็กน้อย,1
cropped_districts_by_frame/central/20260514_020006\frame_003\ยานนาวา.png,3,ยานนาวา,27.4375,46.5,64,ฝนเล็กน้อย,1
cropped_districts_by_frame/north/20260502_080024\frame_002\ประเวศ.png,2,ประเวศ,22.4375,34.0,48,ฝนเล็กน้อย,1
cropped_districts_by_frame/north/20260514_020029\frame_002\คลองเตย.png,2,คลองเตย,25.704545974731445,34.0,22,ฝนเล็กน้อย,1
cropped_districts_by_frame/north/20260508_210022\frame_002\บางแค.png,2,บางแค,29.0,34.0,18,ฝนเล็กน้อย,1
cropped_districts_by_frame/central/20260514_010000\frame_005\บางบอน.png,5,บางบอน,21.5,21.5,14,ฝนเล็กน้อย,1
cropped_districts_by_frame/north/20260520_100027\frame_003\บางเขน.png,3,บางเขน,22.157894134521484,34.0,19,ฝนเล็กน้อย,1
cropped_districts_by_frame/central/20260227_000001\frame_011\บางแค.png,11,บางแค,23.705883026123047,34.0,51,ฝนเล็กน้อย,1
cropped_districts_by_frame/central/20260514_020006\frame_011\คลองเตย.png,11,คลองเตย,24.263158798217773,34.0,95,ฝนเล็กน้อย,1
cropped_districts_by_frame/north/20260508_210022\frame_008\บางพลัด.png,8,บางพลัด,23.80769157409668,34.0,13,ฝนเล็กน้อย,1
cropped_districts_by_frame/central/20260508_180005\frame_006\บึงกุ่ม.png,6,บึงกุ่ม,23.58333396911621,34.0,6,ฝนเล็กน้อย,1
cropped_districts_by_frame/central/20260525_050001\frame_003\พระโขนง.png,3,พระโขนง,21.5,21.5,5,ฝนเล็กน้อย,1
cropped_districts_by_frame/central/20260520_100004\frame_008\บางขุนเทียน.png,8,บางขุนเทียน,24.0,34.0,5,ฝนเล็กน้อย,1
cropped_districts_by_frame/central/20260514_020006\frame_000\ธนบุรี.png,0,ธนบุรี,21.5,21.5,1,ฝนเล็กน้อย,1
cropped_districts_by_frame/north/20260514_020029\frame_000\ยานนาวา.png,0,ยานนาวา,28.5238094329834,34.0,42,ฝนเล็กน้อย,1
cropped_districts_by_frame/central/20260524_040006\frame_001\จตุจักร.png,1,จตุจักร,22.823530197143555,41.5,17,ฝนเล็กน้อย,1
cropped_districts_by_frame/north/20260514_020029\frame_011\คลองเตย.png,11,คลองเตย,23.41176414489746,34.0,102,ฝนเล็กน้อย,1
cropped_districts_by_frame/north/20260507_180025\frame_010\วังทองหลาง.png,10,วังทองหลาง,23.677419662475582,36.5,155,ฝนเล็กน้อย,1
cropped_districts_by_frame/north/20260520_090023\frame_010\สัมพันธวงศ์.png,10,สัมพันธวงศ์,29.0,34.0,5,ฝนเล็กน้อย,1
cropped_districts_by_frame/central/20260525_040000\frame_001\พระโขนง.png,1,พระโขนง,23.97191047668457,34.0,89,ฝนเล็กน้อย,1
cropped_districts_by_frame/north/20260502_080024\frame_004\หนองจอก.png,4,หนองจอก,27.04585075378418,46.5,229,ฝนเล็กน้อย,1
cropped_districts_by_frame/central/20260522_120000\frame_009\จตุจักร.png,9,จตุจักร,27.636363983154297,34.0,11,ฝนเล็กน้อย,1
cropped_districts_by_frame/central/20260317_140002\frame_001\คลองสามวา.png,1,คลองสามวา,26.998687744140625,54.0,381,ฝนเล็กน้อย,1
cropped_districts_by_frame/central/20260312_060001\frame_005\ดินแดง.png,5,ดินแดง,25.66666603088379,34.0,3,ฝนเล็กน้อย,1
cropped_districts_by_frame/central/20260523_010000\frame_010\พญาไท.png,10,พญาไท,24.887096405029297,34.0,31,ฝนเล็กน้อย,1
cropped_districts_by_frame/central/20260218_093052\frame_006\จอมทอง.png,6,จอมทอง,21.5,21.5,3,ฝนเล็กน้อย,1
cropped_districts_by_frame/central/20260523_030002\frame_005\บางแค.png,5,บางแค,23.44444465637207,34.0,126,ฝนเล็กน้อย,1
cropped_districts_by_frame/north/20260514_000023\frame_010\พระโขนง.png,10,พระโขนง,27.640350341796875,46.5,114,ฝนเล็กน้อย,1
cropped_districts_by_frame/north/20260226_230022\frame_004\บางบอน.png,4,บางบอน,24.24663734436035,36.5,223,ฝนเล็กน้อย,1
cropped_districts_by_frame/north/20260504_180023\frame_009\คลองสามวา.png,9,คลองสามวา,21.84722137451172,34.0,36,ฝนเล็กน้อย,1
cropped_districts_by_frame/north/20260514_030023\frame_001\วังทองหลาง.png,1,วังทองหลาง,21.768817901611328,34.0,93,ฝนเล็กน้อย,1
cropped_districts_by_frame/central/20260525_050001\frame_006\ลาดพร้าว.png,6,ลาดพร้าว,21.5,21.5,3,ฝนเล็กน้อย,1
cropped_districts_by_frame/north/20260508_210022\frame_002\ดอนเมือง.png,2,ดอนเมือง,22.134111404418945,34.0,343,ฝนเล็กน้อย,1
cropped_districts_by_frame/north/20260520_090023\frame_010\หลักสี่.png,10,หลักสี่,21.828947067260746,34.0,38,ฝนเล็กน้อย,1
cropped_districts_by_frame/central/20260523_020000\frame_002\ทุ่งครุ.png,2,ทุ่งครุ,21.5,21.5,1,ฝนเล็กน้อย,1
cropped_districts_by_frame/central/20260527_020002\frame_002\ยานนาวา.png,2,ยานนาวา,21.5,21.5,1,ฝนเล็กน้อย,1
cropped_districts_by_frame/north/20260508_190023\frame_001\หลักสี่.png,1,หลักสี่,21.5,21.5,1,ฝนเล็กน้อย,1
cropped_districts_by_frame/north/20260508_180027\frame_008\วังทองหลาง.png,8,วังทองหลาง,21.5,21.5,2,ฝนเล็กน้อย,1
cropped_districts_by_frame/central/20260508_210000\frame_011\ป้อมปราบศัตรูพ่าย.png,11,ป้อมปราบศัตรูพ่าย,22.461538314819336,34.0,13,ฝนเล็กน้อย,1
cropped_districts_by_frame/north/20260508_200025\frame_000\ลาดกระบัง.png,0,ลาดกระบัง,25.083969116210938,54.0,655,ฝนเล็กน้อย,1
cropped_districts_by_frame/central/20260523_050000\frame_009\บึงกุ่ม.png,9,บึงกุ่ม,23.84848403930664,34.0,231,ฝนเล็กน้อย,1
cropped_districts_by_frame/central/20260525_000000\frame_005\ทุ่งครุ.png,5,ทุ่งครุ,21.5,21.5,3,ฝนเล็กน้อย,1
cropped_districts_by_frame/central/20260520_100004\frame_001\บางบอน.png,1,บางบอน,21.5,21.5,5,ฝนเล็กน้อย,1
cropped_districts_by_frame/central/20260504_180001\frame_002\บึงกุ่ม.png,2,บึงกุ่ม,40.33640670776367,54.0,217,ฝนปานกลาง,2
cropped_districts_by_frame/central/20260312_060001\frame_000\วังทองหลาง.png,0,วังทองหลาง,42.28703689575195,54.0,108,ฝนปานกลาง,2
cropped_districts_by_frame/central/20260520_200001\frame_009\จตุจักร.png,9,จตุจักร,34.515872955322266,54.0,252,ฝนปานกลาง,2
cropped_districts_by_frame/central/20260523_010000\frame_010\หลักสี่.png,10,หลักสี่,38.565216064453125,54.0,115,ฝนปานกลาง,2
cropped_districts_by_frame/central/20260317_140002\frame_001\บางเขน.png,1,บางเขน,42.94422149658203,59.0,251,ฝนปานกลาง,2
cropped_districts_by_frame/central/20260312_060001\frame_000\บางขุนเทียน.png,0,บางขุนเทียน,37.94495391845703,66.5,327,ฝนปานกลาง,2
cropped_districts_by_frame/central/20260523_010000\frame_002\บางซื่อ.png,2,บางซื่อ,38.656864166259766,51.5,51,ฝนปานกลาง,2
cropped_districts_by_frame/north/20260312_070022\frame_009\มีนบุรี.png,9,มีนบุรี,41.24856185913086,56.5,348,ฝนปานกลาง,2
cropped_districts_by_frame/central/20260523_010000\frame_009\หลักสี่.png,9,หลักสี่,34.49180221557617,54.0,122,ฝนปานกลาง,2
cropped_districts_by_frame/central/20260524_040006\frame_007\บางเขน.png,7,บางเขน,43.71910095214844,54.0,89,ฝนปานกลาง,2
cropped_districts_by_frame/central/20260520_210000\frame_006\หนองแขม.png,6,หนองแขม,31.084716796875,54.0,301,ฝนปานกลาง,2
cropped_districts_by_frame/north/20260520_200023\frame_010\บางพลัด.png,10,บางพลัด,42.5638313293457,54.0,47,ฝนปานกลาง,2
cropped_districts_by_frame/north/20260520_210023\frame_003\ภาษีเจริญ.png,3,ภาษีเจริญ,42.904109954833984,54.0,146,ฝนปานกลาง,2
cropped_districts_by_frame/central/20260312_060001\frame_002\บางคอแหลม.png,2,บางคอแหลม,44.14285659790039,54.0,35,ฝนปานกลาง,2
cropped_districts_by_frame/central/20260520_210000\frame_007\บางขุนเทียน.png,7,บางขุนเทียน,35.02891159057617,54.0,882,ฝนปานกลาง,2
cropped_districts_by_frame/central/20260523_020000\frame_010\คลองสาน.png,10,คลองสาน,34.0,34.0,1,ฝนปานกลาง,2
cropped_districts_by_frame/north/20260312_060023\frame_007\คันนายาว.png,7,คันนายาว,39.84210586547852,51.5,95,ฝนปานกลาง,2
cropped_districts_by_frame/central/20260316_160000\frame_001\ลาดกระบัง.png,1,ลาดกระบัง,40.39891815185547,56.5,277,ฝนปานกลาง,2
cropped_districts_by_frame/central/20260525_020000\frame_003\บางขุนเทียน.png,3,บางขุนเทียน,34.945945739746094,44.0,37,ฝนปานกลาง,2
cropped_districts_by_frame/central/20260228_070000\frame_005\ลาดกระบัง.png,5,ลาดกระบัง,35.59090805053711,54.0,22,ฝนปานกลาง,2
cropped_districts_by_frame/north/20260520_200023\frame_009\ป้อมปราบศัตรูพ่าย.png,9,ป้อมปราบศัตรูพ่าย,42.39285659790039,46.5,14,ฝนปานกลาง,2
cropped_districts_by_frame/north/20260520_210023\frame_005\บางบอน.png,5,บางบอน,37.13953399658203,54.0,258,ฝนปานกลาง,2
cropped_districts_by_frame/central/20260312_060001\frame_004\คลองเตย.png,4,คลองเตย,36.76960754394531,54.0,102,ฝนปานกลาง,2
cropped_districts_by_frame/central/20260514_010000\frame_009\พระโขนง.png,9,พระโขนง,42.037384033203125,54.0,107,ฝนปานกลาง,2
cropped_districts_by_frame/central/20260514_010000\frame_010\บางนา.png,10,บางนา,42.06818008422852,54.0,44,ฝนปานกลาง,2
cropped_districts_by_frame/central/20260520_210000\frame_002\ลาดพร้าว.png,2,ลาดพร้าว,41.82442855834961,54.0,131,ฝนปานกลาง,2
cropped_districts_by_frame/north/20260520_200023\frame_002\บางแค.png,2,บางแค,41.51852035522461,54.0,135,ฝนปานกลาง,2
cropped_districts_by_frame/north/20260226_170024\frame_009\หลักสี่.png,9,หลักสี่,33.59677505493164,54.0,31,ฝนปานกลาง,2
cropped_districts_by_frame/north/20260508_190023\frame_007\จตุจักร.png,7,จตุจักร,37.30546951293945,54.0,329,ฝนปานกลาง,2
cropped_districts_by_frame/central/20260312_060001\frame_008\บางกะปิ.png,8,บางกะปิ,40.44417572021485,54.0,206,ฝนปานกลาง,2
cropped_districts_by_frame/north/20260520_200023\frame_004\สัมพันธวงศ์.png,4,สัมพันธวงศ์,43.16666793823242,44.0,3,ฝนปานกลาง,2
cropped_districts_by_frame/north/20260520_200023\frame_005\ราชเทวี.png,5,ราชเทวี,41.75862121582031,54.0,29,ฝนปานกลาง,2
cropped_districts_by_frame/north/20260520_200023\frame_002\บางซื่อ.png,2,บางซื่อ,40.25,51.5,26,ฝนปานกลาง,2
cropped_districts_by_frame/central/20260312_060001\frame_002\สวนหลวง.png,2,สวนหลวง,36.31666564941406,56.5,150,ฝนปานกลาง,2
cropped_districts_by_frame/north/20260520_210023\frame_003\มีนบุรี.png,3,มีนบุรี,42.04216766357422,54.0,166,ฝนปานกลาง,2
cropped_districts_by_frame/central/20260520_210000\frame_005\บางซื่อ.png,5,บางซื่อ,43.32242965698242,54.0,107,ฝนปานกลาง,2
cropped_districts_by_frame/central/20260508_190000\frame_003\มีนบุรี.png,3,มีนบุรี,30.29795455932617,54.0,391,ฝนปานกลาง,2
cropped_districts_by_frame/central/20260312_060001\frame_011\บางขุนเทียน.png,11,บางขุนเทียน,31.3187313079834,54.0,993,ฝนปานกลาง,2
cropped_districts_by_frame/central/20260520_210000\frame_008\คันนายาว.png,8,คันนายาว,44.54597854614258,54.0,261,ฝนปานกลาง,2
cropped_districts_by_frame/central/20260504_160000\frame_001\บางเขน.png,1,บางเขน,41.796295166015625,66.5,135,ฝนปานกลาง,2
cropped_districts_by_frame/central/20260312_060001\frame_010\ลาดกระบัง.png,10,ลาดกระบัง,32.50694274902344,54.0,504,ฝนปานกลาง,2
cropped_districts_by_frame/central/20260523_010000\frame_007\ดอนเมือง.png,7,ดอนเมือง,33.17647171020508,46.5,85,ฝนปานกลาง,2
cropped_districts_by_frame/north/20260507_190023\frame_004\พระนคร.png,4,พระนคร,34.0,34.0,2,ฝนปานกลาง,2
cropped_districts_by_frame/north/20260520_220024\frame_001\ประเวศ.png,1,ประเวศ,40.942344665527344,54.0,529,ฝนปานกลาง,2
cropped_districts_by_frame/north/20260508_180027\frame_010\ลาดกระบัง.png,10,ลาดกระบัง,32.659759521484375,59.0,748,ฝนปานกลาง,2
cropped_districts_by_frame/north/20260227_000023\frame_008\สาทร.png,8,สาทร,30.78571510314941,34.0,7,ฝนปานกลาง,2
cropped_districts_by_frame/central/20260312_060001\frame_011\สวนหลวง.png,11,สวนหลวง,30.241378784179688,54.0,145,ฝนปานกลาง,2
cropped_districts_by_frame/north/20260520_210023\frame_008\ดินแดง.png,8,ดินแดง,31.94303703308105,54.0,79,ฝนปานกลาง,2
cropped_districts_by_frame/north/20260501_020027\frame_007\คลองสามวา.png,7,คลองสามวา,30.600000381469727,51.5,400,ฝนปานกลาง,2
cropped_districts_by_frame/central/20260508_190000\frame_006\วังทองหลาง.png,6,วังทองหลาง,40.8702278137207,54.0,131,ฝนปานกลาง,2
cropped_districts_by_frame/north/20260520_200023\frame_003\จอมทอง.png,3,จอมทอง,40.78571319580078,51.5,28,ฝนปานกลาง,2
cropped_districts_by_frame/central/20260522_120000\frame_009\หนองจอก.png,9,หนองจอก,40.25,46.5,32,ฝนปานกลาง,2
cropped_districts_by_frame/central/20260519_200001\frame_010\ลาดกระบัง.png,10,ลาดกระบัง,34.45103073120117,54.0,582,ฝนปานกลาง,2
cropped_districts_by_frame/north/20260520_210023\frame_002\หนองแขม.png,2,หนองแขม,34.856163024902344,54.0,146,ฝนปานกลาง,2
cropped_districts_by_frame/north/20260502_070026\frame_006\ห้วยขวาง.png,6,ห้วยขวาง,33.73118209838867,51.5,93,ฝนปานกลาง,2
cropped_districts_by_frame/central/20260525_010000\frame_009\ราชเทวี.png,9,ราชเทวี,37.70967864990234,54.0,62,ฝนปานกลาง,2
cropped_districts_by_frame/central/20260524_040006\frame_011\ดอนเมือง.png,11,ดอนเมือง,39.61753082275391,56.5,251,ฝนปานกลาง,2
cropped_districts_by_frame/central/20260525_010000\frame_006\สาทร.png,6,สาทร,32.85416793823242,51.5,24,ฝนปานกลาง,2
cropped_districts_by_frame/central/20260508_190000\frame_002\สะพานสูง.png,2,สะพานสูง,40.16666793823242,54.0,180,ฝนปานกลาง,2
cropped_districts_by_frame/north/20260507_180025\frame_004\ธนบุรี.png,4,ธนบุรี,32.92856979370117,51.5,14,ฝนปานกลาง,2
cropped_districts_by_frame/central/20260312_060001\frame_008\ราชเทวี.png,8,ราชเทวี,36.22222137451172,54.0,9,ฝนปานกลาง,2
cropped_districts_by_frame/north/20260226_220022\frame_002\บางกอกใหญ่.png,2,บางกอกใหญ่,33.19355010986328,46.5,31,ฝนปานกลาง,2
cropped_districts_by_frame/north/20260508_190023\frame_007\ราชเทวี.png,7,ราชเทวี,42.40277862548828,54.0,36,ฝนปานกลาง,2
cropped_districts_by_frame/central/20260520_210000\frame_000\บางขุนเทียน.png,0,บางขุนเทียน,40.73770523071289,54.0,610,ฝนปานกลาง,2
cropped_districts_by_frame/central/20260504_180001\frame_009\บางกอกน้อย.png,9,บางกอกน้อย,41.91304397583008,54.0,115,ฝนปานกลาง,2
cropped_districts_by_frame/north/20260504_160022\frame_000\บางเขน.png,0,บางเขน,36.16666793823242,59.0,120,ฝนปานกลาง,2
cropped_districts_by_frame/central/20260508_190000\frame_007\สายไหม.png,7,สายไหม,30.16830062866211,54.0,306,ฝนปานกลาง,2
cropped_districts_by_frame/central/20260312_070000\frame_001\มีนบุรี.png,1,มีนบุรี,44.85344696044922,59.0,290,ฝนปานกลาง,2
cropped_districts_by_frame/central/20260523_010000\frame_000\ภาษีเจริญ.png,0,ภาษีเจริญ,37.68421173095703,59.0,95,ฝนปานกลาง,2
cropped_districts_by_frame/central/20260520_210000\frame_010\ปทุมวัน.png,10,ปทุมวัน,39.68965530395508,54.0,87,ฝนปานกลาง,2
cropped_districts_by_frame/central/20260520_210000\frame_006\บางกอกใหญ่.png,6,บางกอกใหญ่,42.028846740722656,54.0,52,ฝนปานกลาง,2
cropped_districts_by_frame/north/20260312_060023\frame_008\จตุจักร.png,8,จตุจักร,35.30434799194336,46.5,23,ฝนปานกลาง,2
cropped_districts_by_frame/north/20260504_160022\frame_007\หลักสี่.png,7,หลักสี่,44.9221305847168,54.0,122,ฝนปานกลาง,2
cropped_districts_by_frame/north/20260504_170022\frame_009\ห้วยขวาง.png,9,ห้วยขวาง,39.20833206176758,59.0,36,ฝนปานกลาง,2
cropped_districts_by_frame/north/20260520_210023\frame_011\คันนายาว.png,11,คันนายาว,36.38983154296875,54.0,295,ฝนปานกลาง,2
cropped_districts_by_frame/north/20260312_060023\frame_007\สวนหลวง.png,7,สวนหลวง,44.44444274902344,54.0,90,ฝนปานกลาง,2
cropped_districts_by_frame/central/20260226_220000\frame_002\บางคอแหลม.png,2,บางคอแหลม,34.0,34.0,1,ฝนปานกลาง,2
cropped_districts_by_frame/central/20260312_060001\frame_001\มีนบุรี.png,1,มีนบุรี,40.92934799194336,56.5,92,ฝนปานกลาง,2
cropped_districts_by_frame/central/20260505_010001\frame_003\สาทร.png,3,สาทร,44.0,46.5,3,ฝนปานกลาง,2
cropped_districts_by_frame/north/20260520_210023\frame_002\ทวีวัฒนา.png,2,ทวีวัฒนา,31.40740776062012,44.0,54,ฝนปานกลาง,2
cropped_districts_by_frame/central/20260226_230000\frame_009\ป้อมปราบศัตรูพ่าย.png,9,ป้อมปราบศัตรูพ่าย,34.0,34.0,1,ฝนปานกลาง,2
cropped_districts_by_frame/central/20260524_030001\frame_007\ภาษีเจริญ.png,7,ภาษีเจริญ,36.6020393371582,54.0,49,ฝนปานกลาง,2
cropped_districts_by_frame/central/20260514_020006\frame_005\ธนบุรี.png,5,ธนบุรี,34.0,34.0,3,ฝนปานกลาง,2
cropped_districts_by_frame/central/20260505_010001\frame_005\ทวีวัฒนา.png,5,ทวีวัฒนา,40.09913635253906,56.5,116,ฝนปานกลาง,2
cropped_districts_by_frame/central/20260525_010000\frame_009\วัฒนา.png,9,วัฒนา,39.89552307128906,54.0,67,ฝนปานกลาง,2
cropped_districts_by_frame/north/20260312_060023\frame_008\ราชเทวี.png,8,ราชเทวี,35.66666793823242,44.0,9,ฝนปานกลาง,2
cropped_districts_by_frame/north/20260520_210023\frame_007\ยานนาวา.png,7,ยานนาวา,43.574466705322266,54.0,94,ฝนปานกลาง,2
cropped_districts_by_frame/central/20260505_000001\frame_008\หนองจอก.png,8,หนองจอก,34.20053482055664,56.5,561,ฝนปานกลาง,2
cropped_districts_by_frame/north/20260510_010023\frame_005\คลองสาน.png,5,คลองสาน,34.0,34.0,1,ฝนปานกลาง,2
cropped_districts_by_frame/central/20260508_190000\frame_004\ภาษีเจริญ.png,4,ภาษีเจริญ,31.177419662475582,46.5,31,ฝนปานกลาง,2
cropped_districts_by_frame/north/20260501_020027\frame_005\ลาดพร้าว.png,5,ลาดพร้าว,32.7400016784668,54.0,125,ฝนปานกลาง,2
cropped_districts_by_frame/central/20260227_000001\frame_006\ราษฎร์บูรณะ.png,6,ราษฎร์บูรณะ,35.89655303955078,46.5,58,ฝนปานกลาง,2
cropped_districts_by_frame/north/20260502_070026\frame_001\คันนายาว.png,1,คันนายาว,40.59449005126953,61.5,127,ฝนปานกลาง,2
cropped_districts_by_frame/north/20260312_060023\frame_003\ราษฎร์บูรณะ.png,3,ราษฎร์บูรณะ,30.79347801208496,46.5,46,ฝนปานกลาง,2
cropped_districts_by_frame/north/20260513_230023\frame_011\คลองสามวา.png,11,คลองสามวา,36.94117736816406,51.5,34,ฝนปานกลาง,2
cropped_districts_by_frame/north/20260226_170024\frame_000\คลองสามวา.png,0,คลองสามวา,31.69230842590332,51.5,13,ฝนปานกลาง,2
cropped_districts_by_frame/central/20260520_210000\frame_005\มีนบุรี.png,5,มีนบุรี,44.15449523925781,56.5,178,ฝนปานกลาง,2
cropped_districts_by_frame/central/20260522_120000\frame_005\พญาไท.png,5,พญาไท,37.29999923706055,51.5,25,ฝนปานกลาง,2
cropped_districts_by_frame/central/20260520_210000\frame_007\ลาดพร้าว.png,7,ลาดพร้าว,35.10293960571289,54.0,136,ฝนปานกลาง,2
cropped_districts_by_frame/north/20260504_180023\frame_002\สวนหลวง.png,2,สวนหลวง,40.47222137451172,54.0,90,ฝนปานกลาง,2
cropped_districts_by_frame/central/20260520_210000\frame_003\ธนบุรี.png,3,ธนบุรี,44.64814758300781,54.0,27,ฝนปานกลาง,2
cropped_districts_by_frame/north/20260520_210023\frame_002\คลองสามวา.png,2,คลองสามวา,38.784481048583984,54.0,928,ฝนปานกลาง,2
cropped_districts_by_frame/central/20260505_010001\frame_009\ทวีวัฒนา.png,9,ทวีวัฒนา,36.12264251708984,54.0,265,ฝนปานกลาง,2
cropped_districts_by_frame/central/20260520_200001\frame_007\หนองแขม.png,7,หนองแขม,43.19376754760742,54.0,369,ฝนปานกลาง,2
cropped_districts_by_frame/central/20260525_010000\frame_001\จอมทอง.png,1,จอมทอง,44.2401123046875,54.0,177,ฝนปานกลาง,2
cropped_districts_by_frame/central/20260508_180005\frame_010\หนองจอก.png,10,หนองจอก,36.05169677734375,54.0,1238,ฝนปานกลาง,2
cropped_districts_by_frame/central/20260504_180001\frame_004\สายไหม.png,4,สายไหม,33.0625,54.0,80,ฝนปานกลาง,2
cropped_districts_by_frame/north/20260312_060023\frame_007\วัฒนา.png,7,วัฒนา,33.5703125,54.0,64,ฝนปานกลาง,2
cropped_districts_by_frame/north/20260520_200023\frame_011\บางขุนเทียน.png,11,บางขุนเทียน,39.5420150756836,54.0,595,ฝนปานกลาง,2
cropped_districts_by_frame/central/20260505_010001\frame_002\บางเขน.png,2,บางเขน,30.354625701904297,54.0,227,ฝนปานกลาง,2
cropped_districts_by_frame/north/20260508_180027\frame_008\บางเขน.png,8,บางเขน,35.04838562011719,51.5,279,ฝนปานกลาง,2
cropped_districts_by_frame/central/20260505_010001\frame_000\บางซื่อ.png,0,บางซื่อ,35.10293960571289,51.5,68,ฝนปานกลาง,2
cropped_districts_by_frame/central/20260519_210001\frame_008\ลาดกระบัง.png,8,ลาดกระบัง,33.93463897705078,54.0,459,ฝนปานกลาง,2
cropped_districts_by_frame/central/20260508_200003\frame_005\บางขุนเทียน.png,5,บางขุนเทียน,34.36490631103516,54.0,322,ฝนปานกลาง,2
cropped_districts_by_frame/central/20260525_020000\frame_007\บางขุนเทียน.png,7,บางขุนเทียน,35.04790496826172,54.0,167,ฝนปานกลาง,2
cropped_districts_by_frame/central/20260504_160000\frame_004\บางเขน.png,4,บางเขน,42.128204345703125,59.0,390,ฝนปานกลาง,2
cropped_districts_by_frame/central/20260524_030001\frame_006\จอมทอง.png,6,จอมทอง,38.03061294555664,54.0,49,ฝนปานกลาง,2
cropped_districts_by_frame/central/20260312_060001\frame_003\ราชเทวี.png,3,ราชเทวี,31.08333396911621,44.0,12,ฝนปานกลาง,2
cropped_districts_by_frame/central/20260228_070000\frame_004\สายไหม.png,4,สายไหม,34.099998474121094,46.5,25,ฝนปานกลาง,2
cropped_districts_by_frame/central/20260508_210000\frame_004\พระนคร.png,4,พระนคร,31.85714340209961,34.0,35,ฝนปานกลาง,2
cropped_districts_by_frame/north/20260520_210023\frame_004\บางกอกใหญ่.png,4,บางกอกใหญ่,42.51063919067383,51.5,47,ฝนปานกลาง,2
cropped_districts_by_frame/north/20260504_180023\frame_001\สวนหลวง.png,1,สวนหลวง,41.71875,54.0,80,ฝนปานกลาง,2
cropped_districts_by_frame/central/20260525_020000\frame_005\บางขุนเทียน.png,5,บางขุนเทียน,34.59632873535156,51.5,109,ฝนปานกลาง,2
cropped_districts_by_frame/central/20260508_180005\frame_010\ลาดกระบัง.png,10,ลาดกระบัง,31.47011947631836,54.0,502,ฝนปานกลาง,2
cropped_districts_by_frame/central/20260514_010000\frame_006\สาทร.png,6,สาทร,34.0,34.0,2,ฝนปานกลาง,2
cropped_districts_by_frame/central/20260504_170000\frame_009\ลาดพร้าว.png,9,ลาดพร้าว,43.59558868408203,54.0,68,ฝนปานกลาง,2
cropped_districts_by_frame/central/20260520_200001\frame_005\ทวีวัฒนา.png,5,ทวีวัฒนา,43.36046600341797,54.0,344,ฝนปานกลาง,2
cropped_districts_by_frame/central/20260312_060001\frame_001\ดินแดง.png,1,ดินแดง,36.5,51.5,2,ฝนปานกลาง,2
cropped_districts_by_frame/north/20260504_170022\frame_009\จตุจักร.png,9,จตุจักร,31.39130401611328,56.5,161,ฝนปานกลาง,2
cropped_districts_by_frame/central/20260504_180001\frame_008\ดินแดง.png,8,ดินแดง,42.382354736328125,54.0,68,ฝนปานกลาง,2
cropped_districts_by_frame/north/20260520_190023\frame_007\หนองแขม.png,7,หนองแขม,32.72549057006836,54.0,51,ฝนปานกลาง,2
cropped_districts_by_frame/central/20260228_070000\frame_002\ดอนเมือง.png,2,ดอนเมือง,39.39473724365234,54.0,19,ฝนปานกลาง,2
cropped_districts_by_frame/north/20260312_060023\frame_011\ดินแดง.png,11,ดินแดง,43.81481552124024,54.0,81,ฝนปานกลาง,2
cropped_districts_by_frame/north/20260510_010023\frame_001\หนองแขม.png,1,หนองแขม,37.90625,54.0,96,ฝนปานกลาง,2
cropped_districts_by_frame/north/20260520_100027\frame_006\ดุสิต.png,6,ดุสิต,34.0,34.0,1,ฝนปานกลาง,2
cropped_districts_by_frame/north/20260520_210023\frame_008\ยานนาวา.png,8,ยานนาวา,43.22413635253906,54.0,87,ฝนปานกลาง,2
cropped_districts_by_frame/central/20260312_060001\frame_009\จตุจักร.png,9,จตุจักร,44.882354736328125,54.0,17,ฝนปานกลาง,2
cropped_districts_by_frame/north/20260312_060023\frame_002\พระโขนง.png,2,พระโขนง,44.65217208862305,54.0,92,ฝนปานกลาง,2
cropped_districts_by_frame/north/20260312_060023\frame_011\วังทองหลาง.png,11,วังทองหลาง,41.9878044128418,54.0,123,ฝนปานกลาง,2
cropped_districts_by_frame/central/20260312_060001\frame_003\มีนบุรี.png,3,มีนบุรี,40.18098068237305,56.5,163,ฝนปานกลาง,2
cropped_districts_by_frame/north/20260502_070026\frame_009\บึงกุ่ม.png,9,บึงกุ่ม,40.2133903503418,54.0,239,ฝนปานกลาง,2
cropped_districts_by_frame/central/20260504_180001\frame_003\ตลิ่งชัน.png,3,ตลิ่งชัน,35.99652862548828,54.0,144,ฝนปานกลาง,2
cropped_districts_by_frame/north/20260312_060023\frame_008\มีนบุรี.png,8,มีนบุรี,35.531986236572266,54.0,297,ฝนปานกลาง,2
cropped_districts_by_frame/central/20260226_210001\frame_010\หนองแขม.png,10,หนองแขม,31.70661163330078,51.5,121,ฝนปานกลาง,2
cropped_districts_by_frame/central/20260525_020000\frame_004\ประเวศ.png,4,ประเวศ,35.86293411254883,54.0,259,ฝนปานกลาง,2
cropped_districts_by_frame/central/20260316_150000\frame_003\บึงกุ่ม.png,3,บึงกุ่ม,34.154762268066406,54.0,210,ฝนปานกลาง,2
cropped_districts_by_frame/north/20260504_180023\frame_007\บางกอกน้อย.png,7,บางกอกน้อย,42.355262756347656,54.0,114,ฝนปานกลาง,2
cropped_districts_by_frame/central/20260218_120002\frame_001\จอมทอง.png,1,จอมทอง,30.31355857849121,46.5,59,ฝนปานกลาง,2
cropped_districts_by_frame/central/20260218_093052\frame_004\บางกอกใหญ่.png,4,บางกอกใหญ่,41.96296310424805,59.0,27,ฝนปานกลาง,2
cropped_districts_by_frame/north/20260501_020027\frame_003\ห้วยขวาง.png,3,ห้วยขวาง,44.37036895751953,54.0,27,ฝนปานกลาง,2
cropped_districts_by_frame/central/20260527_020002\frame_001\ลาดกระบัง.png,1,ลาดกระบัง,40.7613639831543,54.0,88,ฝนปานกลาง,2
cropped_districts_by_frame/central/20260523_010000\frame_006\ธนบุรี.png,6,ธนบุรี,36.5,46.5,23,ฝนปานกลาง,2
cropped_districts_by_frame/north/20260426_160026\frame_002\จตุจักร.png,2,จตุจักร,41.70833206176758,59.0,96,ฝนปานกลาง,2
cropped_districts_by_frame/central/20260317_140002\frame_003\บางเขน.png,3,บางเขน,43.27718734741211,59.0,377,ฝนปานกลาง,2
cropped_districts_by_frame/central/20260525_010000\frame_004\พญาไท.png,4,พญาไท,33.375,46.5,4,ฝนปานกลาง,2
cropped_districts_by_frame/central/20260520_210000\frame_003\ลาดพร้าว.png,3,ลาดพร้าว,36.6574821472168,54.0,127,ฝนปานกลาง,2
cropped_districts_by_frame/central/20260508_180005\frame_010\คันนายาว.png,10,คันนายาว,40.55754089355469,54.0,252,ฝนปานกลาง,2
cropped_districts_by_frame/central/20260505_010001\frame_001\ลาดกระบัง.png,1,ลาดกระบัง,33.734375,54.0,160,ฝนปานกลาง,2
cropped_districts_by_frame/north/20260510_010023\frame_006\บางแค.png,6,บางแค,31.439393997192383,51.5,165,ฝนปานกลาง,2
cropped_districts_by_frame/north/20260508_190023\frame_008\ทวีวัฒนา.png,8,ทวีวัฒนา,33.20454406738281,51.5,44,ฝนปานกลาง,2
cropped_districts_by_frame/north/20260502_070026\frame_010\สายไหม.png,10,สายไหม,36.00413131713867,54.0,242,ฝนปานกลาง,2
cropped_districts_by_frame/central/20260520_210000\frame_000\ลาดพร้าว.png,0,ลาดพร้าว,39.68359375,54.0,128,ฝนปานกลาง,2
cropped_districts_by_frame/north/20260504_180023\frame_001\สะพานสูง.png,1,สะพานสูง,37.84821319580078,54.0,280,ฝนปานกลาง,2
cropped_districts_by_frame/north/20260520_200023\frame_003\บางกอกใหญ่.png,3,บางกอกใหญ่,40.5,51.5,45,ฝนปานกลาง,2
cropped_districts_by_frame/north/20260501_020027\frame_004\จตุจักร.png,4,จตุจักร,37.12154769897461,59.0,181,ฝนปานกลาง,2
cropped_districts_by_frame/central/20260520_200001\frame_010\ห้วยขวาง.png,10,ห้วยขวาง,44.14112854003906,56.5,124,ฝนปานกลาง,2
cropped_districts_by_frame/central/20260505_020000\frame_002\หนองแขม.png,2,หนองแขม,41.3559684753418,54.0,243,ฝนปานกลาง,2
cropped_districts_by_frame/north/20260426_160026\frame_003\วังทองหลาง.png,3,วังทองหลาง,44.968994140625,54.0,129,ฝนปานกลาง,2
cropped_districts_by_frame/central/20260525_020000\frame_004\บางขุนเทียน.png,4,บางขุนเทียน,37.81410217285156,54.0,78,ฝนปานกลาง,2
cropped_districts_by_frame/central/20260520_200001\frame_010\ภาษีเจริญ.png,10,ภาษีเจริญ,41.43016815185547,54.0,179,ฝนปานกลาง,2
cropped_districts_by_frame/north/20260520_200023\frame_008\พระนคร.png,8,พระนคร,44.29411697387695,54.0,17,ฝนปานกลาง,2
cropped_districts_by_frame/north/20260227_000023\frame_010\ยานนาวา.png,10,ยานนาวา,30.19718360900879,46.5,71,ฝนปานกลาง,2
cropped_districts_by_frame/central/20260505_010001\frame_000\หนองจอก.png,0,หนองจอก,39.46992492675781,54.0,399,ฝนปานกลาง,2
cropped_districts_by_frame/central/20260520_210000\frame_001\บางกะปิ.png,1,บางกะปิ,37.98484802246094,56.5,165,ฝนปานกลาง,2
cropped_districts_by_frame/central/20260524_060000\frame_003\มีนบุรี.png,3,มีนบุรี,36.23429870605469,54.0,207,ฝนปานกลาง,2
cropped_districts_by_frame/central/20260508_180005\frame_011\บางเขน.png,11,บางเขน,34.93373489379883,54.0,166,ฝนปานกลาง,2
cropped_districts_by_frame/central/20260508_180005\frame_011\สายไหม.png,11,สายไหม,34.57788848876953,54.0,199,ฝนปานกลาง,2
cropped_districts_by_frame/north/20260312_060023\frame_000\มีนบุรี.png,0,มีนบุรี,37.77336502075195,59.0,214,ฝนปานกลาง,2
cropped_districts_by_frame/north/20260508_190023\frame_006\ปทุมวัน.png,6,ปทุมวัน,33.64285659790039,46.5,7,ฝนปานกลาง,2
cropped_districts_by_frame/north/20260520_210023\frame_002\มีนบุรี.png,2,มีนบุรี,38.70414352416992,54.0,169,ฝนปานกลาง,2
cropped_districts_by_frame/central/20260520_210000\frame_007\จตุจักร.png,7,จตุจักร,37.0329475402832,54.0,258,ฝนปานกลาง,2
cropped_districts_by_frame/central/20260312_070000\frame_005\บางขุนเทียน.png,5,บางขุนเทียน,32.27586364746094,46.5,290,ฝนปานกลาง,2
cropped_districts_by_frame/north/20260312_070022\frame_000\ห้วยขวาง.png,0,ห้วยขวาง,37.792518615722656,54.0,147,ฝนปานกลาง,2
cropped_districts_by_frame/north/20260508_200025\frame_011\บางซื่อ.png,11,บางซื่อ,34.0,34.0,1,ฝนปานกลาง,2
cropped_districts_by_frame/north/20260312_060023\frame_009\คลองเตย.png,9,คลองเตย,33.34782791137695,56.5,46,ฝนปานกลาง,2
cropped_districts_by_frame/central/20260524_040006\frame_010\บางเขน.png,10,บางเขน,33.94444274902344,54.0,180,ฝนปานกลาง,2
cropped_districts_by_frame/central/20260505_010001\frame_003\ประเวศ.png,3,ประเวศ,32.850128173828125,54.0,387,ฝนปานกลาง,2
cropped_districts_by_frame/central/20260520_210000\frame_010\สาทร.png,10,สาทร,39.83333206176758,54.0,36,ฝนปานกลาง,2
cropped_districts_by_frame/north/20260514_000023\frame_000\คลองสามวา.png,0,คลองสามวา,36.727272033691406,51.5,22,ฝนปานกลาง,2
cropped_districts_by_frame/central/20260505_000001\frame_011\มีนบุรี.png,11,มีนบุรี,40.0,54.0,25,ฝนปานกลาง,2
cropped_districts_by_frame/central/20260520_210000\frame_010\สวนหลวง.png,10,สวนหลวง,40.69520568847656,54.0,146,ฝนปานกลาง,2
cropped_districts_by_frame/north/20260514_020029\frame_001\พระโขนง.png,1,พระโขนง,36.563289642333984,46.5,79,ฝนปานกลาง,2
cropped_districts_by_frame/north/20260312_070022\frame_001\ห้วยขวาง.png,1,ห้วยขวาง,31.98214340209961,46.5,140,ฝนปานกลาง,2
cropped_districts_by_frame/central/20260505_000001\frame_011\สะพานสูง.png,11,สะพานสูง,37.88888931274414,54.0,63,ฝนปานกลาง,2
cropped_districts_by_frame/central/20260514_010000\frame_010\ยานนาวา.png,10,ยานนาวา,42.54166793823242,54.0,72,ฝนปานกลาง,2
cropped_districts_by_frame/central/20260317_140002\frame_009\ดอนเมือง.png,9,ดอนเมือง,32.341583251953125,46.5,303,ฝนปานกลาง,2
cropped_districts_by_frame/central/20260520_210000\frame_004\บางบอน.png,4,บางบอน,42.24324417114258,54.0,370,ฝนปานกลาง,2
cropped_districts_by_frame/north/20260227_180023\frame_000\คลองสามวา.png,0,คลองสามวา,39.49783706665039,56.5,231,ฝนปานกลาง,2
cropped_districts_by_frame/central/20260520_200001\frame_008\ลาดพร้าว.png,8,ลาดพร้าว,43.6875,56.5,136,ฝนปานกลาง,2
cropped_districts_by_frame/central/20260504_170000\frame_010\มีนบุรี.png,10,มีนบุรี,44.05656051635742,54.0,442,ฝนปานกลาง,2
cropped_districts_by_frame/central/20260218_093052\frame_007\บางแค.png,7,บางแค,36.272727966308594,54.0,88,ฝนปานกลาง,2
cropped_districts_by_frame/central/20260525_010000\frame_002\ยานนาวา.png,2,ยานนาวา,35.96428680419922,54.0,42,ฝนปานกลาง,2
cropped_districts_by_frame/north/20260312_070022\frame_003\ธนบุรี.png,3,ธนบุรี,31.91666603088379,34.0,6,ฝนปานกลาง,2
cropped_districts_by_frame/north/20260312_060023\frame_000\บางรัก.png,0,บางรัก,42.5,54.0,5,ฝนปานกลาง,2
cropped_districts_by_frame/central/20260508_170000\frame_011\หนองจอก.png,11,หนองจอก,38.70588302612305,54.0,119,ฝนปานกลาง,2
cropped_districts_by_frame/central/20260312_060001\frame_005\บึงกุ่ม.png,5,บึงกุ่ม,31.295917510986328,51.5,49,ฝนปานกลาง,2
cropped_districts_by_frame/central/20260525_010000\frame_000\จอมทอง.png,0,จอมทอง,39.27243423461914,56.5,156,ฝนปานกลาง,2
cropped_districts_by_frame/central/20260525_010000\frame_005\บางนา.png,5,บางนา,38.0217399597168,54.0,23,ฝนปานกลาง,2
cropped_districts_by_frame/central/20260522_120000\frame_000\หนองจอก.png,0,หนองจอก,31.140804290771484,46.5,174,ฝนปานกลาง,2
cropped_districts_by_frame/north/20260520_210023\frame_009\สะพานสูง.png,9,สะพานสูง,44.96666717529297,54.0,300,ฝนปานกลาง,2
cropped_districts_by_frame/north/20260514_010023\frame_011\บางนา.png,11,บางนา,36.07070541381836,54.0,99,ฝนปานกลาง,2
cropped_districts_by_frame/north/20260426_160026\frame_006\บางเขน.png,6,บางเขน,36.92724990844727,54.0,433,ฝนปานกลาง,2
cropped_districts_by_frame/central/20260504_160000\frame_002\สายไหม.png,2,สายไหม,33.765625,54.0,32,ฝนปานกลาง,2
cropped_districts_by_frame/north/20260502_070026\frame_000\วัฒนา.png,0,วัฒนา,37.727272033691406,54.0,55,ฝนปานกลาง,2
cropped_districts_by_frame/central/20260520_210000\frame_003\สะพานสูง.png,3,สะพานสูง,40.65789413452149,56.5,95,ฝนปานกลาง,2
cropped_districts_by_frame/central/20260226_210001\frame_009\หนองแขม.png,9,หนองแขม,31.675437927246094,54.0,114,ฝนปานกลาง,2
cropped_districts_by_frame/central/20260504_160000\frame_004\คันนายาว.png,4,คันนายาว,38.34999847412109,54.0,50,ฝนปานกลาง,2
cropped_districts_by_frame/central/20260520_220002\frame_003\มีนบุรี.png,3,มีนบุรี,32.74733352661133,54.0,469,ฝนปานกลาง,2
cropped_districts_by_frame/central/20260504_180001\frame_006\สวนหลวง.png,6,สวนหลวง,40.82119369506836,54.0,151,ฝนปานกลาง,2
cropped_districts_by_frame/central/20260520_210000\frame_004\บางคอแหลม.png,4,บางคอแหลม,44.89743423461914,54.0,39,ฝนปานกลาง,2
cropped_districts_by_frame/north/20260520_210023\frame_002\ธนบุรี.png,2,ธนบุรี,43.602272033691406,51.5,44,ฝนปานกลาง,2
cropped_districts_by_frame/central/20260525_000000\frame_009\บางแค.png,9,บางแค,42.60962677001953,61.5,374,ฝนปานกลาง,2
cropped_districts_by_frame/central/20260520_210000\frame_007\คลองสามวา.png,7,คลองสามวา,37.88711166381836,56.5,1094,ฝนปานกลาง,2
cropped_districts_by_frame/central/20260312_060001\frame_007\พระโขนง.png,7,พระโขนง,39.05319213867188,54.0,94,ฝนปานกลาง,2
cropped_districts_by_frame/north/20260508_190023\frame_002\สายไหม.png,2,สายไหม,38.736446380615234,54.0,332,ฝนปานกลาง,2
cropped_districts_by_frame/central/20260505_020000\frame_009\บางบอน.png,9,บางบอน,31.83333396911621,54.0,180,ฝนปานกลาง,2
cropped_districts_by_frame/central/20260508_180005\frame_007\คลองสามวา.png,7,คลองสามวา,40.642086029052734,54.0,1017,ฝนปานกลาง,2
cropped_districts_by_frame/north/20260504_180023\frame_000\บางกอกน้อย.png,0,บางกอกน้อย,42.21428680419922,44.0,7,ฝนปานกลาง,2
cropped_districts_by_frame/north/20260504_180023\frame_005\ป้อมปราบศัตรูพ่าย.png,5,ป้อมปราบศัตรูพ่าย,37.75,41.5,16,ฝนปานกลาง,2
cropped_districts_by_frame/north/20260504_170022\frame_010\หลักสี่.png,10,หลักสี่,36.53472137451172,59.0,72,ฝนปานกลาง,2
cropped_districts_by_frame/north/20260520_200023\frame_010\สาทร.png,10,สาทร,43.44444274902344,46.5,9,ฝนปานกลาง,2
cropped_districts_by_frame/north/20260520_210023\frame_009\คลองเตย.png,9,คลองเตย,42.68421173095703,51.5,76,ฝนปานกลาง,2
cropped_districts_by_frame/central/20260520_210000\frame_005\คลองสามวา.png,5,คลองสามวา,38.73004531860352,54.0,1065,ฝนปานกลาง,2
cropped_districts_by_frame/central/20260525_010000\frame_001\สาทร.png,1,สาทร,43.93421173095703,54.0,38,ฝนปานกลาง,2
cropped_districts_by_frame/central/20260508_190000\frame_007\ตลิ่งชัน.png,7,ตลิ่งชัน,40.4594612121582,56.5,185,ฝนปานกลาง,2
cropped_districts_by_frame/north/20260312_060023\frame_007\ราชเทวี.png,7,ราชเทวี,42.21428680419922,46.5,7,ฝนปานกลาง,2
cropped_districts_by_frame/central/20260520_200001\frame_002\บางบอน.png,2,บางบอน,32.15126037597656,54.0,119,ฝนปานกลาง,2
cropped_districts_by_frame/central/20260505_000001\frame_010\ลาดกระบัง.png,10,ลาดกระบัง,31.56637191772461,54.0,113,ฝนปานกลาง,2
cropped_districts_by_frame/central/20260520_200001\frame_010\ทุ่งครุ.png,10,ทุ่งครุ,30.9158878326416,54.0,107,ฝนปานกลาง,2
cropped_districts_by_frame/north/20260504_180023\frame_002\ดินแดง.png,2,ดินแดง,44.57065200805664,54.0,92,ฝนปานกลาง,2
cropped_districts_by_frame/central/20260218_130000\frame_000\หนองแขม.png,0,หนองแขม,32.33333206176758,54.0,15,ฝนปานกลาง,2
cropped_districts_by_frame/central/20260520_200001\frame_008\บางคอแหลม.png,8,บางคอแหลม,43.6875,54.0,24,ฝนปานกลาง,2
cropped_districts_by_frame/north/20260312_060023\frame_008\บางกะปิ.png,8,บางกะปิ,40.035911560058594,54.0,181,ฝนปานกลาง,2
cropped_districts_by_frame/central/20260312_060001\frame_003\ทุ่งครุ.png,3,ทุ่งครุ,35.2931022644043,54.0,87,ฝนปานกลาง,2
cropped_districts_by_frame/central/20260520_210000\frame_005\บางเขน.png,5,บางเขน,33.10755157470703,54.0,437,ฝนปานกลาง,2
cropped_districts_by_frame/central/20260508_190000\frame_010\ภาษีเจริญ.png,10,ภาษีเจริญ,33.44444274902344,54.0,18,ฝนปานกลาง,2
cropped_districts_by_frame/central/20260504_180001\frame_007\คลองเตย.png,7,คลองเตย,40.71875,54.0,80,ฝนปานกลาง,2
cropped_districts_by_frame/north/20260426_160026\frame_004\จตุจักร.png,4,จตุจักร,38.70994567871094,54.0,181,ฝนปานกลาง,2
cropped_districts_by_frame/north/20260514_020029\frame_001\บางนา.png,1,บางนา,35.421051025390625,54.0,95,ฝนปานกลาง,2
cropped_districts_by_frame/central/20260218_093052\frame_006\คันนายาว.png,6,คันนายาว,41.08333206176758,51.5,6,ฝนปานกลาง,2
cropped_districts_by_frame/central/20260504_170000\frame_000\หนองจอก.png,0,หนองจอก,40.3636360168457,56.5,583,ฝนปานกลาง,2
cropped_districts_by_frame/central/20260525_010000\frame_005\สาทร.png,5,สาทร,30.214284896850582,54.0,35,ฝนปานกลาง,2
cropped_districts_by_frame/north/20260502_070026\frame_001\บางนา.png,1,บางนา,30.81034469604492,54.0,29,ฝนปานกลาง,2
cropped_districts_by_frame/central/20260524_030001\frame_010\บางพลัด.png,10,บางพลัด,31.08333396911621,44.0,12,ฝนปานกลาง,2
cropped_districts_by_frame/central/20260514_020006\frame_006\ธนบุรี.png,6,ธนบุรี,34.0,34.0,2,ฝนปานกลาง,2
cropped_districts_by_frame/central/20260312_070000\frame_004\บางขุนเทียน.png,4,บางขุนเทียน,35.92307662963867,54.0,325,ฝนปานกลาง,2
cropped_districts_by_frame/north/20260520_210023\frame_004\หนองแขม.png,4,หนองแขม,35.18852615356445,54.0,183,ฝนปานกลาง,2
cropped_districts_by_frame/north/20260520_220024\frame_000\ประเวศ.png,0,ประเวศ,42.00276565551758,54.0,542,ฝนปานกลาง,2
cropped_districts_by_frame/north/20260520_200023\frame_006\พญาไท.png,6,พญาไท,37.900001525878906,51.5,50,ฝนปานกลาง,2
cropped_districts_by_frame/north/20260426_160026\frame_004\สายไหม.png,4,สายไหม,33.44010543823242,54.0,192,ฝนปานกลาง,2
cropped_districts_by_frame/central/20260525_010000\frame_004\คลองเตย.png,4,คลองเตย,41.540321350097656,51.5,62,ฝนปานกลาง,2
cropped_districts_by_frame/north/20260508_180027\frame_005\ลาดกระบัง.png,5,ลาดกระบัง,44.0217399597168,59.0,460,ฝนปานกลาง,2
cropped_districts_by_frame/central/20260520_200001\frame_006\บึงกุ่ม.png,6,บึงกุ่ม,42.05555725097656,51.5,9,ฝนปานกลาง,2
cropped_districts_by_frame/north/20260426_160026\frame_001\บึงกุ่ม.png,1,บึงกุ่ม,31.131147384643555,54.0,244,ฝนปานกลาง,2
cropped_districts_by_frame/central/20260504_170000\frame_010\คลองสามวา.png,10,คลองสามวา,32.24074172973633,54.0,702,ฝนปานกลาง,2
cropped_districts_by_frame/north/20260520_210023\frame_008\วัฒนา.png,8,วัฒนา,43.346153259277344,54.0,65,ฝนปานกลาง,2
cropped_districts_by_frame/central/20260520_200001\frame_005\บางขุนเทียน.png,5,บางขุนเทียน,31.69230842590332,59.0,182,ฝนปานกลาง,2
cropped_districts_by_frame/north/20260504_160022\frame_007\คลองสามวา.png,7,คลองสามวา,38.01666641235352,56.5,300,ฝนปานกลาง,2
cropped_districts_by_frame/central/20260218_120002\frame_009\บางขุนเทียน.png,9,บางขุนเทียน,37.89751434326172,61.5,161,ฝนปานกลาง,2
cropped_districts_by_frame/north/20260502_070026\frame_003\คลองสามวา.png,3,คลองสามวา,32.0,54.0,45,ฝนปานกลาง,2
cropped_districts_by_frame/north/20260510_010023\frame_005\หนองแขม.png,5,หนองแขม,39.32012176513672,51.5,164,ฝนปานกลาง,2
cropped_districts_by_frame/central/20260520_200001\frame_005\บางกอกน้อย.png,5,บางกอกน้อย,44.35087585449219,54.0,114,ฝนปานกลาง,2
cropped_districts_by_frame/central/20260312_070000\frame_000\วัฒนา.png,0,วัฒนา,41.890625,54.0,64,ฝนปานกลาง,2
cropped_districts_by_frame/north/20260312_060023\frame_005\บึงกุ่ม.png,5,บึงกุ่ม,31.36842155456543,54.0,57,ฝนปานกลาง,2
cropped_districts_by_frame/central/20260525_010000\frame_010\ห้วยขวาง.png,10,ห้วยขวาง,30.814516067504883,54.0,62,ฝนปานกลาง,2
cropped_districts_by_frame/central/20260520_210000\frame_011\ยานนาวา.png,11,ยานนาวา,33.30232620239258,46.5,86,ฝนปานกลาง,2
cropped_districts_by_frame/central/20260520_210000\frame_006\ลาดกระบัง.png,6,ลาดกระบัง,42.97135543823242,66.5,192,ฝนปานกลาง,2
cropped_districts_by_frame/central/20260508_190000\frame_006\ลาดพร้าว.png,6,ลาดพร้าว,42.488807678222656,54.0,134,ฝนปานกลาง,2
cropped_districts_by_frame/central/20260508_180005\frame_005\มีนบุรี.png,5,มีนบุรี,43.859153747558594,54.0,284,ฝนปานกลาง,2
cropped_districts_by_frame/north/20260520_210023\frame_000\บางพลัด.png,0,บางพลัด,44.49180221557617,54.0,61,ฝนปานกลาง,2
cropped_districts_by_frame/north/20260520_220024\frame_004\คลองเตย.png,4,คลองเตย,34.0,34.0,1,ฝนปานกลาง,2
cropped_districts_by_frame/north/20260520_200023\frame_010\หลักสี่.png,10,หลักสี่,36.3684196472168,46.5,57,ฝนปานกลาง,2
cropped_districts_by_frame/central/20260504_180001\frame_005\บางกะปิ.png,5,บางกะปิ,36.29257583618164,54.0,229,ฝนปานกลาง,2
cropped_districts_by_frame/central/20260508_190000\frame_005\บางกอกน้อย.png,5,บางกอกน้อย,37.83720779418945,54.0,43,ฝนปานกลาง,2
cropped_districts_by_frame/north/20260514_020029\frame_002\พระโขนง.png,2,พระโขนง,34.95108795166016,54.0,92,ฝนปานกลาง,2
cropped_districts_by_frame/central/20260227_000001\frame_010\คลองสาน.png,10,คลองสาน,30.428571701049805,34.0,14,ฝนปานกลาง,2
cropped_districts_by_frame/north/20260426_160026\frame_002\คลองสามวา.png,2,คลองสามวา,33.28018569946289,54.0,323,ฝนปานกลาง,2
cropped_districts_by_frame/central/20260312_060001\frame_010\บางนา.png,10,บางนา,35.644737243652344,54.0,38,ฝนปานกลาง,2
cropped_districts_by_frame/north/20260501_020027\frame_001\บางเขน.png,1,บางเขน,34.19841384887695,54.0,189,ฝนปานกลาง,2
cropped_districts_by_frame/north/20260504_180023\frame_004\ตลิ่งชัน.png,4,ตลิ่งชัน,31.21518898010254,46.5,237,ฝนปานกลาง,2
cropped_districts_by_frame/central/20260520_200001\frame_008\บางขุนเทียน.png,8,บางขุนเทียน,44.09331130981445,56.5,643,ฝนปานกลาง,2
cropped_districts_by_frame/central/20260520_210000\frame_006\ทุ่งครุ.png,6,ทุ่งครุ,42.29198455810547,54.0,262,ฝนปานกลาง,2
cropped_districts_by_frame/central/20260501_150000\frame_000\บางซื่อ.png,0,บางซื่อ,34.0,34.0,1,ฝนปานกลาง,2
cropped_districts_by_frame/central/20260520_220002\frame_002\หนองจอก.png,2,หนองจอก,37.454402923583984,54.0,1590,ฝนปานกลาง,2
cropped_districts_by_frame/north/20260520_200023\frame_008\บางคอแหลม.png,8,บางคอแหลม,39.0,51.5,3,ฝนปานกลาง,2
cropped_districts_by_frame/north/20260520_210023\frame_008\สวนหลวง.png,8,สวนหลวง,43.66666793823242,54.0,90,ฝนปานกลาง,2
cropped_districts_by_frame/central/20260504_180001\frame_009\ภาษีเจริญ.png,9,ภาษีเจริญ,38.69325256347656,54.0,163,ฝนปานกลาง,2
cropped_districts_by_frame/central/20260514_010000\frame_007\ยานนาวา.png,7,ยานนาวา,34.28985595703125,46.5,69,ฝนปานกลาง,2
cropped_districts_by_frame/north/20260426_160026\frame_000\คันนายาว.png,0,คันนายาว,40.78315353393555,56.5,279,ฝนปานกลาง,2
cropped_districts_by_frame/central/20260508_180005\frame_008\คันนายาว.png,8,คันนายาว,34.19144058227539,54.0,222,ฝนปานกลาง,2
cropped_districts_by_frame/north/20260520_200023\frame_004\จตุจักร.png,4,จตุจักร,35.761905670166016,54.0,210,ฝนปานกลาง,2
cropped_districts_by_frame/central/20260514_020006\frame_003\ประเวศ.png,3,ประเวศ,30.015464782714844,46.5,485,ฝนปานกลาง,2
cropped_districts_by_frame/north/20260520_210023\frame_006\บางขุนเทียน.png,6,บางขุนเทียน,39.107269287109375,54.0,839,ฝนปานกลาง,2
cropped_districts_by_frame/central/20260519_200001\frame_006\สวนหลวง.png,6,สวนหลวง,35.064815521240234,54.0,54,ฝนปานกลาง,2
cropped_districts_by_frame/north/20260520_190023\frame_009\หนองแขม.png,9,หนองแขม,30.93877601623535,46.5,49,ฝนปานกลาง,2
cropped_districts_by_frame/north/20260520_210023\frame_005\คลองสามวา.png,5,คลองสามวา,37.61684036254883,54.0,1164,ฝนปานกลาง,2
cropped_districts_by_frame/north/20260520_210023\frame_009\ป้อมปราบศัตรูพ่าย.png,9,ป้อมปราบศัตรูพ่าย,42.95833206176758,46.5,12,ฝนปานกลาง,2
cropped_districts_by_frame/central/20260508_190000\frame_004\สายไหม.png,4,สายไหม,32.757530212402344,54.0,332,ฝนปานกลาง,2
cropped_districts_by_frame/central/20260520_210000\frame_003\บางขุนเทียน.png,3,บางขุนเทียน,43.9329948425293,56.5,1082,ฝนปานกลาง,2
cropped_districts_by_frame/central/20260504_180001\frame_008\จตุจักร.png,8,จตุจักร,37.90037536621094,54.0,266,ฝนปานกลาง,2
cropped_districts_by_frame/central/20260227_000001\frame_011\บางคอแหลม.png,11,บางคอแหลม,30.863636016845703,34.0,55,ฝนปานกลาง,2
cropped_districts_by_frame/north/20260520_210023\frame_002\จอมทอง.png,2,จอมทอง,43.35810852050781,54.0,222,ฝนปานกลาง,2
cropped_districts_by_frame/north/20260520_200023\frame_003\บางพลัด.png,3,บางพลัด,31.772727966308597,54.0,55,ฝนปานกลาง,2
cropped_districts_by_frame/central/20260520_200001\frame_011\บางกะปิ.png,11,บางกะปิ,39.59090805053711,56.5,110,ฝนปานกลาง,2
cropped_districts_by_frame/central/20260504_180001\frame_004\บางแค.png,4,บางแค,31.64705848693848,54.0,34,ฝนปานกลาง,2
cropped_districts_by_frame/central/20260504_170000\frame_011\ราชเทวี.png,11,ราชเทวี,37.150001525878906,51.5,50,ฝนปานกลาง,2
cropped_districts_by_frame/central/20260508_190000\frame_003\หนองจอก.png,3,หนองจอก,33.9085807800293,54.0,711,ฝนปานกลาง,2
cropped_districts_by_frame/central/20260523_010000\frame_003\บางกอกน้อย.png,3,บางกอกน้อย,44.88785171508789,56.5,107,ฝนปานกลาง,2
cropped_districts_by_frame/central/20260504_180001\frame_010\คลองสาน.png,10,คลองสาน,41.5,54.0,7,ฝนปานกลาง,2
cropped_districts_by_frame/central/20260523_010000\frame_010\สายไหม.png,10,สายไหม,37.4532356262207,54.0,139,ฝนปานกลาง,2
cropped_districts_by_frame/central/20260218_120002\frame_001\บางขุนเทียน.png,1,บางขุนเทียน,35.24535369873047,56.5,269,ฝนปานกลาง,2
cropped_districts_by_frame/central/20260520_210000\frame_007\ห้วยขวาง.png,7,ห้วยขวาง,43.67856979370117,54.0,140,ฝนปานกลาง,2
cropped_districts_by_frame/north/20260508_190023\frame_005\สายไหม.png,5,สายไหม,32.92953872680664,51.5,369,ฝนปานกลาง,2
cropped_districts_by_frame/central/20260523_010000\frame_002\ทุ่งครุ.png,2,ทุ่งครุ,37.903507232666016,51.5,57,ฝนปานกลาง,2
cropped_districts_by_frame/north/20260312_070022\frame_000\บางกะปิ.png,0,บางกะปิ,41.22058868408203,54.0,170,ฝนปานกลาง,2
cropped_districts_by_frame/central/20260504_160000\frame_011\บางเขน.png,11,บางเขน,38.56439208984375,54.0,396,ฝนปานกลาง,2
cropped_districts_by_frame/north/20260514_020029\frame_007\บางนา.png,7,บางนา,36.04787063598633,54.0,94,ฝนปานกลาง,2
cropped_districts_by_frame/central/20260520_200001\frame_009\ภาษีเจริญ.png,9,ภาษีเจริญ,44.16042709350586,56.5,187,ฝนปานกลาง,2
cropped_districts_by_frame/north/20260501_020027\frame_005\ลาดกระบัง.png,5,ลาดกระบัง,31.42879676818848,54.0,316,ฝนปานกลาง,2
cropped_districts_by_frame/central/20260525_010000\frame_010\บางนา.png,10,บางนา,30.20967674255371,51.5,31,ฝนปานกลาง,2
cropped_districts_by_frame/north/20260520_200023\frame_010\ดินแดง.png,10,ดินแดง,40.10389709472656,54.0,77,ฝนปานกลาง,2
cropped_districts_by_frame/north/20260520_210023\frame_007\จตุจักร.png,7,จตุจักร,38.38920593261719,54.0,352,ฝนปานกลาง,2
cropped_districts_by_frame/central/20260504_170000\frame_003\คลองสามวา.png,3,คลองสามวา,35.662994384765625,54.0,681,ฝนปานกลาง,2
cropped_districts_by_frame/north/20260514_010023\frame_004\สะพานสูง.png,4,สะพานสูง,35.290321350097656,44.0,31,ฝนปานกลาง,2
cropped_districts_by_frame/central/20260505_010001\frame_010\บางขุนเทียน.png,10,บางขุนเทียน,35.0125846862793,56.5,874,ฝนปานกลาง,2
cropped_districts_by_frame/central/20260430_120001\frame_001\บางขุนเทียน.png,1,บางขุนเทียน,35.66666793823242,46.5,6,ฝนปานกลาง,2
cropped_districts_by_frame/north/20260504_170022\frame_008\ประเวศ.png,8,ประเวศ,41.453704833984375,59.0,54,ฝนปานกลาง,2
cropped_districts_by_frame/north/20260312_060023\frame_004\วังทองหลาง.png,4,วังทองหลาง,33.565216064453125,51.5,69,ฝนปานกลาง,2
cropped_districts_by_frame/central/20260504_170000\frame_008\คลองสามวา.png,8,คลองสามวา,34.5506591796875,54.0,681,ฝนปานกลาง,2
cropped_districts_by_frame/north/20260520_220024\frame_000\บางกะปิ.png,0,บางกะปิ,32.61471939086914,54.0,231,ฝนปานกลาง,2
cropped_districts_by_frame/central/20260312_060001\frame_005\บางขุนเทียน.png,5,บางขุนเทียน,37.69083786010742,54.0,655,ฝนปานกลาง,2
cropped_districts_by_frame/central/20260504_180001\frame_005\วังทองหลาง.png,5,วังทองหลาง,42.417266845703125,54.0,139,ฝนปานกลาง,2
cropped_districts_by_frame/central/20260508_190000\frame_001\หนองจอก.png,1,หนองจอก,33.614967346191406,54.0,922,ฝนปานกลาง,2
cropped_districts_by_frame/central/20260312_060001\frame_001\พระโขนง.png,1,พระโขนง,37.07500076293945,54.0,100,ฝนปานกลาง,2
cropped_districts_by_frame/north/20260312_060023\frame_007\ลาดกระบัง.png,7,ลาดกระบัง,33.97671890258789,59.0,859,ฝนปานกลาง,2
cropped_districts_by_frame/central/20260316_150000\frame_008\สะพานสูง.png,8,สะพานสูง,39.8057861328125,59.0,242,ฝนปานกลาง,2
cropped_districts_by_frame/north/20260502_070026\frame_004\สวนหลวง.png,4,สวนหลวง,38.33333206176758,54.0,60,ฝนปานกลาง,2
cropped_districts_by_frame/central/20260505_010001\frame_000\บางเขน.png,0,บางเขน,31.8538818359375,51.5,219,ฝนปานกลาง,2
cropped_districts_by_frame/north/20260508_190023\frame_005\วัฒนา.png,5,วัฒนา,35.44736862182617,54.0,57,ฝนปานกลาง,2
cropped_districts_by_frame/central/20260505_010001\frame_011\ทุ่งครุ.png,11,ทุ่งครุ,41.95000076293945,54.0,250,ฝนปานกลาง,2
cropped_districts_by_frame/central/20260519_200001\frame_009\ประเวศ.png,9,ประเวศ,30.79002952575684,54.0,331,ฝนปานกลาง,2
cropped_districts_by_frame/central/20260514_020006\frame_005\บางนา.png,5,บางนา,37.20754623413086,46.5,53,ฝนปานกลาง,2
cropped_districts_by_frame/central/20260508_200003\frame_000\ตลิ่งชัน.png,0,ตลิ่งชัน,40.57352828979492,54.0,340,ฝนปานกลาง,2
cropped_districts_by_frame/north/20260502_070026\frame_004\ประเวศ.png,4,ประเวศ,33.83108139038086,54.0,222,ฝนปานกลาง,2
cropped_districts_by_frame/central/20260505_010001\frame_001\พระโขนง.png,1,พระโขนง,38.42307662963867,54.0,78,ฝนปานกลาง,2
cropped_districts_by_frame/central/20260504_180001\frame_004\บางกะปิ.png,4,บางกะปิ,44.260868072509766,54.0,230,ฝนปานกลาง,2
cropped_districts_by_frame/north/20260520_200023\frame_006\บางขุนเทียน.png,6,บางขุนเทียน,32.6875,54.0,280,ฝนปานกลาง,2
cropped_districts_by_frame/central/20260514_020006\frame_002\ธนบุรี.png,2,ธนบุรี,34.0,34.0,2,ฝนปานกลาง,2
cropped_districts_by_frame/north/20260520_210023\frame_005\ภาษีเจริญ.png,5,ภาษีเจริญ,37.125,51.5,116,ฝนปานกลาง,2
cropped_districts_by_frame/central/20260218_120002\frame_007\บางขุนเทียน.png,7,บางขุนเทียน,33.55167007446289,61.5,329,ฝนปานกลาง,2
cropped_districts_by_frame/north/20260520_210023\frame_007\พญาไท.png,7,พญาไท,37.75,46.5,32,ฝนปานกลาง,2
cropped_districts_by_frame/north/20260520_200023\frame_009\ตลิ่งชัน.png,9,ตลิ่งชัน,42.25732803344727,54.0,307,ฝนปานกลาง,2
cropped_districts_by_frame/north/20260520_220024\frame_004\หนองจอก.png,4,หนองจอก,35.255184173583984,54.0,2412,ฝนปานกลาง,2
cropped_districts_by_frame/central/20260218_120002\frame_006\บางขุนเทียน.png,6,บางขุนเทียน,35.305030822753906,66.5,318,ฝนปานกลาง,2
cropped_districts_by_frame/north/20260508_190023\frame_006\วัฒนา.png,6,วัฒนา,30.64285659790039,54.0,35,ฝนปานกลาง,2
cropped_districts_by_frame/central/20260520_200001\frame_001\บางบอน.png,1,บางบอน,30.59482765197754,46.5,58,ฝนปานกลาง,2
cropped_districts_by_frame/north/20260504_180023\frame_003\ลาดพร้าว.png,3,ลาดพร้าว,34.84196853637695,54.0,193,ฝนปานกลาง,2
cropped_districts_by_frame/north/20260520_200023\frame_008\บางขุนเทียน.png,8,บางขุนเทียน,39.58922576904297,54.0,594,ฝนปานกลาง,2
cropped_districts_by_frame/central/20260505_010001\frame_005\คลองเตย.png,5,คลองเตย,34.0,34.0,1,ฝนปานกลาง,2
cropped_districts_by_frame/north/20260508_190023\frame_005\ตลิ่งชัน.png,5,ตลิ่งชัน,34.25,54.0,10,ฝนปานกลาง,2
cropped_districts_by_frame/central/20260520_200001\frame_003\บางซื่อ.png,3,บางซื่อ,44.15957260131836,56.5,94,ฝนปานกลาง,2
cropped_districts_by_frame/central/20260525_010000\frame_008\พญาไท.png,8,พญาไท,36.34375,54.0,32,ฝนปานกลาง,2
cropped_districts_by_frame/north/20260520_200023\frame_008\วังทองหลาง.png,8,วังทองหลาง,33.921875,54.0,64,ฝนปานกลาง,2
cropped_districts_by_frame/central/20260312_060001\frame_007\บางขุนเทียน.png,7,บางขุนเทียน,37.68002700805664,54.0,786,ฝนปานกลาง,2
cropped_districts_by_frame/north/20260312_060023\frame_004\วัฒนา.png,4,วัฒนา,38.65909194946289,51.5,66,ฝนปานกลาง,2
cropped_districts_by_frame/north/20260508_190023\frame_007\สายไหม.png,7,สายไหม,30.06382942199707,54.0,329,ฝนปานกลาง,2
cropped_districts_by_frame/central/20260504_160000\frame_006\บางเขน.png,6,บางเขน,44.165035247802734,59.0,409,ฝนปานกลาง,2
cropped_districts_by_frame/central/20260504_180001\frame_002\สายไหม.png,2,สายไหม,39.65789413452149,54.0,19,ฝนปานกลาง,2
cropped_districts_by_frame/central/20260505_010001\frame_009\ตลิ่งชัน.png,9,ตลิ่งชัน,36.47797393798828,54.0,227,ฝนปานกลาง,2
cropped_districts_by_frame/central/20260520_210000\frame_008\ห้วยขวาง.png,8,ห้วยขวาง,43.35714340209961,54.0,140,ฝนปานกลาง,2
cropped_districts_by_frame/central/20260312_060001\frame_011\บึงกุ่ม.png,11,บึงกุ่ม,37.14885330200195,54.0,131,ฝนปานกลาง,2
cropped_districts_by_frame/central/20260525_010000\frame_004\ตลิ่งชัน.png,4,ตลิ่งชัน,44.986446380615234,54.0,332,ฝนปานกลาง,2
cropped_districts_by_frame/north/20260510_010023\frame_005\ทวีวัฒนา.png,5,ทวีวัฒนา,35.342281341552734,54.0,149,ฝนปานกลาง,2
cropped_districts_by_frame/central/20260514_020006\frame_006\บางนา.png,6,บางนา,39.30612182617188,51.5,49,ฝนปานกลาง,2
cropped_districts_by_frame/central/20260520_210000\frame_007\ยานนาวา.png,7,ยานนาวา,42.68589782714844,54.0,78,ฝนปานกลาง,2
cropped_districts_by_frame/central/20260520_210000\frame_009\ลาดกระบัง.png,9,ลาดกระบัง,43.93299102783203,56.5,485,ฝนปานกลาง,2
cropped_districts_by_frame/north/20260520_200023\frame_006\ตลิ่งชัน.png,6,ตลิ่งชัน,40.25833511352539,54.0,300,ฝนปานกลาง,2
cropped_districts_by_frame/north/20260520_200023\frame_004\จอมทอง.png,4,จอมทอง,40.1328125,51.5,64,ฝนปานกลาง,2
cropped_districts_by_frame/north/20260514_020029\frame_000\บางนา.png,0,บางนา,36.949440002441406,54.0,89,ฝนปานกลาง,2
cropped_districts_by_frame/north/20260312_060023\frame_006\ห้วยขวาง.png,6,ห้วยขวาง,36.94117736816406,51.5,85,ฝนปานกลาง,2
cropped_districts_by_frame/central/20260508_190000\frame_002\บางเขน.png,2,บางเขน,31.57886505126953,54.0,317,ฝนปานกลาง,2
cropped_districts_by_frame/central/20260524_030001\frame_007\จอมทอง.png,7,จอมทอง,34.97222137451172,54.0,18,ฝนปานกลาง,2
cropped_districts_by_frame/central/20260520_210000\frame_000\ภาษีเจริญ.png,0,ภาษีเจริญ,39.68313980102539,54.0,172,ฝนปานกลาง,2
cropped_districts_by_frame/north/20260502_070026\frame_005\สายไหม.png,5,สายไหม,38.375,54.0,136,ฝนปานกลาง,2
cropped_districts_by_frame/central/20260312_060001\frame_010\วังทองหลาง.png,10,วังทองหลาง,37.57876586914063,54.0,146,ฝนปานกลาง,2
cropped_districts_by_frame/central/20260527_020002\frame_003\ลาดกระบัง.png,3,ลาดกระบัง,34.07246398925781,46.5,138,ฝนปานกลาง,2
cropped_districts_by_frame/central/20260504_180001\frame_000\มีนบุรี.png,0,มีนบุรี,41.60293960571289,54.0,340,ฝนปานกลาง,2
cropped_districts_by_frame/central/20260520_210000\frame_009\บึงกุ่ม.png,9,บึงกุ่ม,44.38888931274414,54.0,225,ฝนปานกลาง,2
cropped_districts_by_frame/north/20260312_070022\frame_005\สะพานสูง.png,5,สะพานสูง,34.685184478759766,54.0,270,ฝนปานกลาง,2
cropped_districts_by_frame/central/20260508_210000\frame_003\ดุสิต.png,3,ดุสิต,31.321428298950195,34.0,28,ฝนปานกลาง,2
cropped_districts_by_frame/north/20260504_180023\frame_002\บางพลัด.png,2,บางพลัด,35.66666793823242,54.0,6,ฝนปานกลาง,2
cropped_districts_by_frame/north/20260504_160022\frame_010\บางเขน.png,10,บางเขน,40.38568115234375,54.0,433,ฝนปานกลาง,2
cropped_districts_by_frame/central/20260508_190000\frame_006\บางกะปิ.png,6,บางกะปิ,32.43373489379883,54.0,83,ฝนปานกลาง,2
cropped_districts_by_frame/north/20260520_200023\frame_011\หนองแขม.png,11,หนองแขม,34.05464553833008,51.5,183,ฝนปานกลาง,2
cropped_districts_by_frame/north/20260508_210022\frame_006\พระนคร.png,6,พระนคร,34.0,34.0,1,ฝนปานกลาง,2
cropped_districts_by_frame/central/20260525_010000\frame_002\จอมทอง.png,2,จอมทอง,38.74683380126953,54.0,158,ฝนปานกลาง,2
cropped_districts_by_frame/central/20260504_170000\frame_004\คลองสามวา.png,4,คลองสามวา,34.95205307006836,54.0,730,ฝนปานกลาง,2
cropped_districts_by_frame/central/20260525_000000\frame_006\หนองแขม.png,6,หนองแขม,37.72916793823242,66.5,240,ฝนปานกลาง,2
cropped_districts_by_frame/central/20260520_210000\frame_000\บางซื่อ.png,0,บางซื่อ,37.696807861328125,54.0,94,ฝนปานกลาง,2
cropped_districts_by_frame/north/20260502_070026\frame_006\สะพานสูง.png,6,สะพานสูง,43.37735748291016,56.5,265,ฝนปานกลาง,2
cropped_districts_by_frame/central/20260520_210000\frame_000\บางกะปิ.png,0,บางกะปิ,41.132354736328125,54.0,102,ฝนปานกลาง,2
cropped_districts_by_frame/north/20260502_070026\frame_002\ห้วยขวาง.png,2,ห้วยขวาง,30.25,51.5,124,ฝนปานกลาง,2
cropped_districts_by_frame/central/20260504_170000\frame_010\หลักสี่.png,10,หลักสี่,39.1315803527832,54.0,38,ฝนปานกลาง,2
cropped_districts_by_frame/central/20260508_210000\frame_008\ลาดกระบัง.png,8,ลาดกระบัง,35.81818008422852,54.0,165,ฝนปานกลาง,2
cropped_districts_by_frame/north/20260504_180023\frame_003\สาทร.png,3,สาทร,43.28571319580078,54.0,14,ฝนปานกลาง,2
cropped_districts_by_frame/central/20260520_210000\frame_001\พญาไท.png,1,พญาไท,36.25,54.0,80,ฝนปานกลาง,2
cropped_districts_by_frame/central/20260504_180001\frame_004\หลักสี่.png,4,หลักสี่,38.96402740478516,56.5,139,ฝนปานกลาง,2
cropped_districts_by_frame/north/20260508_180027\frame_011\จตุจักร.png,11,จตุจักร,34.0,51.5,51,ฝนปานกลาง,2
cropped_districts_by_frame/central/20260524_040006\frame_004\บางซื่อ.png,4,บางซื่อ,37.3870964050293,54.0,62,ฝนปานกลาง,2
cropped_districts_by_frame/central/20260524_060000\frame_001\หนองจอก.png,1,หนองจอก,32.269229888916016,46.5,13,ฝนปานกลาง,2
cropped_districts_by_frame/central/20260312_060001\frame_010\บางขุนเทียน.png,10,บางขุนเทียน,34.0716552734375,54.0,942,ฝนปานกลาง,2
cropped_districts_by_frame/north/20260312_070022\frame_000\วัฒนา.png,0,วัฒนา,44.140846252441406,54.0,71,ฝนปานกลาง,2
cropped_districts_by_frame/central/20260508_200003\frame_001\ตลิ่งชัน.png,1,ตลิ่งชัน,34.55970001220703,54.0,335,ฝนปานกลาง,2
cropped_districts_by_frame/central/20260523_020000\frame_007\จตุจักร.png,7,จตุจักร,31.659574508666992,51.5,47,ฝนปานกลาง,2
cropped_districts_by_frame/north/20260508_170022\frame_004\คลองสามวา.png,4,คลองสามวา,35.84964370727539,59.0,419,ฝนปานกลาง,2
cropped_districts_by_frame/central/20260519_200001\frame_000\บางขุนเทียน.png,0,บางขุนเทียน,31.98412704467773,54.0,315,ฝนปานกลาง,2
cropped_districts_by_frame/north/20260312_060023\frame_008\คันนายาว.png,8,คันนายาว,37.06358337402344,54.0,173,ฝนปานกลาง,2
cropped_districts_by_frame/central/20260226_220000\frame_008\บางขุนเทียน.png,8,บางขุนเทียน,30.602563858032227,46.5,39,ฝนปานกลาง,2
cropped_districts_by_frame/north/20260502_070026\frame_006\คลองสามวา.png,6,คลองสามวา,31.73419189453125,54.0,427,ฝนปานกลาง,2
cropped_districts_by_frame/central/20260505_010001\frame_005\บางนา.png,5,บางนา,30.600000381469727,54.0,25,ฝนปานกลาง,2
cropped_districts_by_frame/north/20260520_200023\frame_000\บางกอกน้อย.png,0,บางกอกน้อย,44.703125,54.0,32,ฝนปานกลาง,2
cropped_districts_by_frame/central/20260525_010000\frame_001\บางบอน.png,1,บางบอน,34.88181686401367,54.0,275,ฝนปานกลาง,2
cropped_districts_by_frame/central/20260218_093052\frame_010\บางแค.png,10,บางแค,41.09999847412109,54.0,75,ฝนปานกลาง,2
cropped_districts_by_frame/central/20260514_010000\frame_005\ลาดกระบัง.png,5,ลาดกระบัง,34.83620834350586,51.5,290,ฝนปานกลาง,2
cropped_districts_by_frame/north/20260508_190023\frame_004\ดินแดง.png,4,ดินแดง,35.66666793823242,51.5,63,ฝนปานกลาง,2
cropped_districts_by_frame/north/20260520_210023\frame_006\ดินแดง.png,6,ดินแดง,43.230770111083984,54.0,91,ฝนปานกลาง,2
cropped_districts_by_frame/central/20260525_010000\frame_008\ราษฎร์บูรณะ.png,8,ราษฎร์บูรณะ,31.321428298950195,44.0,42,ฝนปานกลาง,2
cropped_districts_by_frame/central/20260520_210000\frame_004\บางกอกน้อย.png,4,บางกอกน้อย,42.73949432373047,54.0,119,ฝนปานกลาง,2
cropped_districts_by_frame/central/20260505_010001\frame_000\สะพานสูง.png,0,สะพานสูง,35.774192810058594,54.0,62,ฝนปานกลาง,2
cropped_districts_by_frame/central/20260520_210000\frame_010\วัฒนา.png,10,วัฒนา,43.07692337036133,54.0,65,ฝนปานกลาง,2
cropped_districts_by_frame/central/20260312_060001\frame_001\ปทุมวัน.png,1,ปทุมวัน,42.4375,56.5,48,ฝนปานกลาง,2
cropped_districts_by_frame/central/20260312_080000\frame_000\มีนบุรี.png,0,มีนบุรี,35.95266342163086,54.0,338,ฝนปานกลาง,2
cropped_districts_by_frame/central/20260316_150000\frame_009\ราษฎร์บูรณะ.png,9,ราษฎร์บูรณะ,42.671875,54.0,32,ฝนปานกลาง,2
cropped_districts_by_frame/north/20260520_200023\frame_005\ทวีวัฒนา.png,5,ทวีวัฒนา,43.22945022583008,54.0,146,ฝนปานกลาง,2
cropped_districts_by_frame/central/20260520_210000\frame_003\พญาไท.png,3,พญาไท,42.6494255065918,54.0,87,ฝนปานกลาง,2
cropped_districts_by_frame/central/20260312_060001\frame_011\ประเวศ.png,11,ประเวศ,33.35572814941406,54.0,454,ฝนปานกลาง,2
cropped_districts_by_frame/central/20260508_190000\frame_002\วังทองหลาง.png,2,วังทองหลาง,42.940677642822266,59.0,118,ฝนปานกลาง,2
cropped_districts_by_frame/north/20260504_170022\frame_007\ประเวศ.png,7,ประเวศ,31.571428298950195,54.0,35,ฝนปานกลาง,2
cropped_districts_by_frame/central/20260312_060001\frame_004\จอมทอง.png,4,จอมทอง,30.26712417602539,54.0,73,ฝนปานกลาง,2
cropped_districts_by_frame/central/20260525_010000\frame_005\ทุ่งครุ.png,5,ทุ่งครุ,35.00993347167969,51.5,151,ฝนปานกลาง,2
cropped_districts_by_frame/central/20260524_040006\frame_009\สายไหม.png,9,สายไหม,34.653846740722656,54.0,65,ฝนปานกลาง,2
cropped_districts_by_frame/north/20260508_190023\frame_003\มีนบุรี.png,3,มีนบุรี,31.494089126586918,54.0,423,ฝนปานกลาง,2
cropped_districts_by_frame/north/20260520_200023\frame_005\บางแค.png,5,บางแค,42.619049072265625,54.0,210,ฝนปานกลาง,2
cropped_districts_by_frame/north/20260507_180025\frame_003\บางพลัด.png,3,บางพลัด,31.0,44.0,10,ฝนปานกลาง,2
cropped_districts_by_frame/central/20260520_210000\frame_006\ดินแดง.png,6,ดินแดง,44.42105102539063,54.0,95,ฝนปานกลาง,2
cropped_districts_by_frame/central/20260525_010000\frame_005\วัฒนา.png,5,วัฒนา,33.099998474121094,54.0,25,ฝนปานกลาง,2
cropped_districts_by_frame/north/20260514_010023\frame_009\พระโขนง.png,9,พระโขนง,40.57534408569336,51.5,73,ฝนปานกลาง,2
cropped_districts_by_frame/north/20260508_180027\frame_010\จตุจักร.png,10,จตุจักร,32.90625,46.5,16,ฝนปานกลาง,2
cropped_districts_by_frame/central/20260523_010000\frame_010\บางซื่อ.png,10,บางซื่อ,30.0112361907959,51.5,89,ฝนปานกลาง,2
cropped_districts_by_frame/central/20260514_010000\frame_005\ราษฎร์บูรณะ.png,5,ราษฎร์บูรณะ,31.36842155456543,46.5,38,ฝนปานกลาง,2
cropped_districts_by_frame/central/20260525_000000\frame_005\ทวีวัฒนา.png,5,ทวีวัฒนา,40.78571319580078,56.5,42,ฝนปานกลาง,2
cropped_districts_by_frame/north/20260312_070022\frame_006\หนองจอก.png,6,หนองจอก,35.5146598815918,59.0,307,ฝนปานกลาง,2
cropped_districts_by_frame/central/20260226_230000\frame_011\ภาษีเจริญ.png,11,ภาษีเจริญ,34.0,34.0,1,ฝนปานกลาง,2
cropped_districts_by_frame/north/20260520_190023\frame_011\หนองแขม.png,11,หนองแขม,41.45762634277344,54.0,118,ฝนปานกลาง,2
cropped_districts_by_frame/north/20260502_070026\frame_008\บางเขน.png,8,บางเขน,39.8028450012207,54.0,246,ฝนปานกลาง,2
cropped_districts_by_frame/central/20260504_180001\frame_007\หลักสี่.png,7,หลักสี่,34.89552307128906,54.0,134,ฝนปานกลาง,2
cropped_districts_by_frame/central/20260316_150000\frame_004\วังทองหลาง.png,4,วังทองหลาง,42.63793182373047,54.0,145,ฝนปานกลาง,2
cropped_districts_by_frame/north/20260520_190023\frame_009\ตลิ่งชัน.png,9,ตลิ่งชัน,37.75,54.0,18,ฝนปานกลาง,2
cropped_districts_by_frame/central/20260504_180001\frame_000\ป้อมปราบศัตรูพ่าย.png,0,ป้อมปราบศัตรูพ่าย,44.0,44.0,1,ฝนปานกลาง,2
cropped_districts_by_frame/central/20260525_010000\frame_004\ปทุมวัน.png,4,ปทุมวัน,42.5843391418457,54.0,83,ฝนปานกลาง,2
cropped_districts_by_frame/north/20260312_060023\frame_009\บางแค.png,9,บางแค,38.20792007446289,54.0,101,ฝนปานกลาง,2
cropped_districts_by_frame/central/20260227_000001\frame_008\บางคอแหลม.png,8,บางคอแหลม,38.80769348144531,54.0,39,ฝนปานกลาง,2
cropped_districts_by_frame/north/20260502_070026\frame_007\คลองสามวา.png,7,คลองสามวา,33.96806716918945,59.0,548,ฝนปานกลาง,2
cropped_districts_by_frame/north/20260520_200023\frame_003\ทวีวัฒนา.png,3,ทวีวัฒนา,43.845890045166016,54.0,146,ฝนปานกลาง,2
cropped_districts_by_frame/central/20260228_070000\frame_011\ประเวศ.png,11,ประเวศ,44.0,44.0,1,ฝนปานกลาง,2
cropped_districts_by_frame/central/20260527_030000\frame_008\สวนหลวง.png,8,สวนหลวง,34.0,34.0,1,ฝนปานกลาง,2
cropped_districts_by_frame/north/20260426_160026\frame_000\วังทองหลาง.png,0,วังทองหลาง,38.19047546386719,54.0,105,ฝนปานกลาง,2
cropped_districts_by_frame/central/20260523_020000\frame_004\ดอนเมือง.png,4,ดอนเมือง,44.19013977050781,54.0,355,ฝนปานกลาง,2
cropped_districts_by_frame/north/20260504_170022\frame_007\สวนหลวง.png,7,สวนหลวง,42.07692337036133,66.5,26,ฝนปานกลาง,2
cropped_districts_by_frame/central/20260520_210000\frame_011\บางนา.png,11,บางนา,37.150001525878906,54.0,50,ฝนปานกลาง,2
cropped_districts_by_frame/north/20260508_180027\frame_006\ลาดกระบัง.png,6,ลาดกระบัง,40.7301025390625,59.0,578,ฝนปานกลาง,2
cropped_districts_by_frame/north/20260520_210023\frame_005\บางพลัด.png,5,บางพลัด,37.0,51.5,50,ฝนปานกลาง,2
cropped_districts_by_frame/central/20260312_060001\frame_010\ปทุมวัน.png,10,ปทุมวัน,40.61764526367188,56.5,51,ฝนปานกลาง,2
cropped_districts_by_frame/central/20260520_200001\frame_011\บางซื่อ.png,11,บางซื่อ,38.58762741088867,54.0,97,ฝนปานกลาง,2
cropped_districts_by_frame/north/20260520_200023\frame_008\จอมทอง.png,8,จอมทอง,44.23255920410156,54.0,215,ฝนปานกลาง,2
cropped_districts_by_frame/north/20260520_210023\frame_006\ห้วยขวาง.png,6,ห้วยขวาง,43.85955047607422,54.0,178,ฝนปานกลาง,2
cropped_districts_by_frame/north/20260508_190023\frame_006\ห้วยขวาง.png,6,ห้วยขวาง,38.6165657043457,54.0,163,ฝนปานกลาง,2
cropped_districts_by_frame/central/20260508_190000\frame_000\คลองสามวา.png,0,คลองสามวา,42.25736618041992,54.0,1086,ฝนปานกลาง,2
cropped_districts_by_frame/central/20260226_230000\frame_009\คลองสาน.png,9,คลองสาน,30.875,34.0,12,ฝนปานกลาง,2
cropped_districts_by_frame/north/20260504_180023\frame_006\บางกอกน้อย.png,6,บางกอกน้อย,42.68794250488281,54.0,141,ฝนปานกลาง,2
cropped_districts_by_frame/north/20260504_180023\frame_005\บางซื่อ.png,5,บางซื่อ,35.94767379760742,46.5,86,ฝนปานกลาง,2
cropped_districts_by_frame/north/20260227_180023\frame_001\คลองสามวา.png,1,คลองสามวา,39.15901184082031,59.0,283,ฝนปานกลาง,2
cropped_districts_by_frame/central/20260312_060001\frame_006\บางขุนเทียน.png,6,บางขุนเทียน,38.164337158203125,54.0,715,ฝนปานกลาง,2
cropped_districts_by_frame/central/20260505_020000\frame_004\บางบอน.png,4,บางบอน,34.0,46.5,234,ฝนปานกลาง,2
cropped_districts_by_frame/central/20260523_010000\frame_006\บางคอแหลม.png,6,บางคอแหลม,43.91379165649414,54.0,29,ฝนปานกลาง,2
cropped_districts_by_frame/central/20260514_010000\frame_008\พระโขนง.png,8,พระโขนง,34.517242431640625,51.5,87,ฝนปานกลาง,2
cropped_districts_by_frame/central/20260505_010001\frame_000\พระโขนง.png,0,พระโขนง,40.28289413452149,54.0,76,ฝนปานกลาง,2
cropped_districts_by_frame/north/20260504_160022\frame_008\หลักสี่.png,8,หลักสี่,43.79508209228516,54.0,122,ฝนปานกลาง,2
cropped_districts_by_frame/central/20260508_170000\frame_003\คลองสามวา.png,3,คลองสามวา,31.18390846252441,46.5,87,ฝนปานกลาง,2
cropped_districts_by_frame/central/20260504_180001\frame_009\จตุจักร.png,9,จตุจักร,32.26642227172852,54.0,137,ฝนปานกลาง,2
cropped_districts_by_frame/north/20260520_200023\frame_005\บางกอกน้อย.png,5,บางกอกน้อย,42.41145706176758,49.0,96,ฝนปานกลาง,2
cropped_districts_by_frame/central/20260504_180001\frame_005\ดินแดง.png,5,ดินแดง,43.1761360168457,54.0,88,ฝนปานกลาง,2
cropped_districts_by_frame/north/20260508_170022\frame_001\หนองจอก.png,1,หนองจอก,32.470001220703125,54.0,250,ฝนปานกลาง,2
cropped_districts_by_frame/north/20260504_180023\frame_000\พญาไท.png,0,พญาไท,31.159090042114254,56.5,22,ฝนปานกลาง,2
cropped_districts_by_frame/central/20260520_210000\frame_009\คลองสามวา.png,9,คลองสามวา,35.972023010253906,54.0,1108,ฝนปานกลาง,2
cropped_districts_by_frame/central/20260317_140002\frame_000\หลักสี่.png,0,หลักสี่,39.89743423461914,54.0,78,ฝนปานกลาง,2
cropped_districts_by_frame/central/20260316_150000\frame_004\คันนายาว.png,4,คันนายาว,30.433822631835938,54.0,204,ฝนปานกลาง,2
cropped_districts_by_frame/central/20260520_210000\frame_003\พระนคร.png,3,พระนคร,44.33333206176758,51.5,30,ฝนปานกลาง,2
cropped_districts_by_frame/central/20260523_010000\frame_003\บางกอกใหญ่.png,3,บางกอกใหญ่,44.90909194946289,56.5,22,ฝนปานกลาง,2
cropped_districts_by_frame/central/20260317_140002\frame_001\สายไหม.png,1,สายไหม,43.494049072265625,56.5,336,ฝนปานกลาง,2
cropped_districts_by_frame/central/20260504_170000\frame_010\บึงกุ่ม.png,10,บึงกุ่ม,44.35714340209961,54.0,182,ฝนปานกลาง,2
cropped_districts_by_frame/north/20260502_070026\frame_002\คันนายาว.png,2,คันนายาว,40.86206817626953,56.5,145,ฝนปานกลาง,2
cropped_districts_by_frame/north/20260520_210023\frame_006\บางซื่อ.png,6,บางซื่อ,41.168365478515625,54.0,98,ฝนปานกลาง,2
cropped_districts_by_frame/central/20260519_200001\frame_007\ประเวศ.png,7,ประเวศ,41.5518684387207,56.5,482,ฝนปานกลาง,2
cropped_districts_by_frame/north/20260520_200023\frame_004\ภาษีเจริญ.png,4,ภาษีเจริญ,43.1489372253418,54.0,141,ฝนปานกลาง,2
cropped_districts_by_frame/central/20260505_000001\frame_006\ลาดกระบัง.png,6,ลาดกระบัง,41.5,64.0,75,ฝนปานกลาง,2
cropped_districts_by_frame/north/20260504_170022\frame_008\คันนายาว.png,8,คันนายาว,30.92810440063477,54.0,153,ฝนปานกลาง,2
cropped_districts_by_frame/central/20260523_010000\frame_008\ดุสิต.png,8,ดุสิต,41.5,51.5,20,ฝนปานกลาง,2
cropped_districts_by_frame/central/20260523_020000\frame_011\คลองสาน.png,11,คลองสาน,34.0,34.0,1,ฝนปานกลาง,2
cropped_districts_by_frame/north/20260504_180023\frame_003\ดุสิต.png,3,ดุสิต,37.54166793823242,51.5,24,ฝนปานกลาง,2
cropped_districts_by_frame/central/20260312_060001\frame_001\วังทองหลาง.png,1,วังทองหลาง,35.42856979370117,54.0,49,ฝนปานกลาง,2
cropped_districts_by_frame/central/20260525_010000\frame_003\ปทุมวัน.png,3,ปทุมวัน,43.069766998291016,54.0,86,ฝนปานกลาง,2
cropped_districts_by_frame/north/20260520_210023\frame_003\บางเขน.png,3,บางเขน,31.74640655517578,54.0,487,ฝนปานกลาง,2
cropped_districts_by_frame/north/20260520_210023\frame_001\บางกอกใหญ่.png,1,บางกอกใหญ่,39.37234115600586,54.0,47,ฝนปานกลาง,2
cropped_districts_by_frame/north/20260520_210023\frame_011\สวนหลวง.png,11,สวนหลวง,36.921688079833984,54.0,83,ฝนปานกลาง,2
cropped_districts_by_frame/central/20260524_030001\frame_010\พระนคร.png,10,พระนคร,36.019229888916016,46.5,26,ฝนปานกลาง,2
cropped_districts_by_frame/central/20260226_220000\frame_000\บางบอน.png,0,บางบอน,30.428571701049805,44.0,7,ฝนปานกลาง,2
cropped_districts_by_frame/north/20260510_010023\frame_001\บางกอกน้อย.png,1,บางกอกน้อย,35.82352828979492,54.0,85,ฝนปานกลาง,2
cropped_districts_by_frame/north/20260502_070026\frame_001\วังทองหลาง.png,1,วังทองหลาง,41.04545593261719,56.5,99,ฝนปานกลาง,2
cropped_districts_by_frame/central/20260508_190000\frame_007\ปทุมวัน.png,7,ปทุมวัน,38.66216278076172,51.5,37,ฝนปานกลาง,2
cropped_districts_by_frame/central/20260520_210000\frame_004\ทุ่งครุ.png,4,ทุ่งครุ,42.7931022644043,54.0,261,ฝนปานกลาง,2
cropped_districts_by_frame/north/20260520_200023\frame_005\พระนคร.png,5,พระนคร,43.0625,46.5,8,ฝนปานกลาง,2
cropped_districts_by_frame/north/20260312_060023\frame_009\บางขุนเทียน.png,9,บางขุนเทียน,32.129920959472656,54.0,889,ฝนปานกลาง,2
cropped_districts_by_frame/north/20260504_180023\frame_000\ห้วยขวาง.png,0,ห้วยขวาง,40.987579345703125,56.5,161,ฝนปานกลาง,2
cropped_districts_by_frame/central/20260218_120002\frame_009\หนองแขม.png,9,หนองแขม,30.70212745666504,46.5,47,ฝนปานกลาง,2
cropped_districts_by_frame/central/20260316_150000\frame_002\ห้วยขวาง.png,2,ห้วยขวาง,38.30952453613281,54.0,105,ฝนปานกลาง,2
cropped_districts_by_frame/north/20260508_200025\frame_001\หนองแขม.png,1,หนองแขม,32.61111068725586,46.5,54,ฝนปานกลาง,2
cropped_districts_by_frame/central/20260316_150000\frame_008\บึงกุ่ม.png,8,บึงกุ่ม,31.80821990966797,54.0,146,ฝนปานกลาง,2
cropped_districts_by_frame/north/20260312_060023\frame_000\ปทุมวัน.png,0,ปทุมวัน,44.39473724365234,56.5,19,ฝนปานกลาง,2
cropped_districts_by_frame/central/20260523_010000\frame_009\บางกอกใหญ่.png,9,บางกอกใหญ่,36.97872161865234,54.0,47,ฝนปานกลาง,2
cropped_districts_by_frame/north/20260312_070022\frame_004\บึงกุ่ม.png,4,บึงกุ่ม,31.422679901123047,51.5,97,ฝนปานกลาง,2
cropped_districts_by_frame/central/20260218_093052\frame_011\บางแค.png,11,บางแค,36.55434799194336,46.5,46,ฝนปานกลาง,2
cropped_districts_by_frame/central/20260312_060001\frame_004\ราษฎร์บูรณะ.png,4,ราษฎร์บูรณะ,39.09999847412109,54.0,50,ฝนปานกลาง,2
cropped_districts_by_frame/central/20260520_210000\frame_002\บางกะปิ.png,2,บางกะปิ,44.01404571533203,56.5,178,ฝนปานกลาง,2
cropped_districts_by_frame/north/20260312_070022\frame_007\คลองสามวา.png,7,คลองสามวา,35.21527862548828,54.0,72,ฝนปานกลาง,2
cropped_districts_by_frame/central/20260504_170000\frame_006\มีนบุรี.png,6,มีนบุรี,43.8796501159668,54.0,457,ฝนปานกลาง,2
cropped_districts_by_frame/north/20260504_180023\frame_001\บางกอกใหญ่.png,1,บางกอกใหญ่,37.61111068725586,46.5,9,ฝนปานกลาง,2
cropped_districts_by_frame/central/20260520_200001\frame_011\บางกอกน้อย.png,11,บางกอกน้อย,43.181034088134766,54.0,116,ฝนปานกลาง,2
cropped_districts_by_frame/central/20260520_210000\frame_000\บางเขน.png,0,บางเขน,35.6966438293457,54.0,417,ฝนปานกลาง,2
cropped_districts_by_frame/north/20260520_200023\frame_006\บางพลัด.png,6,บางพลัด,42.53658676147461,54.0,41,ฝนปานกลาง,2
cropped_districts_by_frame/north/20260520_090023\frame_007\บางกอกใหญ่.png,7,บางกอกใหญ่,34.0,34.0,1,ฝนปานกลาง,2
cropped_districts_by_frame/north/20260520_200023\frame_007\ห้วยขวาง.png,7,ห้วยขวาง,31.91666603088379,51.5,120,ฝนปานกลาง,2
cropped_districts_by_frame/central/20260312_060001\frame_011\ลาดกระบัง.png,11,ลาดกระบัง,33.02469253540039,54.0,405,ฝนปานกลาง,2
cropped_districts_by_frame/central/20260525_010000\frame_005\ป้อมปราบศัตรูพ่าย.png,5,ป้อมปราบศัตรูพ่าย,31.5,41.5,2,ฝนปานกลาง,2
cropped_districts_by_frame/north/20260312_060023\frame_002\ประเวศ.png,2,ประเวศ,40.00285339355469,59.0,526,ฝนปานกลาง,2
cropped_districts_by_frame/north/20260502_070026\frame_004\คันนายาว.png,4,คันนายาว,36.782806396484375,56.5,221,ฝนปานกลาง,2
cropped_districts_by_frame/central/20260520_220002\frame_000\สวนหลวง.png,0,สวนหลวง,33.514705657958984,54.0,170,ฝนปานกลาง,2
cropped_districts_by_frame/central/20260525_010000\frame_000\บางบอน.png,0,บางบอน,35.9803352355957,54.0,356,ฝนปานกลาง,2
cropped_districts_by_frame/central/20260520_200001\frame_004\ลาดพร้าว.png,4,ลาดพร้าว,32.82352828979492,51.5,17,ฝนปานกลาง,2
cropped_districts_by_frame/central/20260504_160000\frame_010\ลาดพร้าว.png,10,ลาดพร้าว,39.32608795166016,54.0,23,ฝนปานกลาง,2
cropped_districts_by_frame/central/20260504_170000\frame_007\ลาดกระบัง.png,7,ลาดกระบัง,44.52254104614258,54.0,244,ฝนปานกลาง,2
cropped_districts_by_frame/north/20260520_210023\frame_005\ทุ่งครุ.png,5,ทุ่งครุ,43.64285659790039,54.0,259,ฝนปานกลาง,2
cropped_districts_by_frame/north/20260520_200023\frame_010\บางกะปิ.png,10,บางกะปิ,31.22222137451172,54.0,81,ฝนปานกลาง,2
cropped_districts_by_frame/central/20260218_120002\frame_006\บางบอน.png,6,บางบอน,38.09574508666992,54.0,141,ฝนปานกลาง,2
cropped_districts_by_frame/central/20260520_210000\frame_008\พญาไท.png,8,พญาไท,30.732954025268555,54.0,88,ฝนปานกลาง,2
cropped_districts_by_frame/north/20260312_070022\frame_000\พระโขนง.png,0,พระโขนง,33.64285659790039,54.0,70,ฝนปานกลาง,2
cropped_districts_by_frame/central/20260312_070000\frame_002\สวนหลวง.png,2,สวนหลวง,33.24242401123047,51.5,165,ฝนปานกลาง,2
cropped_districts_by_frame/north/20260510_010023\frame_008\ทวีวัฒนา.png,8,ทวีวัฒนา,33.064884185791016,46.5,131,ฝนปานกลาง,2
cropped_districts_by_frame/north/20260508_190023\frame_011\บางขุนเทียน.png,11,บางขุนเทียน,34.1315803527832,46.5,152,ฝนปานกลาง,2
cropped_districts_by_frame/north/20260502_070026\frame_001\คลองสามวา.png,1,คลองสามวา,36.8125,51.5,8,ฝนปานกลาง,2
cropped_districts_by_frame/north/20260504_170022\frame_011\จตุจักร.png,11,จตุจักร,44.43367385864258,59.0,196,ฝนปานกลาง,2
cropped_districts_by_frame/central/20260523_020000\frame_001\หลักสี่.png,1,หลักสี่,43.18965530395508,54.0,145,ฝนปานกลาง,2
cropped_districts_by_frame/central/20260520_200001\frame_007\บางซื่อ.png,7,บางซื่อ,42.80434799194336,54.0,92,ฝนปานกลาง,2
cropped_districts_by_frame/central/20260504_160000\frame_010\ดอนเมือง.png,10,ดอนเมือง,40.37387466430664,54.0,333,ฝนปานกลาง,2
cropped_districts_by_frame/central/20260520_200001\frame_007\ราษฎร์บูรณะ.png,7,ราษฎร์บูรณะ,42.46774291992188,54.0,31,ฝนปานกลาง,2
cropped_districts_by_frame/central/20260504_170000\frame_011\สวนหลวง.png,11,สวนหลวง,43.494049072265625,54.0,84,ฝนปานกลาง,2
cropped_districts_by_frame/central/20260505_010001\frame_005\บางซื่อ.png,5,บางซื่อ,30.8150691986084,46.5,73,ฝนปานกลาง,2
cropped_districts_by_frame/central/20260312_060001\frame_007\คลองสาน.png,7,คลองสาน,34.0,34.0,1,ฝนปานกลาง,2
cropped_districts_by_frame/central/20260505_000001\frame_011\หนองจอก.png,11,หนองจอก,38.34977722167969,56.5,446,ฝนปานกลาง,2
cropped_districts_by_frame/central/20260520_200001\frame_000\บางแค.png,0,บางแค,42.66714859008789,56.5,347,ฝนปานกลาง,2
cropped_districts_by_frame/central/20260520_210000\frame_011\คันนายาว.png,11,คันนายาว,41.47148132324219,54.0,263,ฝนปานกลาง,2
cropped_districts_by_frame/central/20260525_010000\frame_001\บางแค.png,1,บางแค,40.99446105957031,54.0,361,ฝนปานกลาง,2
cropped_districts_by_frame/central/20260524_040006\frame_002\พญาไท.png,2,พญาไท,44.614036560058594,54.0,57,ฝนปานกลาง,2
cropped_districts_by_frame/north/20260508_190023\frame_000\มีนบุรี.png,0,มีนบุรี,42.90230941772461,56.5,476,ฝนปานกลาง,2
cropped_districts_by_frame/central/20260514_010000\frame_009\บางนา.png,9,บางนา,40.5625,54.0,48,ฝนปานกลาง,2
cropped_districts_by_frame/north/20260508_190023\frame_003\สวนหลวง.png,3,สวนหลวง,41.6136360168457,59.0,66,ฝนปานกลาง,2
cropped_districts_by_frame/north/20260426_160026\frame_004\ห้วยขวาง.png,4,ห้วยขวาง,38.23913192749024,54.0,92,ฝนปานกลาง,2
cropped_districts_by_frame/central/20260312_060001\frame_009\ห้วยขวาง.png,9,ห้วยขวาง,38.61206817626953,64.0,116,ฝนปานกลาง,2
cropped_districts_by_frame/north/20260507_190023\frame_002\สะพานสูง.png,2,สะพานสูง,30.626296997070312,54.0,289,ฝนปานกลาง,2
cropped_districts_by_frame/central/20260504_180001\frame_008\ธนบุรี.png,8,ธนบุรี,34.25,46.5,10,ฝนปานกลาง,2
cropped_districts_by_frame/central/20260504_180001\frame_007\สวนหลวง.png,7,สวนหลวง,31.700000762939453,54.0,150,ฝนปานกลาง,2
cropped_districts_by_frame/north/20260504_180023\frame_002\คลองสามวา.png,2,คลองสามวา,32.30555725097656,51.5,90,ฝนปานกลาง,2
cropped_districts_by_frame/north/20260520_210023\frame_000\บางซื่อ.png,0,บางซื่อ,31.28125,46.5,80,ฝนปานกลาง,2
cropped_districts_by_frame/north/20260510_010023\frame_001\จอมทอง.png,1,จอมทอง,36.72972869873047,54.0,185,ฝนปานกลาง,2
cropped_districts_by_frame/central/20260312_060001\frame_008\ทุ่งครุ.png,8,ทุ่งครุ,34.185184478759766,54.0,243,ฝนปานกลาง,2
cropped_districts_by_frame/north/20260312_060023\frame_004\ราษฎร์บูรณะ.png,4,ราษฎร์บูรณะ,41.98913192749024,46.5,46,ฝนปานกลาง,2
cropped_districts_by_frame/central/20260508_190000\frame_010\บางซื่อ.png,10,บางซื่อ,35.953125,51.5,96,ฝนปานกลาง,2
cropped_districts_by_frame/north/20260520_200023\frame_007\ธนบุรี.png,7,ธนบุรี,44.15957260131836,54.0,47,ฝนปานกลาง,2
cropped_districts_by_frame/north/20260505_020023\frame_003\หนองแขม.png,3,หนองแขม,37.21759414672852,54.0,108,ฝนปานกลาง,2
cropped_districts_by_frame/central/20260218_120002\frame_010\หนองแขม.png,10,หนองแขม,30.05769157409668,54.0,104,ฝนปานกลาง,2
cropped_districts_by_frame/central/20260508_190000\frame_001\บึงกุ่ม.png,1,บึงกุ่ม,41.96137237548828,54.0,233,ฝนปานกลาง,2
cropped_districts_by_frame/north/20260312_060023\frame_008\บึงกุ่ม.png,8,บึงกุ่ม,31.326923370361328,51.5,130,ฝนปานกลาง,2
cropped_districts_by_frame/central/20260508_170000\frame_008\คลองสามวา.png,8,คลองสามวา,43.720497131347656,59.0,322,ฝนปานกลาง,2
cropped_districts_by_frame/central/20260519_210001\frame_010\ลาดกระบัง.png,10,ลาดกระบัง,33.52898406982422,46.5,138,ฝนปานกลาง,2
cropped_districts_by_frame/central/20260525_000000\frame_002\หนองแขม.png,2,หนองแขม,34.69852828979492,51.5,68,ฝนปานกลาง,2
cropped_districts_by_frame/central/20260508_200003\frame_008\บางบอน.png,8,บางบอน,31.655038833618164,54.0,129,ฝนปานกลาง,2
cropped_districts_by_frame/central/20260508_190000\frame_001\สะพานสูง.png,1,สะพานสูง,41.83333206176758,54.0,225,ฝนปานกลาง,2
cropped_districts_by_frame/central/20260520_200001\frame_009\ราชเทวี.png,9,ราชเทวี,44.0,54.0,66,ฝนปานกลาง,2
cropped_districts_by_frame/north/20260312_070022\frame_000\ดุสิต.png,0,ดุสิต,34.0,34.0,1,ฝนปานกลาง,2
cropped_districts_by_frame/central/20260527_020002\frame_000\สาทร.png,0,สาทร,34.0,34.0,1,ฝนปานกลาง,2
cropped_districts_by_frame/central/20260508_180005\frame_008\สะพานสูง.png,8,สะพานสูง,31.589284896850582,51.5,28,ฝนปานกลาง,2
cropped_districts_by_frame/central/20260523_010000\frame_006\ลาดพร้าว.png,6,ลาดพร้าว,30.95945930480957,46.5,37,ฝนปานกลาง,2
cropped_districts_by_frame/central/20260520_210000\frame_010\วังทองหลาง.png,10,วังทองหลาง,40.24161148071289,54.0,149,ฝนปานกลาง,2
cropped_districts_by_frame/central/20260505_010001\frame_007\บางแค.png,7,บางแค,35.487178802490234,54.0,195,ฝนปานกลาง,2
cropped_districts_by_frame/central/20260218_093052\frame_005\บางเขน.png,5,บางเขน,40.42856979370117,54.0,35,ฝนปานกลาง,2
cropped_districts_by_frame/central/20260504_180001\frame_008\คลองเตย.png,8,คลองเตย,40.21287155151367,54.0,101,ฝนปานกลาง,2
cropped_districts_by_frame/central/20260312_060001\frame_011\วังทองหลาง.png,11,วังทองหลาง,33.89130401611328,54.0,138,ฝนปานกลาง,2
cropped_districts_by_frame/north/20260312_070022\frame_008\คลองสามวา.png,8,คลองสามวา,41.47499847412109,54.0,100,ฝนปานกลาง,2
cropped_districts_by_frame/central/20260519_200001\frame_010\บางพลัด.png,10,บางพลัด,34.0,34.0,9,ฝนปานกลาง,2
cropped_districts_by_frame/north/20260507_190023\frame_001\วังทองหลาง.png,1,วังทองหลาง,30.5858211517334,46.5,134,ฝนปานกลาง,2
cropped_districts_by_frame/central/20260523_020000\frame_000\จตุจักร.png,0,จตุจักร,32.95833206176758,54.0,168,ฝนปานกลาง,2
cropped_districts_by_frame/central/20260522_120000\frame_004\ราชเทวี.png,4,ราชเทวี,42.03571319580078,46.5,14,ฝนปานกลาง,2
cropped_districts_by_frame/north/20260508_190023\frame_004\สายไหม.png,4,สายไหม,33.03950881958008,46.5,367,ฝนปานกลาง,2
cropped_districts_by_frame/north/20260507_190023\frame_001\บางกะปิ.png,1,บางกะปิ,32.94911575317383,54.0,226,ฝนปานกลาง,2
cropped_districts_by_frame/north/20260510_010023\frame_006\หนองแขม.png,6,หนองแขม,36.91249847412109,51.5,200,ฝนปานกลาง,2
cropped_districts_by_frame/central/20260525_020000\frame_006\บางขุนเทียน.png,6,บางขุนเทียน,38.05172348022461,54.0,145,ฝนปานกลาง,2
cropped_districts_by_frame/north/20260520_210023\frame_007\บางขุนเทียน.png,7,บางขุนเทียน,33.946807861328125,54.0,846,ฝนปานกลาง,2
cropped_districts_by_frame/north/20260520_210023\frame_008\พระโขนง.png,8,พระโขนง,44.49479293823242,54.0,96,ฝนปานกลาง,2
cropped_districts_by_frame/north/20260520_210023\frame_000\ธนบุรี.png,0,ธนบุรี,44.75581359863281,54.0,43,ฝนปานกลาง,2
cropped_districts_by_frame/central/20260520_200001\frame_010\สายไหม.png,10,สายไหม,32.846153259277344,54.0,286,ฝนปานกลาง,2
cropped_districts_by_frame/north/20260508_180027\frame_001\ลาดกระบัง.png,1,ลาดกระบัง,39.54924392700195,56.5,132,ฝนปานกลาง,2
cropped_districts_by_frame/north/20260508_190023\frame_001\พญาไท.png,1,พญาไท,43.25,46.5,10,ฝนปานกลาง,2
cropped_districts_by_frame/north/20260312_060023\frame_006\บางนา.png,6,บางนา,43.28571319580078,54.0,84,ฝนปานกลาง,2
cropped_districts_by_frame/central/20260316_150000\frame_005\ห้วยขวาง.png,5,ห้วยขวาง,30.982759475708008,46.5,116,ฝนปานกลาง,2
cropped_districts_by_frame/central/20260520_200001\frame_011\คันนายาว.png,11,คันนายาว,43.39890670776367,56.5,183,ฝนปานกลาง,2
cropped_districts_by_frame/central/20260527_020002\frame_001\ประเวศ.png,1,ประเวศ,34.623470306396484,54.0,409,ฝนปานกลาง,2
cropped_districts_by_frame/central/20260312_060001\frame_004\มีนบุรี.png,4,มีนบุรี,43.552978515625,59.0,151,ฝนปานกลาง,2
cropped_districts_by_frame/central/20260504_180001\frame_002\ลาดกระบัง.png,2,ลาดกระบัง,39.419620513916016,54.0,846,ฝนปานกลาง,2
cropped_districts_by_frame/central/20260505_010001\frame_006\บางพลัด.png,6,บางพลัด,34.16128921508789,54.0,31,ฝนปานกลาง,2
cropped_districts_by_frame/central/20260508_180005\frame_010\บึงกุ่ม.png,10,บึงกุ่ม,30.078432083129883,46.5,51,ฝนปานกลาง,2
cropped_districts_by_frame/north/20260504_180023\frame_009\บางแค.png,9,บางแค,30.16666603088379,54.0,30,ฝนปานกลาง,2
cropped_districts_by_frame/north/20260504_170022\frame_007\คลองสามวา.png,7,คลองสามวา,38.10596084594727,56.5,906,ฝนปานกลาง,2
cropped_districts_by_frame/central/20260519_200001\frame_007\ยานนาวา.png,7,ยานนาวา,30.009614944458008,54.0,52,ฝนปานกลาง,2
cropped_districts_by_frame/north/20260508_170022\frame_006\คลองสามวา.png,6,คลองสามวา,38.03700256347656,59.0,527,ฝนปานกลาง,2
cropped_districts_by_frame/north/20260312_060023\frame_001\ธนบุรี.png,1,ธนบุรี,40.0,46.5,10,ฝนปานกลาง,2
cropped_districts_by_frame/north/20260520_200023\frame_008\หนองแขม.png,8,หนองแขม,36.91666793823242,49.0,162,ฝนปานกลาง,2
cropped_districts_by_frame/central/20260312_060001\frame_002\พระโขนง.png,2,พระโขนง,37.64361572265625,54.0,94,ฝนปานกลาง,2
cropped_districts_by_frame/central/20260508_190000\frame_003\ปทุมวัน.png,3,ปทุมวัน,38.765625,51.5,32,ฝนปานกลาง,2
cropped_districts_by_frame/north/20260312_070022\frame_007\หนองจอก.png,7,หนองจอก,34.260772705078125,61.5,441,ฝนปานกลาง,2
cropped_districts_by_frame/central/20260317_140002\frame_007\สายไหม.png,7,สายไหม,34.995933532714844,54.0,246,ฝนปานกลาง,2
cropped_districts_by_frame/north/20260312_060023\frame_007\บางขุนเทียน.png,7,บางขุนเทียน,38.04870223999024,56.5,770,ฝนปานกลาง,2
cropped_districts_by_frame/central/20260520_210000\frame_011\ลาดกระบัง.png,11,ลาดกระบัง,41.33525848388672,54.0,865,ฝนปานกลาง,2
cropped_districts_by_frame/central/20260228_070000\frame_001\หนองจอก.png,1,หนองจอก,33.970237731933594,54.0,420,ฝนปานกลาง,2
cropped_districts_by_frame/central/20260504_180001\frame_009\บางพลัด.png,9,บางพลัด,44.28571319580078,54.0,35,ฝนปานกลาง,2
cropped_districts_by_frame/central/20260312_060001\frame_008\บางบอน.png,8,บางบอน,33.5025520324707,54.0,196,ฝนปานกลาง,2
cropped_districts_by_frame/north/20260226_180022\frame_001\สายไหม.png,1,สายไหม,33.94318008422852,44.0,44,ฝนปานกลาง,2
cropped_districts_by_frame/north/20260510_010023\frame_001\ทวีวัฒนา.png,1,ทวีวัฒนา,35.5476188659668,54.0,21,ฝนปานกลาง,2
cropped_districts_by_frame/central/20260218_130000\frame_001\หนองแขม.png,1,หนองแขม,30.126373291015625,46.5,91,ฝนปานกลาง,2
cropped_districts_by_frame/central/20260514_010000\frame_000\พระโขนง.png,0,พระโขนง,42.31775665283203,54.0,107,ฝนปานกลาง,2
cropped_districts_by_frame/central/20260508_200003\frame_001\หนองแขม.png,1,หนองแขม,40.13043594360352,51.5,115,ฝนปานกลาง,2
cropped_districts_by_frame/north/20260504_180023\frame_007\บางพลัด.png,7,บางพลัด,41.68292617797852,54.0,41,ฝนปานกลาง,2
cropped_districts_by_frame/central/20260523_020000\frame_003\บึงกุ่ม.png,3,บึงกุ่ม,38.56666564941406,56.5,75,ฝนปานกลาง,2
cropped_districts_by_frame/central/20260508_190000\frame_002\หนองจอก.png,2,หนองจอก,34.26315689086914,54.0,912,ฝนปานกลาง,2
cropped_districts_by_frame/central/20260520_200001\frame_011\พญาไท.png,11,พญาไท,44.05617904663086,54.0,89,ฝนปานกลาง,2
cropped_districts_by_frame/north/20260514_000023\frame_008\บางขุนเทียน.png,8,บางขุนเทียน,36.29220962524414,54.0,385,ฝนปานกลาง,2
cropped_districts_by_frame/north/20260510_010023\frame_000\บางกอกน้อย.png,0,บางกอกน้อย,37.59550476074219,51.5,89,ฝนปานกลาง,2
cropped_districts_by_frame/north/20260312_060023\frame_008\บางขุนเทียน.png,8,บางขุนเทียน,36.07592010498047,56.5,843,ฝนปานกลาง,2
cropped_districts_by_frame/north/20260520_210023\frame_001\คันนายาว.png,1,คันนายาว,43.42307662963867,54.0,299,ฝนปานกลาง,2
cropped_districts_by_frame/north/20260520_210023\frame_001\ตลิ่งชัน.png,1,ตลิ่งชัน,30.064815521240234,54.0,270,ฝนปานกลาง,2
cropped_districts_by_frame/central/20260508_190000\frame_007\ภาษีเจริญ.png,7,ภาษีเจริญ,38.76744079589844,54.0,43,ฝนปานกลาง,2
cropped_districts_by_frame/central/20260523_010000\frame_007\บางเขน.png,7,บางเขน,34.85165023803711,54.0,91,ฝนปานกลาง,2
cropped_districts_by_frame/north/20260510_010023\frame_009\บางบอน.png,9,บางบอน,30.25,34.0,12,ฝนปานกลาง,2
cropped_districts_by_frame/central/20260524_030001\frame_008\ภาษีเจริญ.png,8,ภาษีเจริญ,30.987178802490234,54.0,39,ฝนปานกลาง,2
cropped_districts_by_frame/north/20260502_070026\frame_011\สายไหม.png,11,สายไหม,36.414772033691406,51.5,176,ฝนปานกลาง,2
cropped_districts_by_frame/central/20260525_010000\frame_009\ห้วยขวาง.png,9,ห้วยขวาง,32.21428680419922,54.0,63,ฝนปานกลาง,2
cropped_districts_by_frame/central/20260514_010000\frame_011\ทุ่งครุ.png,11,ทุ่งครุ,35.9886360168457,54.0,264,ฝนปานกลาง,2
cropped_districts_by_frame/central/20260312_060001\frame_009\บางนา.png,9,บางนา,41.29166793823242,54.0,48,ฝนปานกลาง,2
cropped_districts_by_frame/north/20260510_010023\frame_000\ยานนาวา.png,0,ยานนาวา,44.15625,54.0,96,ฝนปานกลาง,2
cropped_districts_by_frame/north/20260520_200023\frame_009\ดุสิต.png,9,ดุสิต,37.88888931274414,54.0,36,ฝนปานกลาง,2
cropped_districts_by_frame/central/20260525_010000\frame_001\ราษฎร์บูรณะ.png,1,ราษฎร์บูรณะ,33.09090805053711,54.0,22,ฝนปานกลาง,2
cropped_districts_by_frame/central/20260312_070000\frame_002\บึงกุ่ม.png,2,บึงกุ่ม,37.57526779174805,54.0,93,ฝนปานกลาง,2
cropped_districts_by_frame/north/20260504_180023\frame_002\คลองเตย.png,2,คลองเตย,42.3870964050293,54.0,62,ฝนปานกลาง,2
cropped_districts_by_frame/central/20260312_060001\frame_010\บางบอน.png,10,บางบอน,31.113487243652344,54.0,304,ฝนปานกลาง,2
cropped_districts_by_frame/north/20260520_210023\frame_009\ห้วยขวาง.png,9,ห้วยขวาง,35.75,46.5,150,ฝนปานกลาง,2
cropped_districts_by_frame/central/20260520_210000\frame_005\สาทร.png,5,สาทร,43.6875,51.5,40,ฝนปานกลาง,2
cropped_districts_by_frame/central/20260524_060000\frame_005\มีนบุรี.png,5,มีนบุรี,38.6721305847168,54.0,61,ฝนปานกลาง,2
cropped_districts_by_frame/central/20260520_210000\frame_001\ดินแดง.png,1,ดินแดง,44.725807189941406,54.0,93,ฝนปานกลาง,2
cropped_districts_by_frame/central/20260508_190000\frame_008\จตุจักร.png,8,จตุจักร,35.2156867980957,54.0,255,ฝนปานกลาง,2
cropped_districts_by_frame/central/20260520_200001\frame_011\วัฒนา.png,11,วัฒนา,44.47872161865234,54.0,47,ฝนปานกลาง,2
cropped_districts_by_frame/central/20260316_150000\frame_005\วังทองหลาง.png,5,วังทองหลาง,42.28014373779297,56.5,141,ฝนปานกลาง,2
cropped_districts_by_frame/north/20260520_210023\frame_011\คลองสามวา.png,11,คลองสามวา,35.55172348022461,54.0,1189,ฝนปานกลาง,2
cropped_districts_by_frame/north/20260520_210023\frame_009\ยานนาวา.png,9,ยานนาวา,43.05555725097656,54.0,90,ฝนปานกลาง,2
cropped_districts_by_frame/north/20260520_210023\frame_008\บางคอแหลม.png,8,บางคอแหลม,43.078948974609375,46.5,19,ฝนปานกลาง,2
cropped_districts_by_frame/north/20260508_200025\frame_000\หนองแขม.png,0,หนองแขม,44.3301887512207,54.0,53,ฝนปานกลาง,2
cropped_districts_by_frame/north/20260426_160026\frame_005\ดอนเมือง.png,5,ดอนเมือง,34.45851516723633,54.0,229,ฝนปานกลาง,2
cropped_districts_by_frame/north/20260510_010023\frame_002\หนองแขม.png,2,หนองแขม,37.52430725097656,51.5,144,ฝนปานกลาง,2
cropped_districts_by_frame/north/20260520_200023\frame_003\พระนคร.png,3,พระนคร,41.04545593261719,54.0,11,ฝนปานกลาง,2
cropped_districts_by_frame/central/20260524_060000\frame_008\หนองจอก.png,8,หนองจอก,31.363636016845703,54.0,55,ฝนปานกลาง,2
cropped_districts_by_frame/north/20260504_170022\frame_008\จตุจักร.png,8,จตุจักร,32.96226501464844,51.5,106,ฝนปานกลาง,2
cropped_districts_by_frame/north/20260508_180027\frame_004\สายไหม.png,4,สายไหม,32.50553512573242,54.0,271,ฝนปานกลาง,2
cropped_districts_by_frame/central/20260523_010000\frame_002\บางกอกน้อย.png,2,บางกอกน้อย,32.79166793823242,54.0,60,ฝนปานกลาง,2
cropped_districts_by_frame/north/20260520_210023\frame_006\บึงกุ่ม.png,6,บึงกุ่ม,41.06349182128906,54.0,252,ฝนปานกลาง,2
cropped_districts_by_frame/central/20260508_200003\frame_006\บางขุนเทียน.png,6,บางขุนเทียน,33.19184112548828,54.0,331,ฝนปานกลาง,2
cropped_districts_by_frame/central/20260520_200001\frame_001\ภาษีเจริญ.png,1,ภาษีเจริญ,42.84146499633789,56.5,164,ฝนปานกลาง,2
cropped_districts_by_frame/central/20260520_200001\frame_003\จตุจักร.png,3,จตุจักร,42.76315689086914,59.0,95,ฝนปานกลาง,2
cropped_districts_by_frame/central/20260508_190000\frame_006\จตุจักร.png,6,จตุจักร,39.34722137451172,54.0,144,ฝนปานกลาง,2
cropped_districts_by_frame/central/20260218_120002\frame_011\หนองแขม.png,11,หนองแขม,30.107954025268555,54.0,88,ฝนปานกลาง,2
cropped_districts_by_frame/central/20260226_220000\frame_001\บางขุนเทียน.png,1,บางขุนเทียน,33.16666793823242,46.5,57,ฝนปานกลาง,2
cropped_districts_by_frame/central/20260312_070000\frame_004\ลาดกระบัง.png,4,ลาดกระบัง,41.5,54.0,296,ฝนปานกลาง,2
cropped_districts_by_frame/north/20260426_160026\frame_001\สายไหม.png,1,สายไหม,34.760868072509766,54.0,23,ฝนปานกลาง,2
cropped_districts_by_frame/central/20260523_020000\frame_004\บางกะปิ.png,4,บางกะปิ,39.119049072265625,54.0,42,ฝนปานกลาง,2
cropped_districts_by_frame/central/20260520_210000\frame_010\ยานนาวา.png,10,ยานนาวา,39.92465591430664,54.0,73,ฝนปานกลาง,2
cropped_districts_by_frame/north/20260312_070022\frame_002\บางคอแหลม.png,2,บางคอแหลม,30.428571701049805,46.5,7,ฝนปานกลาง,2
cropped_districts_by_frame/north/20260520_210023\frame_004\จอมทอง.png,4,จอมทอง,42.93665313720703,54.0,221,ฝนปานกลาง,2
cropped_districts_by_frame/central/20260508_190000\frame_005\บางเขน.png,5,บางเขน,36.5,54.0,331,ฝนปานกลาง,2
cropped_districts_by_frame/north/20260502_070026\frame_007\สะพานสูง.png,7,สะพานสูง,43.72868347167969,59.0,258,ฝนปานกลาง,2
cropped_districts_by_frame/central/20260505_010001\frame_009\ราษฎร์บูรณะ.png,9,ราษฎร์บูรณะ,40.5,54.0,5,ฝนปานกลาง,2
cropped_districts_by_frame/north/20260502_070026\frame_006\บึงกุ่ม.png,6,บึงกุ่ม,42.703704833984375,54.0,243,ฝนปานกลาง,2
cropped_districts_by_frame/central/20260520_210000\frame_001\บางซื่อ.png,1,บางซื่อ,39.16666793823242,54.0,105,ฝนปานกลาง,2
cropped_districts_by_frame/central/20260524_030001\frame_000\บางขุนเทียน.png,0,บางขุนเทียน,32.27586364746094,54.0,29,ฝนปานกลาง,2
cropped_districts_by_frame/north/20260312_060023\frame_001\พระโขนง.png,1,พระโขนง,42.46154022216797,54.0,91,ฝนปานกลาง,2
cropped_districts_by_frame/north/20260312_070022\frame_001\บึงกุ่ม.png,1,บึงกุ่ม,35.283782958984375,54.0,111,ฝนปานกลาง,2
cropped_districts_by_frame/central/20260227_000001\frame_009\บางขุนเทียน.png,9,บางขุนเทียน,30.555309295654297,54.0,1130,ฝนปานกลาง,2
cropped_districts_by_frame/north/20260520_210023\frame_009\สาทร.png,9,สาทร,40.1363639831543,46.5,11,ฝนปานกลาง,2
cropped_districts_by_frame/central/20260505_010001\frame_002\ตลิ่งชัน.png,2,ตลิ่งชัน,37.69230651855469,54.0,65,ฝนปานกลาง,2
cropped_districts_by_frame/north/20260504_180023\frame_007\ยานนาวา.png,7,ยานนาวา,32.07692337036133,34.0,26,ฝนปานกลาง,2
cropped_districts_by_frame/north/20260312_060023\frame_003\สาทร.png,3,สาทร,44.0,54.0,20,ฝนปานกลาง,2
cropped_districts_by_frame/north/20260502_070026\frame_002\บางเขน.png,2,บางเขน,36.05782318115234,56.5,147,ฝนปานกลาง,2
cropped_districts_by_frame/central/20260316_150000\frame_007\บางกะปิ.png,7,บางกะปิ,40.261680603027344,56.5,214,ฝนปานกลาง,2
cropped_districts_by_frame/central/20260520_210000\frame_008\ภาษีเจริญ.png,8,ภาษีเจริญ,30.66666603088379,51.5,174,ฝนปานกลาง,2
cropped_districts_by_frame/central/20260504_180001\frame_004\สาทร.png,4,สาทร,40.61764526367188,46.5,17,ฝนปานกลาง,2
cropped_districts_by_frame/north/20260312_060023\frame_010\ดินแดง.png,10,ดินแดง,44.125,54.0,80,ฝนปานกลาง,2
cropped_districts_by_frame/north/20260508_190023\frame_008\ราชเทวี.png,8,ราชเทวี,44.52083206176758,54.0,24,ฝนปานกลาง,2
cropped_districts_by_frame/central/20260508_190000\frame_005\คันนายาว.png,5,คันนายาว,39.71576690673828,54.0,241,ฝนปานกลาง,2
cropped_districts_by_frame/central/20260316_150000\frame_009\วังทองหลาง.png,9,วังทองหลาง,41.48263931274414,54.0,144,ฝนปานกลาง,2
cropped_districts_by_frame/central/20260519_200001\frame_011\พระโขนง.png,11,พระโขนง,39.21341323852539,54.0,82,ฝนปานกลาง,2
cropped_districts_by_frame/north/20260504_160022\frame_000\สายไหม.png,0,สายไหม,39.55555725097656,59.0,45,ฝนปานกลาง,2
cropped_districts_by_frame/central/20260316_150000\frame_008\ลาดกระบัง.png,8,ลาดกระบัง,32.89583206176758,54.0,120,ฝนปานกลาง,2
cropped_districts_by_frame/north/20260520_210023\frame_006\คลองสามวา.png,6,คลองสามวา,37.66921615600586,54.0,1176,ฝนปานกลาง,2
cropped_districts_by_frame/central/20260312_070000\frame_009\คลองสามวา.png,9,คลองสามวา,39.875,51.5,40,ฝนปานกลาง,2
cropped_districts_by_frame/central/20260218_120002\frame_000\หนองแขม.png,0,หนองแขม,32.7351188659668,54.0,168,ฝนปานกลาง,2
cropped_districts_by_frame/central/20260508_200003\frame_003\ดอนเมือง.png,3,ดอนเมือง,36.400333404541016,54.0,301,ฝนปานกลาง,2
cropped_districts_by_frame/central/20260312_060001\frame_003\สวนหลวง.png,3,สวนหลวง,44.59677505493164,56.5,155,ฝนปานกลาง,2
cropped_districts_by_frame/north/20260520_200023\frame_010\ภาษีเจริญ.png,10,ภาษีเจริญ,35.153846740722656,54.0,91,ฝนปานกลาง,2
cropped_districts_by_frame/north/20260508_180027\frame_007\บึงกุ่ม.png,7,บึงกุ่ม,33.52702713012695,54.0,74,ฝนปานกลาง,2
cropped_districts_by_frame/central/20260508_200003\frame_001\บางแค.png,1,บางแค,39.21739196777344,54.0,46,ฝนปานกลาง,2
cropped_districts_by_frame/north/20260520_210023\frame_009\ราษฎร์บูรณะ.png,9,ราษฎร์บูรณะ,40.48648834228516,46.5,37,ฝนปานกลาง,2
cropped_districts_by_frame/central/20260520_210000\frame_004\บางขุนเทียน.png,4,บางขุนเทียน,41.79411697387695,54.0,1037,ฝนปานกลาง,2
cropped_districts_by_frame/north/20260504_160022\frame_006\คลองสามวา.png,6,คลองสามวา,38.809600830078125,59.0,302,ฝนปานกลาง,2
cropped_districts_by_frame/north/20260505_020023\frame_007\บางขุนเทียน.png,7,บางขุนเทียน,35.54840850830078,54.0,754,ฝนปานกลาง,2
cropped_districts_by_frame/central/20260525_000000\frame_010\จอมทอง.png,10,จอมทอง,38.77642440795898,56.5,123,ฝนปานกลาง,2
cropped_districts_by_frame/north/20260504_170022\frame_010\มีนบุรี.png,10,มีนบุรี,38.67832946777344,54.0,443,ฝนปานกลาง,2
cropped_districts_by_frame/central/20260317_140002\frame_004\ดอนเมือง.png,4,ดอนเมือง,37.7093505859375,56.5,246,ฝนปานกลาง,2
cropped_districts_by_frame/central/20260316_150000\frame_007\สะพานสูง.png,7,สะพานสูง,41.05426406860352,54.0,129,ฝนปานกลาง,2
cropped_districts_by_frame/central/20260505_010001\frame_000\จตุจักร.png,0,จตุจักร,40.219512939453125,51.5,41,ฝนปานกลาง,2
cropped_districts_by_frame/central/20260316_150000\frame_009\บางกะปิ.png,9,บางกะปิ,42.09895706176758,54.0,192,ฝนปานกลาง,2
cropped_districts_by_frame/north/20260312_060023\frame_011\ห้วยขวาง.png,11,ห้วยขวาง,42.64457702636719,54.0,166,ฝนปานกลาง,2
cropped_districts_by_frame/central/20260508_180005\frame_002\หนองจอก.png,2,หนองจอก,36.84331130981445,54.0,568,ฝนปานกลาง,2
cropped_districts_by_frame/central/20260520_210000\frame_004\คลองสามวา.png,4,คลองสามวา,40.35426712036133,54.0,1019,ฝนปานกลาง,2
cropped_districts_by_frame/north/20260504_170022\frame_008\บึงกุ่ม.png,8,บึงกุ่ม,42.2361946105957,56.5,163,ฝนปานกลาง,2
cropped_districts_by_frame/central/20260312_060001\frame_002\ลาดกระบัง.png,2,ลาดกระบัง,42.16720199584961,64.0,622,ฝนปานกลาง,2
cropped_districts_by_frame/central/20260504_170000\frame_007\สะพานสูง.png,7,สะพานสูง,38.62871170043945,54.0,202,ฝนปานกลาง,2
cropped_districts_by_frame/central/20260523_020000\frame_010\คลองสามวา.png,10,คลองสามวา,37.497928619384766,54.0,724,ฝนปานกลาง,2
cropped_districts_by_frame/central/20260525_000000\frame_009\บางคอแหลม.png,9,บางคอแหลม,31.9761905670166,46.5,21,ฝนปานกลาง,2
cropped_districts_by_frame/central/20260218_093052\frame_004\ธนบุรี.png,4,ธนบุรี,44.0,51.5,6,ฝนปานกลาง,2
cropped_districts_by_frame/north/20260520_200023\frame_007\บางพลัด.png,7,บางพลัด,31.75,54.0,50,ฝนปานกลาง,2
cropped_districts_by_frame/central/20260316_150000\frame_009\ประเวศ.png,9,ประเวศ,36.44403076171875,54.0,134,ฝนปานกลาง,2
cropped_districts_by_frame/central/20260312_060001\frame_009\ลาดกระบัง.png,9,ลาดกระบัง,32.861385345458984,54.0,707,ฝนปานกลาง,2
cropped_districts_by_frame/central/20260514_010000\frame_004\ประเวศ.png,4,ประเวศ,32.17551803588867,54.0,433,ฝนปานกลาง,2
cropped_districts_by_frame/north/20260520_190023\frame_010\ทวีวัฒนา.png,10,ทวีวัฒนา,37.48484802246094,46.5,33,ฝนปานกลาง,2
cropped_districts_by_frame/central/20260524_030001\frame_006\ภาษีเจริญ.png,6,ภาษีเจริญ,37.066036224365234,54.0,53,ฝนปานกลาง,2
cropped_districts_by_frame/north/20260510_010023\frame_000\บางซื่อ.png,0,บางซื่อ,44.25,51.5,10,ฝนปานกลาง,2
cropped_districts_by_frame/central/20260519_200001\frame_005\สะพานสูง.png,5,สะพานสูง,36.29999923706055,54.0,50,ฝนปานกลาง,2
cropped_districts_by_frame/north/20260520_200023\frame_004\พระนคร.png,4,พระนคร,44.5,51.5,15,ฝนปานกลาง,2
cropped_districts_by_frame/north/20260501_020027\frame_003\มีนบุรี.png,3,มีนบุรี,39.34034729003906,56.5,404,ฝนปานกลาง,2
cropped_districts_by_frame/central/20260523_020000\frame_003\ดุสิต.png,3,ดุสิต,41.85714340209961,54.0,7,ฝนปานกลาง,2
cropped_districts_by_frame/central/20260525_010000\frame_002\พระนคร.png,2,พระนคร,38.79166793823242,51.5,12,ฝนปานกลาง,2
cropped_districts_by_frame/north/20260502_070026\frame_008\มีนบุรี.png,8,มีนบุรี,34.272727966308594,54.0,165,ฝนปานกลาง,2
cropped_districts_by_frame/central/20260505_010001\frame_003\พระโขนง.png,3,พระโขนง,33.25373077392578,54.0,67,ฝนปานกลาง,2
cropped_districts_by_frame/north/20260520_210023\frame_006\หนองจอก.png,6,หนองจอก,37.52316665649414,56.5,518,ฝนปานกลาง,2
cropped_districts_by_frame/central/20260523_020000\frame_009\คลองสามวา.png,9,คลองสามวา,39.01009368896485,54.0,743,ฝนปานกลาง,2
cropped_districts_by_frame/central/20260312_060001\frame_002\บางกะปิ.png,2,บางกะปิ,31.033897399902344,54.0,177,ฝนปานกลาง,2
cropped_districts_by_frame/central/20260316_150000\frame_011\ประเวศ.png,11,ประเวศ,31.88978576660156,54.0,186,ฝนปานกลาง,2
cropped_districts_by_frame/central/20260523_010000\frame_009\ปทุมวัน.png,9,ปทุมวัน,35.85185241699219,54.0,54,ฝนปานกลาง,2
cropped_districts_by_frame/central/20260519_200001\frame_009\มีนบุรี.png,9,มีนบุรี,32.286712646484375,54.0,286,ฝนปานกลาง,2
cropped_districts_by_frame/central/20260218_120002\frame_000\จอมทอง.png,0,จอมทอง,39.5476188659668,56.5,105,ฝนปานกลาง,2
cropped_districts_by_frame/north/20260513_230023\frame_002\บางขุนเทียน.png,2,บางขุนเทียน,38.82582092285156,54.0,244,ฝนปานกลาง,2
cropped_districts_by_frame/central/20260523_010000\frame_001\ทุ่งครุ.png,1,ทุ่งครุ,34.96154022216797,51.5,65,ฝนปานกลาง,2
cropped_districts_by_frame/north/20260520_200023\frame_010\ลาดพร้าว.png,10,ลาดพร้าว,35.434425354003906,54.0,183,ฝนปานกลาง,2
cropped_districts_by_frame/north/20260507_190023\frame_000\บางกะปิ.png,0,บางกะปิ,35.17718505859375,54.0,206,ฝนปานกลาง,2
cropped_districts_by_frame/north/20260508_190023\frame_011\บางกอกน้อย.png,11,บางกอกน้อย,32.17567443847656,51.5,111,ฝนปานกลาง,2
cropped_districts_by_frame/central/20260505_010001\frame_004\บางพลัด.png,4,บางพลัด,44.0,54.0,29,ฝนปานกลาง,2
cropped_districts_by_frame/north/20260508_200025\frame_001\บางขุนเทียน.png,1,บางขุนเทียน,32.96084213256836,54.0,166,ฝนปานกลาง,2
cropped_districts_by_frame/north/20260508_190023\frame_008\บางกอกน้อย.png,8,บางกอกน้อย,42.761905670166016,54.0,105,ฝนปานกลาง,2
cropped_districts_by_frame/north/20260520_210023\frame_009\ลาดพร้าว.png,9,ลาดพร้าว,40.36740493774414,54.0,181,ฝนปานกลาง,2
cropped_districts_by_frame/central/20260525_010000\frame_011\บางกะปิ.png,11,บางกะปิ,30.16666603088379,46.5,30,ฝนปานกลาง,2
cropped_districts_by_frame/north/20260312_060023\frame_007\ประเวศ.png,7,ประเวศ,43.93144607543945,56.5,547,ฝนปานกลาง,2
cropped_districts_by_frame/north/20260520_210023\frame_004\บางเขน.png,4,บางเขน,30.06142234802246,54.0,464,ฝนปานกลาง,2
cropped_districts_by_frame/central/20260508_190000\frame_002\คลองสามวา.png,2,คลองสามวา,44.388126373291016,54.0,1095,ฝนปานกลาง,2
cropped_districts_by_frame/central/20260520_210000\frame_005\บางบอน.png,5,บางบอน,38.49602127075195,54.0,377,ฝนปานกลาง,2
cropped_districts_by_frame/north/20260520_200023\frame_007\บึงกุ่ม.png,7,บึงกุ่ม,35.42156982421875,51.5,51,ฝนปานกลาง,2
cropped_districts_by_frame/central/20260312_060001\frame_004\ปทุมวัน.png,4,ปทุมวัน,38.482757568359375,54.0,58,ฝนปานกลาง,2
cropped_districts_by_frame/north/20260520_210023\frame_005\บางกอกใหญ่.png,5,บางกอกใหญ่,42.29999923706055,46.5,50,ฝนปานกลาง,2
cropped_districts_by_frame/north/20260426_160026\frame_003\สวนหลวง.png,3,สวนหลวง,39.51204681396485,54.0,83,ฝนปานกลาง,2
cropped_districts_by_frame/central/20260504_170000\frame_008\ลาดกระบัง.png,8,ลาดกระบัง,40.88286972045898,56.5,397,ฝนปานกลาง,2
cropped_districts_by_frame/north/20260510_010023\frame_004\บางคอแหลม.png,4,บางคอแหลม,34.35714340209961,44.0,7,ฝนปานกลาง,2
cropped_districts_by_frame/north/20260520_200023\frame_001\หนองแขม.png,1,หนองแขม,44.82914733886719,56.5,199,ฝนปานกลาง,2
cropped_districts_by_frame/central/20260523_020000\frame_000\บางเขน.png,0,บางเขน,43.18421173095703,56.5,285,ฝนปานกลาง,2
cropped_districts_by_frame/central/20260523_010000\frame_010\ลาดพร้าว.png,10,ลาดพร้าว,44.60606002807617,64.0,66,ฝนปานกลาง,2
cropped_districts_by_frame/north/20260312_070022\frame_000\สวนหลวง.png,0,สวนหลวง,40.39610290527344,54.0,77,ฝนปานกลาง,2
cropped_districts_by_frame/north/20260312_060023\frame_000\สวนหลวง.png,0,สวนหลวง,38.91666793823242,54.0,90,ฝนปานกลาง,2
cropped_districts_by_frame/central/20260226_220000\frame_001\บางกอกใหญ่.png,1,บางกอกใหญ่,41.57143020629883,46.5,35,ฝนปานกลาง,2
cropped_districts_by_frame/central/20260312_060001\frame_007\สวนหลวง.png,7,สวนหลวง,44.15723419189453,54.0,159,ฝนปานกลาง,2
cropped_districts_by_frame/central/20260312_060001\frame_009\คันนายาว.png,9,คันนายาว,39.65868377685547,54.0,167,ฝนปานกลาง,2
cropped_districts_by_frame/central/20260520_210000\frame_004\สาทร.png,4,สาทร,44.34883880615234,54.0,43,ฝนปานกลาง,2
cropped_districts_by_frame/central/20260508_200003\frame_007\บางขุนเทียน.png,7,บางขุนเทียน,30.259445190429688,54.0,397,ฝนปานกลาง,2
cropped_districts_by_frame/central/20260523_010000\frame_002\ทวีวัฒนา.png,2,ทวีวัฒนา,32.08641815185547,66.5,81,ฝนปานกลาง,2
cropped_districts_by_frame/central/20260525_000000\frame_006\บางแค.png,6,บางแค,39.06637191772461,59.0,226,ฝนปานกลาง,2
cropped_districts_by_frame/central/20260520_210000\frame_005\ประเวศ.png,5,ประเวศ,43.5625,59.0,320,ฝนปานกลาง,2
cropped_districts_by_frame/north/20260312_060023\frame_010\บางซื่อ.png,10,บางซื่อ,38.64285659790039,54.0,21,ฝนปานกลาง,2
cropped_districts_by_frame/north/20260508_190023\frame_009\บางกอกน้อย.png,9,บางกอกน้อย,33.5121955871582,46.5,41,ฝนปานกลาง,2
cropped_districts_by_frame/central/20260508_190000\frame_007\ดินแดง.png,7,ดินแดง,44.81168746948242,54.0,77,ฝนปานกลาง,2
cropped_districts_by_frame/north/20260504_180023\frame_006\บางซื่อ.png,6,บางซื่อ,35.31188201904297,51.5,101,ฝนปานกลาง,2
cropped_districts_by_frame/north/20260508_190023\frame_001\บางเขน.png,1,บางเขน,34.98419570922852,54.0,348,ฝนปานกลาง,2
cropped_districts_by_frame/central/20260525_010000\frame_005\พญาไท.png,5,พญาไท,30.78571510314941,44.0,7,ฝนปานกลาง,2
cropped_districts_by_frame/central/20260505_010001\frame_007\บางพลัด.png,7,บางพลัด,30.465517044067383,54.0,29,ฝนปานกลาง,2
cropped_districts_by_frame/central/20260312_070000\frame_006\ลาดกระบัง.png,6,ลาดกระบัง,36.422061920166016,54.0,417,ฝนปานกลาง,2
cropped_districts_by_frame/central/20260504_180001\frame_006\บางกะปิ.png,6,บางกะปิ,33.30693054199219,54.0,202,ฝนปานกลาง,2
cropped_districts_by_frame/north/20260504_180023\frame_003\หลักสี่.png,3,หลักสี่,31.01127815246582,54.0,133,ฝนปานกลาง,2
cropped_districts_by_frame/central/20260523_010000\frame_003\บางพลัด.png,3,บางพลัด,35.875,54.0,4,ฝนปานกลาง,2
cropped_districts_by_frame/central/20260520_200001\frame_010\คลองสามวา.png,10,คลองสามวา,43.72756576538086,59.0,312,ฝนปานกลาง,2
cropped_districts_by_frame/north/20260508_200025\frame_000\ตลิ่งชัน.png,0,ตลิ่งชัน,37.08755874633789,51.5,217,ฝนปานกลาง,2
cropped_districts_by_frame/central/20260505_010001\frame_008\ยานนาวา.png,8,ยานนาวา,34.0,34.0,1,ฝนปานกลาง,2
cropped_districts_by_frame/central/20260316_150000\frame_010\วังทองหลาง.png,10,วังทองหลาง,30.08391571044922,54.0,143,ฝนปานกลาง,2
cropped_districts_by_frame/central/20260520_200001\frame_008\สาทร.png,8,สาทร,37.69565200805664,54.0,23,ฝนปานกลาง,2
cropped_districts_by_frame/north/20260312_060023\frame_003\ยานนาวา.png,3,ยานนาวา,41.71428680419922,54.0,70,ฝนปานกลาง,2
cropped_districts_by_frame/north/20260508_180027\frame_011\คลองสามวา.png,11,คลองสามวา,44.54747772216797,56.5,1169,ฝนปานกลาง,2
cropped_districts_by_frame/north/20260504_180023\frame_007\ภาษีเจริญ.png,7,ภาษีเจริญ,40.61971664428711,54.0,71,ฝนปานกลาง,2
cropped_districts_by_frame/north/20260510_010023\frame_000\บางกอกใหญ่.png,0,บางกอกใหญ่,44.61320877075195,54.0,53,ฝนปานกลาง,2
cropped_districts_by_frame/central/20260504_180001\frame_003\สะพานสูง.png,3,สะพานสูง,43.42760848999024,54.0,297,ฝนปานกลาง,2
cropped_districts_by_frame/north/20260312_060023\frame_011\บึงกุ่ม.png,11,บึงกุ่ม,38.11564636230469,59.0,147,ฝนปานกลาง,2
cropped_districts_by_frame/central/20260520_210000\frame_003\บางกอกน้อย.png,3,บางกอกน้อย,33.75490188598633,54.0,102,ฝนปานกลาง,2
cropped_districts_by_frame/central/20260505_010001\frame_006\ตลิ่งชัน.png,6,ตลิ่งชัน,41.71875,54.0,240,ฝนปานกลาง,2
cropped_districts_by_frame/central/20260504_180001\frame_008\บางกอกใหญ่.png,8,บางกอกใหญ่,44.28845977783203,54.0,52,ฝนปานกลาง,2
cropped_districts_by_frame/north/20260520_200023\frame_006\บางกอกใหญ่.png,6,บางกอกใหญ่,43.26229476928711,51.5,61,ฝนปานกลาง,2
cropped_districts_by_frame/north/20260510_010023\frame_000\คลองเตย.png,0,คลองเตย,30.414474487304688,46.5,76,ฝนปานกลาง,2
cropped_districts_by_frame/central/20260316_150000\frame_004\ห้วยขวาง.png,4,ห้วยขวาง,33.61065673828125,51.5,122,ฝนปานกลาง,2
cropped_districts_by_frame/north/20260426_160026\frame_006\วังทองหลาง.png,6,วังทองหลาง,33.27777862548828,54.0,90,ฝนปานกลาง,2
cropped_districts_by_frame/central/20260505_010001\frame_007\หนองแขม.png,7,หนองแขม,40.04910659790039,66.5,336,ฝนปานกลาง,2
cropped_districts_by_frame/central/20260508_220002\frame_005\หนองจอก.png,5,หนองจอก,30.32066345214844,46.5,513,ฝนปานกลาง,2
cropped_districts_by_frame/central/20260520_200001\frame_006\บางซื่อ.png,6,บางซื่อ,30.47590446472168,54.0,83,ฝนปานกลาง,2
cropped_districts_by_frame/central/20260523_020000\frame_005\สะพานสูง.png,5,สะพานสูง,30.071428298950195,44.0,49,ฝนปานกลาง,2
cropped_districts_by_frame/central/20260519_200001\frame_005\ลาดกระบัง.png,5,ลาดกระบัง,36.671234130859375,54.0,146,ฝนปานกลาง,2
cropped_districts_by_frame/central/20260508_190000\frame_001\สวนหลวง.png,1,สวนหลวง,32.98147964477539,51.5,54,ฝนปานกลาง,2
cropped_districts_by_frame/central/20260525_000000\frame_011\หนองแขม.png,11,หนองแขม,44.79019165039063,56.5,367,ฝนปานกลาง,2
cropped_districts_by_frame/central/20260504_180001\frame_003\บางพลัด.png,3,บางพลัด,38.26470565795898,66.5,17,ฝนปานกลาง,2
cropped_districts_by_frame/north/20260312_060023\frame_009\สวนหลวง.png,9,สวนหลวง,38.765625,54.0,96,ฝนปานกลาง,2
cropped_districts_by_frame/north/20260520_210023\frame_003\บางพลัด.png,3,บางพลัด,32.57143020629883,54.0,42,ฝนปานกลาง,2
cropped_districts_by_frame/north/20260508_170022\frame_009\คลองสามวา.png,9,คลองสามวา,41.719970703125,61.5,716,ฝนปานกลาง,2
cropped_districts_by_frame/central/20260520_200001\frame_008\ดุสิต.png,8,ดุสิต,44.480770111083984,54.0,26,ฝนปานกลาง,2
cropped_districts_by_frame/central/20260523_020000\frame_001\จตุจักร.png,1,จตุจักร,35.582279205322266,54.0,158,ฝนปานกลาง,2
cropped_districts_by_frame/north/20260520_210023\frame_004\ตลิ่งชัน.png,4,ตลิ่งชัน,30.10377311706543,46.5,265,ฝนปานกลาง,2
cropped_districts_by_frame/north/20260520_200023\frame_007\บางแค.png,7,บางแค,42.29009246826172,54.0,212,ฝนปานกลาง,2
cropped_districts_by_frame/central/20260508_180005\frame_007\มีนบุรี.png,7,มีนบุรี,42.565162658691406,56.5,399,ฝนปานกลาง,2
cropped_districts_by_frame/north/20260507_200023\frame_000\ยานนาวา.png,0,ยานนาวา,34.0,34.0,1,ฝนปานกลาง,2
cropped_districts_by_frame/north/20260508_190023\frame_004\ดุสิต.png,4,ดุสิต,30.25,34.0,26,ฝนปานกลาง,2
cropped_districts_by_frame/central/20260228_070000\frame_007\ประเวศ.png,7,ประเวศ,33.375,46.5,8,ฝนปานกลาง,2
cropped_districts_by_frame/north/20260504_170022\frame_011\บางซื่อ.png,11,บางซื่อ,31.5,46.5,18,ฝนปานกลาง,2
cropped_districts_by_frame/north/20260501_020027\frame_010\คลองสามวา.png,10,คลองสามวา,31.56830596923828,51.5,366,ฝนปานกลาง,2
cropped_districts_by_frame/north/20260312_060023\frame_006\บางขุนเทียน.png,6,บางขุนเทียน,39.03586959838867,54.0,697,ฝนปานกลาง,2
cropped_districts_by_frame/central/20260227_000001\frame_004\บางขุนเทียน.png,4,บางขุนเทียน,32.9385871887207,54.0,1034,ฝนปานกลาง,2
cropped_districts_by_frame/north/20260502_080024\frame_002\บางเขน.png,2,บางเขน,33.65277862548828,54.0,108,ฝนปานกลาง,2
cropped_districts_by_frame/north/20260520_220024\frame_003\หนองจอก.png,3,หนองจอก,39.62449645996094,54.0,2482,ฝนปานกลาง,2
cropped_districts_by_frame/central/20260312_060001\frame_006\ทุ่งครุ.png,6,ทุ่งครุ,38.474708557128906,54.0,257,ฝนปานกลาง,2
cropped_districts_by_frame/north/20260504_160022\frame_010\มีนบุรี.png,10,มีนบุรี,43.32926940917969,61.5,41,ฝนปานกลาง,2
cropped_districts_by_frame/central/20260524_060000\frame_002\บางเขน.png,2,บางเขน,35.911766052246094,54.0,221,ฝนปานกลาง,2
cropped_districts_by_frame/central/20260227_000001\frame_006\บางบอน.png,6,บางบอน,32.16020965576172,54.0,284,ฝนปานกลาง,2
cropped_districts_by_frame/north/20260514_000023\frame_000\บางขุนเทียน.png,0,บางขุนเทียน,35.28807067871094,54.0,788,ฝนปานกลาง,2
cropped_districts_by_frame/central/20260508_170000\frame_002\หนองจอก.png,2,หนองจอก,41.40291213989258,54.0,103,ฝนปานกลาง,2
cropped_districts_by_frame/north/20260520_200023\frame_003\บางกอกน้อย.png,3,บางกอกน้อย,44.45801544189453,54.0,131,ฝนปานกลาง,2
cropped_districts_by_frame/central/20260523_020000\frame_000\ปทุมวัน.png,0,ปทุมวัน,32.75,46.5,4,ฝนปานกลาง,2
cropped_districts_by_frame/central/20260527_020002\frame_000\ประเวศ.png,0,ประเวศ,35.67673873901367,54.0,331,ฝนปานกลาง,2
cropped_districts_by_frame/north/20260520_220024\frame_000\บางนา.png,0,บางนา,42.68132019042969,54.0,91,ฝนปานกลาง,2
cropped_districts_by_frame/central/20260508_210000\frame_009\ลาดกระบัง.png,9,ลาดกระบัง,30.5463924407959,54.0,194,ฝนปานกลาง,2
cropped_districts_by_frame/north/20260312_060023\frame_005\ทุ่งครุ.png,5,ทุ่งครุ,43.094825744628906,54.0,232,ฝนปานกลาง,2
cropped_districts_by_frame/central/20260508_190000\frame_004\พระนคร.png,4,พระนคร,30.875,46.5,4,ฝนปานกลาง,2
cropped_districts_by_frame/north/20260504_160022\frame_003\คลองสามวา.png,3,คลองสามวา,34.014286041259766,54.0,175,ฝนปานกลาง,2
cropped_districts_by_frame/central/20260312_070000\frame_000\ปทุมวัน.png,0,ปทุมวัน,36.772727966308594,54.0,55,ฝนปานกลาง,2
cropped_districts_by_frame/central/20260508_200003\frame_000\บางพลัด.png,0,บางพลัด,33.900001525878906,51.5,25,ฝนปานกลาง,2
cropped_districts_by_frame/central/20260508_180005\frame_011\ลาดกระบัง.png,11,ลาดกระบัง,30.47878074645996,54.0,377,ฝนปานกลาง,2
cropped_districts_by_frame/central/20260508_180005\frame_011\บึงกุ่ม.png,11,บึงกุ่ม,33.08450698852539,51.5,142,ฝนปานกลาง,2
cropped_districts_by_frame/north/20260504_180023\frame_002\วังทองหลาง.png,2,วังทองหลาง,40.2400016784668,54.0,125,ฝนปานกลาง,2
cropped_districts_by_frame/central/20260524_060000\frame_006\บางเขน.png,6,บางเขน,32.9375,46.5,200,ฝนปานกลาง,2
cropped_districts_by_frame/central/20260520_210000\frame_010\บึงกุ่ม.png,10,บึงกุ่ม,42.94911575317383,54.0,226,ฝนปานกลาง,2
cropped_districts_by_frame/central/20260508_190000\frame_000\บางกะปิ.png,0,บางกะปิ,30.287878036499023,51.5,33,ฝนปานกลาง,2
cropped_districts_by_frame/north/20260312_070022\frame_005\บึงกุ่ม.png,5,บึงกุ่ม,30.578947067260746,46.5,57,ฝนปานกลาง,2
cropped_districts_by_frame/central/20260514_010000\frame_010\ประเวศ.png,10,ประเวศ,37.20786666870117,54.0,445,ฝนปานกลาง,2
cropped_districts_by_frame/central/20260520_210000\frame_010\ราษฎร์บูรณะ.png,10,ราษฎร์บูรณะ,34.657894134521484,51.5,57,ฝนปานกลาง,2
cropped_districts_by_frame/central/20260523_020000\frame_008\บางเขน.png,8,บางเขน,39.046836853027344,54.0,427,ฝนปานกลาง,2
cropped_districts_by_frame/north/20260508_190023\frame_010\ทวีวัฒนา.png,10,ทวีวัฒนา,37.37301635742188,54.0,63,ฝนปานกลาง,2
cropped_districts_by_frame/north/20260312_070022\frame_008\ลาดกระบัง.png,8,ลาดกระบัง,31.953418731689453,59.0,1009,ฝนปานกลาง,2
cropped_districts_by_frame/central/20260525_010000\frame_004\ราษฎร์บูรณะ.png,4,ราษฎร์บูรณะ,39.135135650634766,54.0,37,ฝนปานกลาง,2
cropped_districts_by_frame/central/20260505_010001\frame_001\ดุสิต.png,1,ดุสิต,41.105262756347656,54.0,19,ฝนปานกลาง,2
cropped_districts_by_frame/north/20260520_200023\frame_011\บางกอกใหญ่.png,11,บางกอกใหญ่,43.36046600341797,54.0,43,ฝนปานกลาง,2
cropped_districts_by_frame/central/20260520_200001\frame_008\สายไหม.png,8,สายไหม,39.83333206176758,64.0,135,ฝนปานกลาง,2
cropped_districts_by_frame/central/20260504_180001\frame_011\บางแค.png,11,บางแค,30.100000381469727,54.0,125,ฝนปานกลาง,2
cropped_districts_by_frame/north/20260505_020023\frame_000\จอมทอง.png,0,จอมทอง,34.0,46.5,7,ฝนปานกลาง,2
cropped_districts_by_frame/central/20260520_210000\frame_010\คลองเตย.png,10,คลองเตย,42.8505744934082,54.0,87,ฝนปานกลาง,2
cropped_districts_by_frame/north/20260507_180025\frame_010\คลองสามวา.png,10,คลองสามวา,32.43082809448242,54.0,1171,ฝนปานกลาง,2
cropped_districts_by_frame/north/20260312_060023\frame_005\ห้วยขวาง.png,5,ห้วยขวาง,35.84782791137695,46.5,92,ฝนปานกลาง,2
cropped_districts_by_frame/central/20260519_200001\frame_008\บางกะปิ.png,8,บางกะปิ,31.945545196533203,54.0,101,ฝนปานกลาง,2
cropped_districts_by_frame/north/20260312_060023\frame_007\ทุ่งครุ.png,7,ทุ่งครุ,40.466941833496094,54.0,242,ฝนปานกลาง,2
cropped_districts_by_frame/central/20260519_210001\frame_002\ประเวศ.png,2,ประเวศ,33.595115661621094,54.0,389,ฝนปานกลาง,2
cropped_districts_by_frame/central/20260520_200001\frame_000\หนองแขม.png,0,หนองแขม,44.79446029663086,56.5,343,ฝนปานกลาง,2
cropped_districts_by_frame/central/20260523_010000\frame_006\ราชเทวี.png,6,ราชเทวี,37.0,54.0,5,ฝนปานกลาง,2
cropped_districts_by_frame/north/20260312_060023\frame_011\สวนหลวง.png,11,สวนหลวง,32.4375,46.5,96,ฝนปานกลาง,2
cropped_districts_by_frame/central/20260524_060000\frame_007\สายไหม.png,7,สายไหม,32.63874435424805,54.0,191,ฝนปานกลาง,2
cropped_districts_by_frame/central/20260505_010001\frame_005\หนองแขม.png,5,หนองแขม,34.61023712158203,59.0,127,ฝนปานกลาง,2
cropped_districts_by_frame/central/20260520_210000\frame_002\จตุจักร.png,2,จตุจักร,31.480695724487305,54.0,259,ฝนปานกลาง,2
cropped_districts_by_frame/north/20260226_220022\frame_005\บางขุนเทียน.png,5,บางขุนเทียน,31.227272033691406,46.5,55,ฝนปานกลาง,2
cropped_districts_by_frame/central/20260504_170000\frame_004\มีนบุรี.png,4,มีนบุรี,38.546783447265625,54.0,342,ฝนปานกลาง,2
cropped_districts_by_frame/north/20260426_160026\frame_003\คันนายาว.png,3,คันนายาว,34.18656539916992,46.5,201,ฝนปานกลาง,2
cropped_districts_by_frame/central/20260520_200001\frame_008\คลองสามวา.png,8,คลองสามวา,38.54545593261719,51.5,11,ฝนปานกลาง,2
cropped_districts_by_frame/north/20260520_210023\frame_007\คลองสามวา.png,7,คลองสามวา,38.20790100097656,54.0,1152,ฝนปานกลาง,2
cropped_districts_by_frame/central/20260520_200001\frame_010\บางบอน.png,10,บางบอน,44.48701477050781,54.0,385,ฝนปานกลาง,2
cropped_districts_by_frame/central/20260525_060006\frame_001\ลาดกระบัง.png,1,ลาดกระบัง,33.16666793823242,34.0,6,ฝนปานกลาง,2
cropped_districts_by_frame/central/20260520_200001\frame_004\ราชเทวี.png,4,ราชเทวี,44.71428680419922,46.5,7,ฝนปานกลาง,2
cropped_districts_by_frame/north/20260510_010023\frame_001\คลองสาน.png,1,คลองสาน,34.0,46.5,2,ฝนปานกลาง,2
cropped_districts_by_frame/north/20260504_180023\frame_006\ป้อมปราบศัตรูพ่าย.png,6,ป้อมปราบศัตรูพ่าย,42.92856979370117,46.5,7,ฝนปานกลาง,2
cropped_districts_by_frame/north/20260520_200023\frame_005\สัมพันธวงศ์.png,5,สัมพันธวงศ์,42.5,44.0,5,ฝนปานกลาง,2
cropped_districts_by_frame/north/20260520_100027\frame_001\บางซื่อ.png,1,บางซื่อ,32.02631759643555,46.5,57,ฝนปานกลาง,2
cropped_districts_by_frame/north/20260508_170022\frame_000\หนองจอก.png,0,หนองจอก,37.92131805419922,56.5,197,ฝนปานกลาง,2
cropped_districts_by_frame/central/20260508_180005\frame_011\คันนายาว.png,11,คันนายาว,43.075469970703125,54.0,265,ฝนปานกลาง,2
cropped_districts_by_frame/central/20260312_060001\frame_009\วังทองหลาง.png,9,วังทองหลาง,31.571428298950195,66.5,105,ฝนปานกลาง,2
cropped_districts_by_frame/central/20260508_190000\frame_004\บางแค.png,4,บางแค,32.20000076293945,54.0,25,ฝนปานกลาง,2
cropped_districts_by_frame/north/20260508_190023\frame_009\ตลิ่งชัน.png,9,ตลิ่งชัน,43.22382736206055,56.5,277,ฝนปานกลาง,2
cropped_districts_by_frame/central/20260505_010001\frame_005\บางแค.png,5,บางแค,30.776859283447266,59.0,242,ฝนปานกลาง,2
cropped_districts_by_frame/central/20260504_180001\frame_009\บางกอกใหญ่.png,9,บางกอกใหญ่,39.63725662231445,54.0,51,ฝนปานกลาง,2
cropped_districts_by_frame/north/20260508_190023\frame_006\บางเขน.png,6,บางเขน,37.65740585327149,54.0,378,ฝนปานกลาง,2
cropped_districts_by_frame/north/20260508_170022\frame_011\สายไหม.png,11,สายไหม,33.401710510253906,54.0,117,ฝนปานกลาง,2
cropped_districts_by_frame/central/20260523_020000\frame_009\บางเขน.png,9,บางเขน,31.982759475708008,54.0,290,ฝนปานกลาง,2
cropped_districts_by_frame/central/20260520_200001\frame_010\ปทุมวัน.png,10,ปทุมวัน,44.11111068725586,54.0,90,ฝนปานกลาง,2
cropped_districts_by_frame/north/20260510_010023\frame_002\บางคอแหลม.png,2,บางคอแหลม,43.456520080566406,49.0,23,ฝนปานกลาง,2
cropped_districts_by_frame/north/20260520_210023\frame_009\สวนหลวง.png,9,สวนหลวง,43.27083206176758,54.0,96,ฝนปานกลาง,2
cropped_districts_by_frame/north/20260227_000023\frame_004\สาทร.png,4,สาทร,32.21428680419922,34.0,7,ฝนปานกลาง,2
cropped_districts_by_frame/north/20260508_180027\frame_001\ดอนเมือง.png,1,ดอนเมือง,30.648935317993164,46.5,47,ฝนปานกลาง,2
cropped_districts_by_frame/north/20260508_210022\frame_000\บางแค.png,0,บางแค,34.0,34.0,2,ฝนปานกลาง,2
cropped_districts_by_frame/central/20260504_180001\frame_007\ลาดพร้าว.png,7,ลาดพร้าว,33.35268020629883,51.5,112,ฝนปานกลาง,2
cropped_districts_by_frame/central/20260520_210000\frame_005\บางพลัด.png,5,บางพลัด,43.6875,54.0,32,ฝนปานกลาง,2
cropped_districts_by_frame/north/20260502_070026\frame_005\มีนบุรี.png,5,มีนบุรี,30.3157901763916,51.5,57,ฝนปานกลาง,2
cropped_districts_by_frame/north/20260520_210023\frame_006\ราชเทวี.png,6,ราชเทวี,40.25,54.0,28,ฝนปานกลาง,2
cropped_districts_by_frame/central/20260505_010001\frame_010\หนองแขม.png,10,หนองแขม,31.38354110717773,56.5,322,ฝนปานกลาง,2
cropped_districts_by_frame/central/20260504_180001\frame_007\บางแค.png,7,บางแค,37.96067428588867,54.0,89,ฝนปานกลาง,2
cropped_districts_by_frame/central/20260524_060000\frame_002\ลาดกระบัง.png,2,ลาดกระบัง,36.67856979370117,54.0,14,ฝนปานกลาง,2
cropped_districts_by_frame/central/20260514_010000\frame_009\ทุ่งครุ.png,9,ทุ่งครุ,32.25381851196289,51.5,262,ฝนปานกลาง,2
cropped_districts_by_frame/central/20260523_010000\frame_004\ทวีวัฒนา.png,4,ทวีวัฒนา,30.882911682128903,54.0,158,ฝนปานกลาง,2
cropped_districts_by_frame/central/20260520_220002\frame_001\คลองสาน.png,1,คลองสาน,34.0,34.0,1,ฝนปานกลาง,2
cropped_districts_by_frame/north/20260312_060023\frame_009\สะพานสูง.png,9,สะพานสูง,44.78382873535156,56.5,303,ฝนปานกลาง,2
cropped_districts_by_frame/north/20260508_180027\frame_009\สะพานสูง.png,9,สะพานสูง,43.32291793823242,59.0,144,ฝนปานกลาง,2
cropped_districts_by_frame/north/20260504_170022\frame_009\คันนายาว.png,9,คันนายาว,42.94508743286133,59.0,173,ฝนปานกลาง,2
cropped_districts_by_frame/north/20260504_160022\frame_009\บึงกุ่ม.png,9,บึงกุ่ม,39.0,51.5,30,ฝนปานกลาง,2
cropped_districts_by_frame/north/20260504_170022\frame_003\ลาดกระบัง.png,3,ลาดกระบัง,38.64080429077149,59.0,174,ฝนปานกลาง,2
cropped_districts_by_frame/central/20260312_070000\frame_001\สะพานสูง.png,1,สะพานสูง,44.06034469604492,64.0,290,ฝนปานกลาง,2
cropped_districts_by_frame/central/20260520_200001\frame_006\จตุจักร.png,6,จตุจักร,33.30392074584961,56.5,255,ฝนปานกลาง,2
cropped_districts_by_frame/north/20260502_070026\frame_005\คันนายาว.png,5,คันนายาว,37.49156188964844,56.5,237,ฝนปานกลาง,2
cropped_districts_by_frame/central/20260525_000000\frame_004\ทวีวัฒนา.png,4,ทวีวัฒนา,37.59999847412109,59.0,25,ฝนปานกลาง,2
cropped_districts_by_frame/north/20260520_200023\frame_007\ดุสิต.png,7,ดุสิต,39.769229888916016,46.5,26,ฝนปานกลาง,2
cropped_districts_by_frame/central/20260504_170000\frame_009\ประเวศ.png,9,ประเวศ,39.89285659790039,54.0,14,ฝนปานกลาง,2
cropped_districts_by_frame/north/20260312_060023\frame_010\บางกะปิ.png,10,บางกะปิ,41.67473220825195,54.0,186,ฝนปานกลาง,2
cropped_districts_by_frame/north/20260514_000023\frame_001\หนองจอก.png,1,หนองจอก,37.05747222900391,51.5,435,ฝนปานกลาง,2
cropped_districts_by_frame/north/20260520_210023\frame_006\สาทร.png,6,สาทร,44.83333206176758,46.5,9,ฝนปานกลาง,2
cropped_districts_by_frame/north/20260520_200023\frame_010\คันนายาว.png,10,คันนายาว,40.59574508666992,54.0,188,ฝนปานกลาง,2
cropped_districts_by_frame/central/20260520_210000\frame_004\พระนคร.png,4,พระนคร,43.62963104248047,54.0,27,ฝนปานกลาง,2
cropped_districts_by_frame/central/20260523_010000\frame_009\บางเขน.png,9,บางเขน,39.38461685180664,59.0,169,ฝนปานกลาง,2
cropped_districts_by_frame/central/20260520_210000\frame_008\สาทร.png,8,สาทร,38.16666793823242,54.0,39,ฝนปานกลาง,2
cropped_districts_by_frame/north/20260504_160022\frame_009\บางเขน.png,9,บางเขน,41.875,54.0,440,ฝนปานกลาง,2
cropped_districts_by_frame/central/20260520_200001\frame_008\จตุจักร.png,8,จตุจักร,35.01020431518555,54.0,245,ฝนปานกลาง,2
cropped_districts_by_frame/central/20260312_060001\frame_001\บางกะปิ.png,1,บางกะปิ,32.27889633178711,54.0,199,ฝนปานกลาง,2
cropped_districts_by_frame/central/20260504_180001\frame_004\บางกอกใหญ่.png,4,บางกอกใหญ่,43.20731735229492,56.5,41,ฝนปานกลาง,2
cropped_districts_by_frame/north/20260510_010023\frame_000\สาทร.png,0,สาทร,40.07143020629883,46.5,14,ฝนปานกลาง,2
cropped_districts_by_frame/central/20260505_000001\frame_007\ลาดกระบัง.png,7,ลาดกระบัง,35.791046142578125,59.0,134,ฝนปานกลาง,2
cropped_districts_by_frame/central/20260508_190000\frame_004\ป้อมปราบศัตรูพ่าย.png,4,ป้อมปราบศัตรูพ่าย,44.0,54.0,9,ฝนปานกลาง,2
cropped_districts_by_frame/central/20260505_010001\frame_001\บางพลัด.png,1,บางพลัด,32.7068977355957,54.0,29,ฝนปานกลาง,2
cropped_districts_by_frame/north/20260520_200023\frame_007\จอมทอง.png,7,จอมทอง,43.90521240234375,54.0,211,ฝนปานกลาง,2
cropped_districts_by_frame/central/20260520_210000\frame_004\จตุจักร.png,4,จตุจักร,30.88909721374512,54.0,266,ฝนปานกลาง,2
cropped_districts_by_frame/central/20260524_040006\frame_002\จตุจักร.png,2,จตุจักร,39.58035659790039,54.0,56,ฝนปานกลาง,2
cropped_districts_by_frame/central/20260504_170000\frame_011\ป้อมปราบศัตรูพ่าย.png,11,ป้อมปราบศัตรูพ่าย,32.75,44.0,2,ฝนปานกลาง,2
cropped_districts_by_frame/north/20260520_210023\frame_005\ป้อมปราบศัตรูพ่าย.png,5,ป้อมปราบศัตรูพ่าย,42.97058868408203,51.5,17,ฝนปานกลาง,2
cropped_districts_by_frame/central/20260218_093052\frame_010\หลักสี่.png,10,หลักสี่,34.0,34.0,1,ฝนปานกลาง,2
cropped_districts_by_frame/north/20260520_200023\frame_011\วัฒนา.png,11,วัฒนา,33.772727966308594,54.0,33,ฝนปานกลาง,2
cropped_districts_by_frame/north/20260504_170022\frame_011\สวนหลวง.png,11,สวนหลวง,32.878204345703125,54.0,78,ฝนปานกลาง,2
cropped_districts_by_frame/north/20260504_180023\frame_000\วัฒนา.png,0,วัฒนา,41.92453002929688,59.0,53,ฝนปานกลาง,2
cropped_districts_by_frame/central/20260523_010000\frame_008\พญาไท.png,8,พญาไท,37.653846740722656,46.5,39,ฝนปานกลาง,2
cropped_districts_by_frame/central/20260312_060001\frame_001\สวนหลวง.png,1,สวนหลวง,38.900001525878906,54.0,150,ฝนปานกลาง,2
cropped_districts_by_frame/central/20260508_190000\frame_008\ทวีวัฒนา.png,8,ทวีวัฒนา,30.490385055541992,51.5,52,ฝนปานกลาง,2
cropped_districts_by_frame/north/20260508_190023\frame_006\ตลิ่งชัน.png,6,ตลิ่งชัน,44.26041793823242,56.5,48,ฝนปานกลาง,2
cropped_districts_by_frame/central/20260312_070000\frame_000\สวนหลวง.png,0,สวนหลวง,30.807228088378903,54.0,166,ฝนปานกลาง,2
cropped_districts_by_frame/north/20260514_020029\frame_009\บางนา.png,9,บางนา,31.08333396911621,54.0,78,ฝนปานกลาง,2
cropped_districts_by_frame/central/20260316_150000\frame_008\ทุ่งครุ.png,8,ทุ่งครุ,31.884614944458008,51.5,26,ฝนปานกลาง,2
cropped_districts_by_frame/central/20260312_070000\frame_001\พระโขนง.png,1,พระโขนง,34.8445930480957,54.0,74,ฝนปานกลาง,2
cropped_districts_by_frame/central/20260525_010000\frame_005\ราชเทวี.png,5,ราชเทวี,41.675437927246094,54.0,57,ฝนปานกลาง,2
cropped_districts_by_frame/central/20260514_010000\frame_001\ราษฎร์บูรณะ.png,1,ราษฎร์บูรณะ,32.0,34.0,5,ฝนปานกลาง,2
cropped_districts_by_frame/north/20260514_020029\frame_004\บางนา.png,4,บางนา,41.349395751953125,54.0,83,ฝนปานกลาง,2
cropped_districts_by_frame/central/20260317_140002\frame_005\บางเขน.png,5,บางเขน,38.8824462890625,59.0,319,ฝนปานกลาง,2
cropped_districts_by_frame/central/20260504_180001\frame_007\ดินแดง.png,7,ดินแดง,38.73684310913086,54.0,76,ฝนปานกลาง,2
cropped_districts_by_frame/central/20260523_020000\frame_005\ลาดพร้าว.png,5,ลาดพร้าว,39.67757034301758,54.0,107,ฝนปานกลาง,2
cropped_districts_by_frame/central/20260508_180005\frame_002\บางเขน.png,2,บางเขน,32.08333206176758,51.5,60,ฝนปานกลาง,2
cropped_districts_by_frame/central/20260525_010000\frame_006\ตลิ่งชัน.png,6,ตลิ่งชัน,41.90785598754883,54.0,331,ฝนปานกลาง,2
cropped_districts_by_frame/central/20260524_040006\frame_011\ประเวศ.png,11,ประเวศ,38.562042236328125,54.0,137,ฝนปานกลาง,2
cropped_districts_by_frame/central/20260508_210000\frame_007\ลาดกระบัง.png,7,ลาดกระบัง,35.07913589477539,54.0,139,ฝนปานกลาง,2
cropped_districts_by_frame/central/20260514_020006\frame_007\ประเวศ.png,7,ประเวศ,33.21108627319336,54.0,469,ฝนปานกลาง,2
cropped_districts_by_frame/north/20260508_180027\frame_008\หนองจอก.png,8,หนองจอก,38.73615264892578,54.0,2094,ฝนปานกลาง,2
cropped_districts_by_frame/central/20260508_190000\frame_011\บางกอกน้อย.png,11,บางกอกน้อย,41.19827651977539,54.0,116,ฝนปานกลาง,2
cropped_districts_by_frame/north/20260504_180023\frame_010\ทวีวัฒนา.png,10,ทวีวัฒนา,38.60843276977539,46.5,83,ฝนปานกลาง,2
cropped_districts_by_frame/north/20260520_210023\frame_006\พระนคร.png,6,พระนคร,34.25,44.0,10,ฝนปานกลาง,2
cropped_districts_by_frame/central/20260520_210000\frame_003\บางพลัด.png,3,บางพลัด,37.14102554321289,54.0,39,ฝนปานกลาง,2
cropped_districts_by_frame/north/20260312_060023\frame_006\คันนายาว.png,6,คันนายาว,35.78947448730469,56.5,95,ฝนปานกลาง,2
cropped_districts_by_frame/north/20260520_210023\frame_005\ดุสิต.png,5,ดุสิต,44.16128921508789,51.5,31,ฝนปานกลาง,2
cropped_districts_by_frame/north/20260520_210023\frame_000\บางบอน.png,0,บางบอน,42.50893020629883,54.0,280,ฝนปานกลาง,2
cropped_districts_by_frame/central/20260312_060001\frame_011\บางกะปิ.png,11,บางกะปิ,32.834842681884766,54.0,221,ฝนปานกลาง,2
cropped_districts_by_frame/central/20260520_210000\frame_001\บางบอน.png,1,บางบอน,39.06048202514648,54.0,372,ฝนปานกลาง,2
cropped_districts_by_frame/north/20260312_060023\frame_003\บางกะปิ.png,3,บางกะปิ,41.774391174316406,56.5,164,ฝนปานกลาง,2
cropped_districts_by_frame/central/20260317_140002\frame_002\หลักสี่.png,2,หลักสี่,39.91345977783203,54.0,52,ฝนปานกลาง,2
cropped_districts_by_frame/central/20260504_170000\frame_006\สะพานสูง.png,6,สะพานสูง,35.08333206176758,54.0,90,ฝนปานกลาง,2
cropped_districts_by_frame/central/20260525_010000\frame_003\บางคอแหลม.png,3,บางคอแหลม,30.323530197143555,46.5,34,ฝนปานกลาง,2
cropped_districts_by_frame/north/20260520_200023\frame_010\บางบอน.png,10,บางบอน,44.0767936706543,54.0,293,ฝนปานกลาง,2
cropped_districts_by_frame/north/20260312_060023\frame_005\ลาดกระบัง.png,5,ลาดกระบัง,33.95512008666992,59.0,947,ฝนปานกลาง,2
cropped_districts_by_frame/central/20260520_200001\frame_005\บางบอน.png,5,บางบอน,42.93156433105469,59.0,358,ฝนปานกลาง,2
cropped_districts_by_frame/central/20260525_000000\frame_010\บางขุนเทียน.png,10,บางขุนเทียน,32.949275970458984,56.5,207,ฝนปานกลาง,2
cropped_districts_by_frame/north/20260312_070022\frame_001\คลองสามวา.png,1,คลองสามวา,31.058822631835938,51.5,85,ฝนปานกลาง,2
cropped_districts_by_frame/central/20260525_010000\frame_007\ราชเทวี.png,7,ราชเทวี,35.44230651855469,51.5,52,ฝนปานกลาง,2
cropped_districts_by_frame/north/20260502_070026\frame_001\บางกะปิ.png,1,บางกะปิ,31.06185531616211,56.5,194,ฝนปานกลาง,2
cropped_districts_by_frame/north/20260520_200023\frame_001\บางพลัด.png,1,บางพลัด,44.91666793823242,54.0,30,ฝนปานกลาง,2
cropped_districts_by_frame/central/20260226_210001\frame_007\หนองแขม.png,7,หนองแขม,33.34210586547852,46.5,19,ฝนปานกลาง,2
cropped_districts_by_frame/north/20260312_070022\frame_007\ลาดกระบัง.png,7,ลาดกระบัง,33.12397384643555,56.5,976,ฝนปานกลาง,2
cropped_districts_by_frame/central/20260312_060001\frame_004\วัฒนา.png,4,วัฒนา,43.58333206176758,54.0,72,ฝนปานกลาง,2
cropped_districts_by_frame/north/20260508_190023\frame_004\บางกอกใหญ่.png,4,บางกอกใหญ่,34.0,34.0,2,ฝนปานกลาง,2
cropped_districts_by_frame/north/20260520_200023\frame_004\ธนบุรี.png,4,ธนบุรี,43.16666793823242,46.5,9,ฝนปานกลาง,2
cropped_districts_by_frame/north/20260504_170022\frame_008\ลาดกระบัง.png,8,ลาดกระบัง,39.19865417480469,59.0,818,ฝนปานกลาง,2
cropped_districts_by_frame/central/20260226_220000\frame_002\บางกอกน้อย.png,2,บางกอกน้อย,32.66883087158203,46.5,77,ฝนปานกลาง,2
cropped_districts_by_frame/north/20260501_020027\frame_003\ลาดพร้าว.png,3,ลาดพร้าว,30.68224334716797,54.0,107,ฝนปานกลาง,2
cropped_districts_by_frame/central/20260523_030002\frame_005\หนองจอก.png,5,หนองจอก,30.477272033691406,51.5,110,ฝนปานกลาง,2
cropped_districts_by_frame/north/20260504_180023\frame_002\ดุสิต.png,2,ดุสิต,40.16666793823242,54.0,15,ฝนปานกลาง,2
cropped_districts_by_frame/central/20260520_200001\frame_007\ปทุมวัน.png,7,ปทุมวัน,36.42856979370117,54.0,70,ฝนปานกลาง,2
cropped_districts_by_frame/north/20260504_170022\frame_001\สายไหม.png,1,สายไหม,30.61337280273437,46.5,172,ฝนปานกลาง,2
cropped_districts_by_frame/north/20260504_160022\frame_011\สายไหม.png,11,สายไหม,32.556034088134766,54.0,348,ฝนปานกลาง,2
cropped_districts_by_frame/north/20260520_200023\frame_009\บึงกุ่ม.png,9,บึงกุ่ม,42.96666717529297,54.0,150,ฝนปานกลาง,2
cropped_districts_by_frame/north/20260514_010023\frame_010\บางนา.png,10,บางนา,38.25531768798828,54.0,94,ฝนปานกลาง,2
cropped_districts_by_frame/north/20260227_000023\frame_009\หนองแขม.png,9,หนองแขม,32.5,34.0,5,ฝนปานกลาง,2
cropped_districts_by_frame/north/20260520_210023\frame_000\บางเขน.png,0,บางเขน,36.25108337402344,54.0,462,ฝนปานกลาง,2
cropped_districts_by_frame/central/20260523_010000\frame_007\พระนคร.png,7,พระนคร,33.67948532104492,51.5,39,ฝนปานกลาง,2
cropped_districts_by_frame/north/20260520_210023\frame_002\บางซื่อ.png,2,บางซื่อ,41.47572708129883,51.5,103,ฝนปานกลาง,2
cropped_districts_by_frame/north/20260520_210023\frame_000\คลองสามวา.png,0,คลองสามวา,39.2154541015625,54.0,673,ฝนปานกลาง,2
cropped_districts_by_frame/north/20260514_000023\frame_007\บางขุนเทียน.png,7,บางขุนเทียน,32.919212341308594,54.0,458,ฝนปานกลาง,2
cropped_districts_by_frame/north/20260520_210023\frame_007\ปทุมวัน.png,7,ปทุมวัน,30.66666603088379,46.5,6,ฝนปานกลาง,2
cropped_districts_by_frame/north/20260520_210023\frame_005\บึงกุ่ม.png,5,บึงกุ่ม,39.80208206176758,54.0,240,ฝนปานกลาง,2
cropped_districts_by_frame/central/20260523_010000\frame_010\ราชเทวี.png,10,ราชเทวี,31.068965911865234,46.5,29,ฝนปานกลาง,2
cropped_districts_by_frame/central/20260312_060001\frame_009\วัฒนา.png,9,วัฒนา,41.33606719970703,54.0,61,ฝนปานกลาง,2
cropped_districts_by_frame/central/20260520_220002\frame_001\คลองสามวา.png,1,คลองสามวา,30.48086166381836,54.0,1045,ฝนปานกลาง,2
cropped_districts_by_frame/north/20260520_200023\frame_005\บางกอกใหญ่.png,5,บางกอกใหญ่,43.19643020629883,51.5,56,ฝนปานกลาง,2
cropped_districts_by_frame/north/20260520_210023\frame_007\คันนายาว.png,7,คันนายาว,44.59321975708008,54.0,295,ฝนปานกลาง,2
cropped_districts_by_frame/north/20260520_210023\frame_006\ธนบุรี.png,6,ธนบุรี,37.71428680419922,54.0,35,ฝนปานกลาง,2
cropped_districts_by_frame/central/20260523_020000\frame_001\ดุสิต.png,1,ดุสิต,44.900001525878906,54.0,25,ฝนปานกลาง,2
cropped_districts_by_frame/north/20260426_160026\frame_005\บึงกุ่ม.png,5,บึงกุ่ม,30.168981552124023,54.0,216,ฝนปานกลาง,2
cropped_districts_by_frame/central/20260523_020000\frame_007\บึงกุ่ม.png,7,บึงกุ่ม,30.414474487304688,54.0,76,ฝนปานกลาง,2
cropped_districts_by_frame/central/20260520_210000\frame_005\ดินแดง.png,5,ดินแดง,44.25,54.0,90,ฝนปานกลาง,2
cropped_districts_by_frame/central/20260316_150000\frame_006\บึงกุ่ม.png,6,บึงกุ่ม,35.85672378540039,54.0,171,ฝนปานกลาง,2
cropped_districts_by_frame/north/20260520_200023\frame_004\ป้อมปราบศัตรูพ่าย.png,4,ป้อมปราบศัตรูพ่าย,43.28571319580078,51.5,14,ฝนปานกลาง,2
cropped_districts_by_frame/central/20260519_200001\frame_006\ลาดกระบัง.png,6,ลาดกระบัง,37.37812042236328,54.0,521,ฝนปานกลาง,2
cropped_districts_by_frame/north/20260426_160026\frame_010\ดอนเมือง.png,10,ดอนเมือง,31.839805603027344,54.0,206,ฝนปานกลาง,2
cropped_districts_by_frame/central/20260505_010001\frame_003\บางคอแหลม.png,3,บางคอแหลม,41.77777862548828,51.5,27,ฝนปานกลาง,2
cropped_districts_by_frame/central/20260504_160000\frame_002\บางเขน.png,2,บางเขน,41.04999923706055,56.5,200,ฝนปานกลาง,2
cropped_districts_by_frame/north/20260426_160026\frame_008\ลาดพร้าว.png,8,ลาดพร้าว,31.588756561279297,51.5,169,ฝนปานกลาง,2
cropped_districts_by_frame/central/20260519_200001\frame_003\ทุ่งครุ.png,3,ทุ่งครุ,31.86206817626953,51.5,145,ฝนปานกลาง,2
cropped_districts_by_frame/central/20260504_170000\frame_002\หนองจอก.png,2,หนองจอก,41.3764762878418,54.0,931,ฝนปานกลาง,2
cropped_districts_by_frame/central/20260504_170000\frame_005\ลาดกระบัง.png,5,ลาดกระบัง,39.375,54.0,140,ฝนปานกลาง,2
cropped_districts_by_frame/north/20260514_010023\frame_011\คลองเตย.png,11,คลองเตย,35.67856979370117,54.0,70,ฝนปานกลาง,2
cropped_districts_by_frame/central/20260524_060000\frame_000\มีนบุรี.png,0,มีนบุรี,40.284915924072266,54.0,179,ฝนปานกลาง,2
cropped_districts_by_frame/central/20260312_060001\frame_004\ยานนาวา.png,4,ยานนาวา,37.30986022949219,54.0,71,ฝนปานกลาง,2
cropped_districts_by_frame/north/20260504_180023\frame_003\ทวีวัฒนา.png,3,ทวีวัฒนา,44.3125,51.5,24,ฝนปานกลาง,2
cropped_districts_by_frame/central/20260312_060001\frame_003\ห้วยขวาง.png,3,ห้วยขวาง,39.87349319458008,54.0,83,ฝนปานกลาง,2
cropped_districts_by_frame/north/20260426_160026\frame_009\ดอนเมือง.png,9,ดอนเมือง,34.175437927246094,54.0,228,ฝนปานกลาง,2
cropped_districts_by_frame/north/20260508_170022\frame_000\ดอนเมือง.png,0,ดอนเมือง,34.83333206176758,46.5,93,ฝนปานกลาง,2
cropped_districts_by_frame/north/20260520_200023\frame_001\ทวีวัฒนา.png,1,ทวีวัฒนา,30.484375,49.0,32,ฝนปานกลาง,2
cropped_districts_by_frame/central/20260523_010000\frame_008\บางรัก.png,8,บางรัก,41.69230651855469,54.0,13,ฝนปานกลาง,2
cropped_districts_by_frame/central/20260505_020000\frame_008\บางบอน.png,8,บางบอน,36.650272369384766,54.0,183,ฝนปานกลาง,2
cropped_districts_by_frame/north/20260514_000023\frame_001\ทุ่งครุ.png,1,ทุ่งครุ,35.417110443115234,46.5,187,ฝนปานกลาง,2
cropped_districts_by_frame/central/20260504_160000\frame_010\หนองจอก.png,10,หนองจอก,42.75382232666016,64.0,327,ฝนปานกลาง,2
cropped_districts_by_frame/north/20260426_160026\frame_000\สายไหม.png,0,สายไหม,39.83333206176758,54.0,3,ฝนปานกลาง,2
cropped_districts_by_frame/north/20260520_210023\frame_005\ประเวศ.png,5,ประเวศ,38.97229766845703,54.0,361,ฝนปานกลาง,2
cropped_districts_by_frame/central/20260520_210000\frame_009\พระโขนง.png,9,พระโขนง,43.76852035522461,54.0,108,ฝนปานกลาง,2
cropped_districts_by_frame/north/20260520_200023\frame_002\บางบอน.png,2,บางบอน,37.18181991577149,46.5,11,ฝนปานกลาง,2
cropped_districts_by_frame/north/20260520_210023\frame_000\ดินแดง.png,0,ดินแดง,41.07792282104492,54.0,77,ฝนปานกลาง,2
cropped_districts_by_frame/north/20260520_210023\frame_005\ปทุมวัน.png,5,ปทุมวัน,39.875,46.5,20,ฝนปานกลาง,2
cropped_districts_by_frame/north/20260508_190023\frame_011\บางแค.png,11,บางแค,39.42856979370117,54.0,35,ฝนปานกลาง,2
cropped_districts_by_frame/central/20260218_093052\frame_001\สัมพันธวงศ์.png,1,สัมพันธวงศ์,34.0,34.0,1,ฝนปานกลาง,2
cropped_districts_by_frame/central/20260520_200001\frame_001\บางซื่อ.png,1,บางซื่อ,35.94444274902344,51.5,9,ฝนปานกลาง,2
cropped_districts_by_frame/north/20260520_210023\frame_008\จตุจักร.png,8,จตุจักร,35.3863639831543,54.0,330,ฝนปานกลาง,2
cropped_districts_by_frame/north/20260508_190023\frame_008\ปทุมวัน.png,8,ปทุมวัน,42.25,54.0,10,ฝนปานกลาง,2
cropped_districts_by_frame/north/20260508_180027\frame_005\สายไหม.png,5,สายไหม,31.60638236999512,46.5,282,ฝนปานกลาง,2
cropped_districts_by_frame/north/20260508_190023\frame_010\ภาษีเจริญ.png,10,ภาษีเจริญ,34.0,46.5,2,ฝนปานกลาง,2
cropped_districts_by_frame/central/20260312_060001\frame_006\วังทองหลาง.png,6,วังทองหลาง,37.38785171508789,54.0,107,ฝนปานกลาง,2
cropped_districts_by_frame/north/20260520_220024\frame_001\ลาดกระบัง.png,1,ลาดกระบัง,35.487430572509766,54.0,1074,ฝนปานกลาง,2
cropped_districts_by_frame/north/20260312_060023\frame_003\ลาดกระบัง.png,3,ลาดกระบัง,34.46826171875,59.0,961,ฝนปานกลาง,2
cropped_districts_by_frame/central/20260514_010000\frame_011\คลองเตย.png,11,คลองเตย,36.921688079833984,54.0,83,ฝนปานกลาง,2
cropped_districts_by_frame/north/20260501_020027\frame_006\มีนบุรี.png,6,มีนบุรี,36.55847930908203,54.0,342,ฝนปานกลาง,2
cropped_districts_by_frame/north/20260312_060023\frame_009\บางนา.png,9,บางนา,38.30379867553711,51.5,79,ฝนปานกลาง,2
cropped_districts_by_frame/north/20260504_180023\frame_002\หลักสี่.png,2,หลักสี่,37.31932830810547,56.5,119,ฝนปานกลาง,2
cropped_districts_by_frame/north/20260520_210023\frame_011\ยานนาวา.png,11,ยานนาวา,30.544116973876957,46.5,68,ฝนปานกลาง,2
cropped_districts_by_frame/central/20260519_200001\frame_011\บางนา.png,11,บางนา,37.40909194946289,54.0,22,ฝนปานกลาง,2
cropped_districts_by_frame/north/20260514_010023\frame_009\ประเวศ.png,9,ประเวศ,35.4361686706543,54.0,517,ฝนปานกลาง,2
cropped_districts_by_frame/central/20260525_010000\frame_000\ตลิ่งชัน.png,0,ตลิ่งชัน,36.260868072509766,54.0,230,ฝนปานกลาง,2
cropped_districts_by_frame/north/20260312_060023\frame_006\บึงกุ่ม.png,6,บึงกุ่ม,43.078948974609375,56.5,76,ฝนปานกลาง,2
cropped_districts_by_frame/central/20260520_200001\frame_007\ห้วยขวาง.png,7,ห้วยขวาง,43.40909194946289,56.5,110,ฝนปานกลาง,2
cropped_districts_by_frame/central/20260524_040006\frame_005\จตุจักร.png,5,จตุจักร,42.82051467895508,54.0,195,ฝนปานกลาง,2
cropped_districts_by_frame/central/20260312_060001\frame_009\บางขุนเทียน.png,9,บางขุนเทียน,35.855812072753906,54.0,912,ฝนปานกลาง,2
cropped_districts_by_frame/central/20260505_040003\frame_007\สัมพันธวงศ์.png,7,สัมพันธวงศ์,34.0,34.0,1,ฝนปานกลาง,2
cropped_districts_by_frame/north/20260227_180023\frame_003\คลองสามวา.png,3,คลองสามวา,38.26332473754883,56.5,319,ฝนปานกลาง,2
cropped_districts_by_frame/central/20260520_210000\frame_007\บางกอกใหญ่.png,7,บางกอกใหญ่,40.1363639831543,54.0,55,ฝนปานกลาง,2
cropped_districts_by_frame/north/20260520_200023\frame_005\ภาษีเจริญ.png,5,ภาษีเจริญ,43.37919616699219,54.0,149,ฝนปานกลาง,2
cropped_districts_by_frame/central/20260525_000000\frame_003\บางขุนเทียน.png,3,บางขุนเทียน,32.849998474121094,46.5,50,ฝนปานกลาง,2
cropped_districts_by_frame/north/20260520_200023\frame_003\บางแค.png,3,บางแค,41.02381134033203,54.0,168,ฝนปานกลาง,2
cropped_districts_by_frame/north/20260520_210023\frame_002\บางนา.png,2,บางนา,30.5625,54.0,40,ฝนปานกลาง,2
cropped_districts_by_frame/north/20260520_200023\frame_010\ยานนาวา.png,10,ยานนาวา,42.48684310913086,54.0,38,ฝนปานกลาง,2
cropped_districts_by_frame/north/20260520_220024\frame_001\คลองสามวา.png,1,คลองสามวา,32.91880798339844,54.0,1207,ฝนปานกลาง,2
cropped_districts_by_frame/central/20260228_070000\frame_009\ลาดกระบัง.png,9,ลาดกระบัง,36.62295150756836,46.5,122,ฝนปานกลาง,2
cropped_districts_by_frame/central/20260508_180005\frame_004\มีนบุรี.png,4,มีนบุรี,41.58035659790039,54.0,280,ฝนปานกลาง,2
cropped_districts_by_frame/central/20260523_020000\frame_006\บึงกุ่ม.png,6,บึงกุ่ม,33.52991485595703,54.0,117,ฝนปานกลาง,2
cropped_districts_by_frame/central/20260514_010000\frame_010\วัฒนา.png,10,วัฒนา,34.0,46.5,2,ฝนปานกลาง,2
cropped_districts_by_frame/north/20260520_090023\frame_009\คลองสาน.png,9,คลองสาน,34.0,34.0,1,ฝนปานกลาง,2
cropped_districts_by_frame/central/20260520_220002\frame_004\หนองจอก.png,4,หนองจอก,35.3736457824707,54.0,1567,ฝนปานกลาง,2
cropped_districts_by_frame/north/20260502_070026\frame_007\วัฒนา.png,7,วัฒนา,37.42856979370117,46.5,35,ฝนปานกลาง,2
cropped_districts_by_frame/central/20260520_210000\frame_001\บางแค.png,1,บางแค,41.47474670410156,54.0,396,ฝนปานกลาง,2
cropped_districts_by_frame/north/20260426_160026\frame_009\ลาดพร้าว.png,9,ลาดพร้าว,30.69354820251465,54.0,155,ฝนปานกลาง,2
cropped_districts_by_frame/north/20260501_020027\frame_002\บางเขน.png,2,บางเขน,30.957143783569336,51.5,175,ฝนปานกลาง,2
cropped_districts_by_frame/north/20260514_000023\frame_001\บางขุนเทียน.png,1,บางขุนเทียน,32.06802749633789,56.5,735,ฝนปานกลาง,2
cropped_districts_by_frame/central/20260504_180001\frame_006\ประเวศ.png,6,ประเวศ,31.545976638793945,54.0,435,ฝนปานกลาง,2
cropped_districts_by_frame/north/20260504_180023\frame_006\ดุสิต.png,6,ดุสิต,35.33928680419922,46.5,28,ฝนปานกลาง,2
cropped_districts_by_frame/central/20260504_180001\frame_002\บางซื่อ.png,2,บางซื่อ,30.465517044067383,54.0,29,ฝนปานกลาง,2
cropped_districts_by_frame/north/20260312_060023\frame_006\บางกะปิ.png,6,บางกะปิ,44.05952453613281,56.5,168,ฝนปานกลาง,2
cropped_districts_by_frame/central/20260505_020000\frame_002\บางขุนเทียน.png,2,บางขุนเทียน,40.29742813110352,56.5,817,ฝนปานกลาง,2
cropped_districts_by_frame/central/20260519_200001\frame_006\ประเวศ.png,6,ประเวศ,40.229793548583984,54.0,433,ฝนปานกลาง,2
cropped_districts_by_frame/central/20260525_010000\frame_000\ธนบุรี.png,0,ธนบุรี,38.61538314819336,54.0,13,ฝนปานกลาง,2
cropped_districts_by_frame/north/20260312_070022\frame_007\สะพานสูง.png,7,สะพานสูง,34.26859664916992,54.0,242,ฝนปานกลาง,2
cropped_districts_by_frame/central/20260312_060001\frame_006\ลาดกระบัง.png,6,ลาดกระบัง,39.520286560058594,64.0,764,ฝนปานกลาง,2
cropped_districts_by_frame/central/20260523_020000\frame_006\คันนายาว.png,6,คันนายาว,37.951148986816406,54.0,174,ฝนปานกลาง,2
cropped_districts_by_frame/central/20260505_020000\frame_000\หนองแขม.png,0,หนองแขม,38.98995971679688,54.0,249,ฝนปานกลาง,2
cropped_districts_by_frame/north/20260520_200023\frame_006\จอมทอง.png,6,จอมทอง,40.671512603759766,54.0,172,ฝนปานกลาง,2
cropped_districts_by_frame/central/20260523_010000\frame_011\ปทุมวัน.png,11,ปทุมวัน,30.44736862182617,46.5,19,ฝนปานกลาง,2
cropped_districts_by_frame/north/20260508_190023\frame_000\บางเขน.png,0,บางเขน,34.224456787109375,54.0,323,ฝนปานกลาง,2
cropped_districts_by_frame/central/20260520_210000\frame_000\สายไหม.png,0,สายไหม,32.33657455444336,54.0,257,ฝนปานกลาง,2
cropped_districts_by_frame/central/20260525_000000\frame_003\หนองแขม.png,3,หนองแขม,32.75,59.0,114,ฝนปานกลาง,2
cropped_districts_by_frame/central/20260504_180001\frame_003\จตุจักร.png,3,จตุจักร,46.723880767822266,59.0,268,ฝนหนัก,3
cropped_districts_by_frame/north/20260312_060023\frame_010\สาทร.png,10,สาทร,51.5,51.5,2,ฝนหนัก,3
cropped_districts_by_frame/central/20260520_210000\frame_007\ธนบุรี.png,7,ธนบุรี,45.05263137817383,54.0,19,ฝนหนัก,3
cropped_districts_by_frame/central/20260505_010001\frame_001\บางนา.png,1,บางนา,46.94117736816406,54.0,51,ฝนหนัก,3
cropped_districts_by_frame/north/20260312_060023\frame_000\วัฒนา.png,0,วัฒนา,51.76666641235352,59.0,75,ฝนหนัก,3
cropped_districts_by_frame/central/20260504_180001\frame_006\ทวีวัฒนา.png,6,ทวีวัฒนา,49.42982482910156,64.0,285,ฝนหนัก,3
cropped_districts_by_frame/central/20260523_020000\frame_000\บางพลัด.png,0,บางพลัด,46.5,51.5,15,ฝนหนัก,3
cropped_districts_by_frame/central/20260520_210000\frame_004\พญาไท.png,4,พญาไท,45.38298034667969,54.0,94,ฝนหนัก,3
cropped_districts_by_frame/central/20260520_200001\frame_005\ราชเทวี.png,5,ราชเทวี,47.10185241699219,56.5,54,ฝนหนัก,3
cropped_districts_by_frame/central/20260520_200001\frame_004\จอมทอง.png,4,จอมทอง,47.67886352539063,59.0,123,ฝนหนัก,3
cropped_districts_by_frame/central/20260525_010000\frame_006\คลองเตย.png,6,คลองเตย,49.0,56.5,77,ฝนหนัก,3
cropped_districts_by_frame/north/20260502_070026\frame_006\สวนหลวง.png,6,สวนหลวง,46.01612854003906,56.5,93,ฝนหนัก,3
cropped_districts_by_frame/north/20260508_180027\frame_002\คลองสามวา.png,2,คลองสามวา,46.82184600830078,61.5,769,ฝนหนัก,3
cropped_districts_by_frame/central/20260508_190000\frame_003\บางกะปิ.png,3,บางกะปิ,49.51229476928711,56.5,244,ฝนหนัก,3
cropped_districts_by_frame/central/20260525_000000\frame_009\ธนบุรี.png,9,ธนบุรี,46.8125,54.0,8,ฝนหนัก,3
cropped_districts_by_frame/central/20260520_200001\frame_010\บึงกุ่ม.png,10,บึงกุ่ม,45.76356506347656,59.0,129,ฝนหนัก,3
cropped_districts_by_frame/central/20260525_010000\frame_008\พระโขนง.png,8,พระโขนง,46.70454406738281,56.5,110,ฝนหนัก,3
cropped_districts_by_frame/central/20260508_190000\frame_006\บางกอกน้อย.png,6,บางกอกน้อย,45.39610290527344,56.5,77,ฝนหนัก,3
cropped_districts_by_frame/central/20260504_180001\frame_006\บางซื่อ.png,6,บางซื่อ,46.25225067138672,56.5,111,ฝนหนัก,3
cropped_districts_by_frame/central/20260520_200001\frame_010\ราษฎร์บูรณะ.png,10,ราษฎร์บูรณะ,54.98958206176758,64.0,48,ฝนหนัก,3
cropped_districts_by_frame/north/20260504_170022\frame_006\หนองจอก.png,6,หนองจอก,45.00208282470703,61.5,2400,ฝนหนัก,3
cropped_districts_by_frame/central/20260524_030001\frame_009\ป้อมปราบศัตรูพ่าย.png,9,ป้อมปราบศัตรูพ่าย,49.0,54.0,2,ฝนหนัก,3
cropped_districts_by_frame/north/20260508_190023\frame_000\ราชเทวี.png,0,ราชเทวี,47.33333206176758,51.5,3,ฝนหนัก,3
cropped_districts_by_frame/north/20260508_180027\frame_009\คันนายาว.png,9,คันนายาว,50.80795669555664,64.0,289,ฝนหนัก,3
cropped_districts_by_frame/north/20260508_180027\frame_011\สะพานสูง.png,11,สะพานสูง,48.27606201171875,59.0,259,ฝนหนัก,3
cropped_districts_by_frame/north/20260312_060023\frame_002\วัฒนา.png,2,วัฒนา,45.654930114746094,54.0,71,ฝนหนัก,3
cropped_districts_by_frame/north/20260504_180023\frame_002\ป้อมปราบศัตรูพ่าย.png,2,ป้อมปราบศัตรูพ่าย,52.235294342041016,56.5,17,ฝนหนัก,3
cropped_districts_by_frame/central/20260504_160000\frame_006\คันนายาว.png,6,คันนายาว,51.08333206176758,59.0,60,ฝนหนัก,3
cropped_districts_by_frame/north/20260520_210023\frame_008\คันนายาว.png,8,คันนายาว,45.18421173095703,54.0,304,ฝนหนัก,3
cropped_districts_by_frame/central/20260520_200001\frame_005\พญาไท.png,5,พญาไท,47.76712417602539,56.5,73,ฝนหนัก,3
cropped_districts_by_frame/central/20260520_200001\frame_011\ดุสิต.png,11,ดุสิต,47.52941131591797,54.0,34,ฝนหนัก,3
cropped_districts_by_frame/central/20260312_060001\frame_006\สวนหลวง.png,6,สวนหลวง,46.02830123901367,56.5,159,ฝนหนัก,3
cropped_districts_by_frame/central/20260523_020000\frame_000\สายไหม.png,0,สายไหม,45.49234771728516,56.5,196,ฝนหนัก,3
cropped_districts_by_frame/central/20260523_010000\frame_004\ยานนาวา.png,4,ยานนาวา,46.5,54.0,3,ฝนหนัก,3
cropped_districts_by_frame/north/20260312_060023\frame_004\มีนบุรี.png,4,มีนบุรี,45.86111068725586,61.5,180,ฝนหนัก,3
cropped_districts_by_frame/north/20260504_170022\frame_000\มีนบุรี.png,0,มีนบุรี,51.296512603759766,66.5,86,ฝนหนัก,3
cropped_districts_by_frame/north/20260504_160022\frame_004\บางเขน.png,4,บางเขน,47.55593490600586,59.0,438,ฝนหนัก,3
cropped_districts_by_frame/central/20260520_210000\frame_004\ป้อมปราบศัตรูพ่าย.png,4,ป้อมปราบศัตรูพ่าย,49.83333206176758,54.0,3,ฝนหนัก,3
cropped_districts_by_frame/central/20260520_210000\frame_003\ปทุมวัน.png,3,ปทุมวัน,46.47222137451172,54.0,90,ฝนหนัก,3
cropped_districts_by_frame/north/20260507_180025\frame_005\ราษฎร์บูรณะ.png,5,ราษฎร์บูรณะ,47.75,54.0,2,ฝนหนัก,3
cropped_districts_by_frame/north/20260504_160022\frame_007\สายไหม.png,7,สายไหม,45.90544509887695,56.5,349,ฝนหนัก,3
cropped_districts_by_frame/north/20260312_070022\frame_005\มีนบุรี.png,5,มีนบุรี,48.380950927734375,66.5,420,ฝนหนัก,3
cropped_districts_by_frame/north/20260520_210023\frame_005\ห้วยขวาง.png,5,ห้วยขวาง,46.67142868041992,54.0,175,ฝนหนัก,3
cropped_districts_by_frame/north/20260504_180023\frame_002\บางรัก.png,2,บางรัก,53.375,56.5,8,ฝนหนัก,3
cropped_districts_by_frame/north/20260504_180023\frame_002\สาทร.png,2,สาทร,50.66666793823242,54.0,6,ฝนหนัก,3
cropped_districts_by_frame/central/20260520_200001\frame_009\บางกอกน้อย.png,9,บางกอกน้อย,50.578948974609375,56.5,114,ฝนหนัก,3
cropped_districts_by_frame/central/20260312_070000\frame_000\คลองสามวา.png,0,คลองสามวา,53.75,66.5,40,ฝนหนัก,3
cropped_districts_by_frame/central/20260520_210000\frame_000\ปทุมวัน.png,0,ปทุมวัน,47.64457702636719,56.5,83,ฝนหนัก,3
cropped_districts_by_frame/central/20260508_190000\frame_008\พญาไท.png,8,พญาไท,45.25,54.0,74,ฝนหนัก,3
cropped_districts_by_frame/north/20260520_200023\frame_007\คลองสาน.png,7,คลองสาน,46.5,46.5,1,ฝนหนัก,3
cropped_districts_by_frame/central/20260520_210000\frame_002\ปทุมวัน.png,2,ปทุมวัน,48.53488540649414,54.0,86,ฝนหนัก,3
cropped_districts_by_frame/north/20260312_060023\frame_011\บางรัก.png,11,บางรัก,46.5,51.5,4,ฝนหนัก,3
cropped_districts_by_frame/central/20260312_060001\frame_006\บางกะปิ.png,6,บางกะปิ,47.18376159667969,59.0,234,ฝนหนัก,3
cropped_districts_by_frame/central/20260312_060001\frame_001\วัฒนา.png,1,วัฒนา,56.89473724365234,64.0,76,ฝนหนัก,3
cropped_districts_by_frame/central/20260312_060001\frame_005\ประเวศ.png,5,ประเวศ,48.869476318359375,59.0,498,ฝนหนัก,3
cropped_districts_by_frame/central/20260520_210000\frame_005\ดุสิต.png,5,ดุสิต,46.08333206176758,54.0,30,ฝนหนัก,3
cropped_districts_by_frame/central/20260504_180001\frame_003\วังทองหลาง.png,3,วังทองหลาง,47.47756576538086,56.5,156,ฝนหนัก,3
cropped_districts_by_frame/central/20260508_190000\frame_002\คันนายาว.png,2,คันนายาว,46.41635513305664,54.0,269,ฝนหนัก,3
cropped_districts_by_frame/north/20260504_170022\frame_010\ห้วยขวาง.png,10,ห้วยขวาง,49.769229888916016,61.5,78,ฝนหนัก,3
cropped_districts_by_frame/north/20260520_210023\frame_007\มีนบุรี.png,7,มีนบุรี,45.58673477172852,56.5,490,ฝนหนัก,3
cropped_districts_by_frame/central/20260523_010000\frame_005\พระนคร.png,5,พระนคร,56.1875,66.5,32,ฝนหนัก,3
cropped_districts_by_frame/north/20260508_180027\frame_008\คลองสามวา.png,8,คลองสามวา,45.79257583618164,59.0,1145,ฝนหนัก,3
cropped_districts_by_frame/central/20260520_210000\frame_000\สัมพันธวงศ์.png,0,สัมพันธวงศ์,54.0,54.0,1,ฝนหนัก,3
cropped_districts_by_frame/central/20260520_200001\frame_009\ห้วยขวาง.png,9,ห้วยขวาง,47.6328125,56.5,128,ฝนหนัก,3
cropped_districts_by_frame/north/20260426_160026\frame_004\หลักสี่.png,4,หลักสี่,52.24324417114258,59.0,148,ฝนหนัก,3
cropped_districts_by_frame/north/20260520_210023\frame_007\บางกะปิ.png,7,บางกะปิ,48.45000076293945,54.0,200,ฝนหนัก,3
cropped_districts_by_frame/central/20260520_200001\frame_001\บางกอกน้อย.png,1,บางกอกน้อย,47.6708869934082,61.5,79,ฝนหนัก,3
cropped_districts_by_frame/central/20260504_180001\frame_003\คลองสาน.png,3,คลองสาน,51.5,54.0,4,ฝนหนัก,3
cropped_districts_by_frame/central/20260520_200001\frame_004\ภาษีเจริญ.png,4,ภาษีเจริญ,48.93206405639648,56.5,184,ฝนหนัก,3
cropped_districts_by_frame/north/20260520_210023\frame_000\ยานนาวา.png,0,ยานนาวา,46.446807861328125,54.0,94,ฝนหนัก,3
cropped_districts_by_frame/central/20260312_060001\frame_008\มีนบุรี.png,8,มีนบุรี,46.0952377319336,66.5,105,ฝนหนัก,3
cropped_districts_by_frame/central/20260520_200001\frame_008\บึงกุ่ม.png,8,บึงกุ่ม,53.38461685180664,66.5,65,ฝนหนัก,3
cropped_districts_by_frame/north/20260426_160026\frame_002\หลักสี่.png,2,หลักสี่,55.19047546386719,66.5,147,ฝนหนัก,3
cropped_districts_by_frame/central/20260504_180001\frame_005\ป้อมปราบศัตรูพ่าย.png,5,ป้อมปราบศัตรูพ่าย,54.0,54.0,1,ฝนหนัก,3
cropped_districts_by_frame/north/20260504_160022\frame_010\หนองจอก.png,10,หนองจอก,46.85494995117188,64.0,1141,ฝนหนัก,3
cropped_districts_by_frame/central/20260520_210000\frame_008\ลาดกระบัง.png,8,ลาดกระบัง,48.70477294921875,59.0,398,ฝนหนัก,3
cropped_districts_by_frame/north/20260520_210023\frame_003\วังทองหลาง.png,3,วังทองหลาง,47.40073394775391,56.5,136,ฝนหนัก,3
cropped_districts_by_frame/central/20260504_180001\frame_001\ห้วยขวาง.png,1,ห้วยขวาง,50.08695602416992,64.0,115,ฝนหนัก,3
cropped_districts_by_frame/north/20260426_160026\frame_002\วังทองหลาง.png,2,วังทองหลาง,51.28417205810547,59.0,139,ฝนหนัก,3
cropped_districts_by_frame/central/20260504_160000\frame_008\คันนายาว.png,8,คันนายาว,48.6929817199707,61.5,57,ฝนหนัก,3
cropped_districts_by_frame/north/20260520_210023\frame_008\บางนา.png,8,บางนา,46.47093200683594,54.0,86,ฝนหนัก,3
cropped_districts_by_frame/central/20260317_140002\frame_007\หลักสี่.png,7,หลักสี่,48.469024658203125,54.0,113,ฝนหนัก,3
cropped_districts_by_frame/central/20260508_190000\frame_004\วัฒนา.png,4,วัฒนา,50.31578826904297,56.5,57,ฝนหนัก,3
cropped_districts_by_frame/central/20260505_010001\frame_011\ราษฎร์บูรณะ.png,11,ราษฎร์บูรณะ,54.0,54.0,2,ฝนหนัก,3
cropped_districts_by_frame/central/20260508_190000\frame_004\ห้วยขวาง.png,4,ห้วยขวาง,53.375,64.0,136,ฝนหนัก,3
cropped_districts_by_frame/north/20260507_180025\frame_002\บางคอแหลม.png,2,บางคอแหลม,46.400001525878906,54.0,25,ฝนหนัก,3
cropped_districts_by_frame/central/20260508_190000\frame_006\พญาไท.png,6,พญาไท,47.31460571289063,54.0,89,ฝนหนัก,3
cropped_districts_by_frame/central/20260520_200001\frame_006\ธนบุรี.png,6,ธนบุรี,50.71052551269531,54.0,19,ฝนหนัก,3
cropped_districts_by_frame/central/20260520_200001\frame_007\คลองสาน.png,7,คลองสาน,48.58333206176758,54.0,6,ฝนหนัก,3
cropped_districts_by_frame/central/20260520_200001\frame_004\บางกอกใหญ่.png,4,บางกอกใหญ่,48.66345977783203,56.5,52,ฝนหนัก,3
cropped_districts_by_frame/central/20260504_170000\frame_001\มีนบุรี.png,1,มีนบุรี,50.48648834228516,56.5,37,ฝนหนัก,3
cropped_districts_by_frame/central/20260525_000000\frame_010\ธนบุรี.png,10,ธนบุรี,49.0,54.0,17,ฝนหนัก,3
cropped_districts_by_frame/central/20260505_010001\frame_003\บางพลัด.png,3,บางพลัด,47.62068939208984,54.0,29,ฝนหนัก,3
cropped_districts_by_frame/north/20260312_060023\frame_011\สะพานสูง.png,11,สะพานสูง,47.42687225341797,59.0,294,ฝนหนัก,3
cropped_districts_by_frame/north/20260520_200023\frame_000\บางพลัด.png,0,บางพลัด,45.0,51.5,10,ฝนหนัก,3
cropped_districts_by_frame/central/20260520_210000\frame_002\ยานนาวา.png,2,ยานนาวา,48.46875,54.0,80,ฝนหนัก,3
cropped_districts_by_frame/north/20260504_180023\frame_000\ดุสิต.png,0,ดุสิต,65.66666412353516,66.5,3,ฝนหนัก,3
cropped_districts_by_frame/central/20260504_160000\frame_004\สายไหม.png,4,สายไหม,48.47981262207031,66.5,322,ฝนหนัก,3
cropped_districts_by_frame/north/20260312_070022\frame_002\สะพานสูง.png,2,สะพานสูง,48.206485748291016,59.0,293,ฝนหนัก,3
cropped_districts_by_frame/central/20260520_200001\frame_006\ดุสิต.png,6,ดุสิต,47.75,54.0,28,ฝนหนัก,3
cropped_districts_by_frame/central/20260312_060001\frame_002\ปทุมวัน.png,2,ปทุมวัน,47.87096786499024,56.5,62,ฝนหนัก,3
cropped_districts_by_frame/north/20260312_060023\frame_004\สะพานสูง.png,4,สะพานสูง,48.02972030639648,59.0,286,ฝนหนัก,3
cropped_districts_by_frame/central/20260520_200001\frame_007\ดินแดง.png,7,ดินแดง,49.96154022216797,56.5,91,ฝนหนัก,3
cropped_districts_by_frame/north/20260504_170022\frame_010\ลาดพร้าว.png,10,ลาดพร้าว,46.93560791015625,59.0,132,ฝนหนัก,3
cropped_districts_by_frame/north/20260520_210023\frame_010\มีนบุรี.png,10,มีนบุรี,46.301979064941406,54.0,505,ฝนหนัก,3
cropped_districts_by_frame/north/20260426_160026\frame_001\หลักสี่.png,1,หลักสี่,52.36614227294922,64.0,127,ฝนหนัก,3
cropped_districts_by_frame/central/20260504_160000\frame_008\หลักสี่.png,8,หลักสี่,46.04545593261719,54.0,110,ฝนหนัก,3
cropped_districts_by_frame/north/20260510_010023\frame_000\บางคอแหลม.png,0,บางคอแหลม,45.75925827026367,54.0,27,ฝนหนัก,3
cropped_districts_by_frame/central/20260520_210000\frame_006\บางนา.png,6,บางนา,45.477272033691406,54.0,44,ฝนหนัก,3
cropped_districts_by_frame/central/20260504_160000\frame_001\หลักสี่.png,1,หลักสี่,47.786766052246094,66.5,68,ฝนหนัก,3
cropped_districts_by_frame/central/20260520_200001\frame_003\หนองแขม.png,3,หนองแขม,47.21232986450195,59.0,365,ฝนหนัก,3
cropped_districts_by_frame/north/20260510_010023\frame_000\บางแค.png,0,บางแค,49.83806991577149,61.5,176,ฝนหนัก,3
cropped_districts_by_frame/north/20260520_210023\frame_004\สาทร.png,4,สาทร,45.78571319580078,54.0,14,ฝนหนัก,3
cropped_districts_by_frame/central/20260525_010000\frame_003\บางรัก.png,3,บางรัก,46.5,54.0,19,ฝนหนัก,3
cropped_districts_by_frame/north/20260520_200023\frame_009\ธนบุรี.png,9,ธนบุรี,51.72222137451172,56.5,45,ฝนหนัก,3
cropped_districts_by_frame/central/20260504_180001\frame_003\สาทร.png,3,สาทร,51.5,56.5,9,ฝนหนัก,3
cropped_districts_by_frame/central/20260520_210000\frame_001\ป้อมปราบศัตรูพ่าย.png,1,ป้อมปราบศัตรูพ่าย,50.875,54.0,4,ฝนหนัก,3
cropped_districts_by_frame/north/20260520_200023\frame_011\ป้อมปราบศัตรูพ่าย.png,11,ป้อมปราบศัตรูพ่าย,49.5,54.0,15,ฝนหนัก,3
cropped_districts_by_frame/central/20260520_210000\frame_006\คันนายาว.png,6,คันนายาว,45.931373596191406,59.0,255,ฝนหนัก,3
cropped_districts_by_frame/central/20260520_210000\frame_002\ราชเทวี.png,2,ราชเทวี,46.27611923217773,54.0,67,ฝนหนัก,3
cropped_districts_by_frame/central/20260504_180001\frame_000\ห้วยขวาง.png,0,ห้วยขวาง,46.193878173828125,56.5,98,ฝนหนัก,3
cropped_districts_by_frame/central/20260520_200001\frame_005\ดินแดง.png,5,ดินแดง,47.10810852050781,59.0,37,ฝนหนัก,3
cropped_districts_by_frame/north/20260504_180023\frame_004\ทวีวัฒนา.png,4,ทวีวัฒนา,45.56626510620117,54.0,83,ฝนหนัก,3
cropped_districts_by_frame/central/20260520_210000\frame_004\สวนหลวง.png,4,สวนหลวง,50.34146499633789,66.5,164,ฝนหนัก,3
cropped_districts_by_frame/central/20260312_060001\frame_000\พระโขนง.png,0,พระโขนง,45.74757385253906,54.0,103,ฝนหนัก,3
cropped_districts_by_frame/central/20260525_010000\frame_003\คลองสาน.png,3,คลองสาน,46.5,54.0,7,ฝนหนัก,3
cropped_districts_by_frame/central/20260520_200001\frame_002\บางซื่อ.png,2,บางซื่อ,45.33720779418945,59.0,86,ฝนหนัก,3
cropped_districts_by_frame/central/20260504_180001\frame_005\ปทุมวัน.png,5,ปทุมวัน,47.41954040527344,54.0,87,ฝนหนัก,3
cropped_districts_by_frame/central/20260312_060001\frame_010\วัฒนา.png,10,วัฒนา,49.75,59.0,60,ฝนหนัก,3
cropped_districts_by_frame/central/20260520_210000\frame_003\วัฒนา.png,3,วัฒนา,50.37323760986328,54.0,71,ฝนหนัก,3
cropped_districts_by_frame/central/20260520_200001\frame_011\คลองเตย.png,11,คลองเตย,46.64706039428711,56.5,68,ฝนหนัก,3
cropped_districts_by_frame/central/20260520_200001\frame_001\หนองแขม.png,1,หนองแขม,45.5851936340332,56.5,358,ฝนหนัก,3
cropped_districts_by_frame/central/20260520_200001\frame_011\ราษฎร์บูรณะ.png,11,ราษฎร์บูรณะ,50.79245376586914,56.5,53,ฝนหนัก,3
cropped_districts_by_frame/central/20260520_210000\frame_008\มีนบุรี.png,8,มีนบุรี,47.29255294799805,56.5,470,ฝนหนัก,3
cropped_districts_by_frame/north/20260312_060023\frame_000\บางคอแหลม.png,0,บางคอแหลม,45.81818008422852,51.5,22,ฝนหนัก,3
cropped_districts_by_frame/north/20260504_160022\frame_001\ดอนเมือง.png,1,ดอนเมือง,47.09294891357422,59.0,312,ฝนหนัก,3
cropped_districts_by_frame/central/20260508_190000\frame_004\บางกะปิ.png,4,บางกะปิ,45.14457702636719,54.0,249,ฝนหนัก,3
cropped_districts_by_frame/north/20260520_210023\frame_002\คลองเตย.png,2,คลองเตย,50.5206184387207,56.5,97,ฝนหนัก,3
cropped_districts_by_frame/central/20260520_200001\frame_004\พระนคร.png,4,พระนคร,54.43478393554688,56.5,23,ฝนหนัก,3
cropped_districts_by_frame/north/20260504_160022\frame_004\ดอนเมือง.png,4,ดอนเมือง,47.81134796142578,59.0,326,ฝนหนัก,3
cropped_districts_by_frame/north/20260504_180023\frame_002\ราชเทวี.png,2,ราชเทวี,47.94736862182617,54.0,57,ฝนหนัก,3
cropped_districts_by_frame/central/20260504_180001\frame_006\บางรัก.png,6,บางรัก,45.578948974609375,51.5,19,ฝนหนัก,3
cropped_districts_by_frame/north/20260312_060023\frame_001\ราชเทวี.png,1,ราชเทวี,46.5,51.5,4,ฝนหนัก,3
cropped_districts_by_frame/central/20260525_000000\frame_006\ทวีวัฒนา.png,6,ทวีวัฒนา,45.9140625,56.5,64,ฝนหนัก,3
cropped_districts_by_frame/north/20260504_170022\frame_009\ประเวศ.png,9,ประเวศ,45.636905670166016,59.0,84,ฝนหนัก,3
cropped_districts_by_frame/north/20260504_160022\frame_004\หลักสี่.png,4,หลักสี่,45.57327651977539,54.0,116,ฝนหนัก,3
cropped_districts_by_frame/central/20260508_190000\frame_008\ราชเทวี.png,8,ราชเทวี,47.51063919067383,54.0,47,ฝนหนัก,3
cropped_districts_by_frame/central/20260504_180001\frame_008\พญาไท.png,8,พญาไท,46.1875,54.0,88,ฝนหนัก,3
cropped_districts_by_frame/central/20260520_200001\frame_009\บางกอกใหญ่.png,9,บางกอกใหญ่,53.509803771972656,59.0,51,ฝนหนัก,3
cropped_districts_by_frame/central/20260520_200001\frame_009\คันนายาว.png,9,คันนายาว,48.36781692504883,59.0,87,ฝนหนัก,3
cropped_districts_by_frame/central/20260317_140002\frame_000\สายไหม.png,0,สายไหม,46.40802764892578,59.0,299,ฝนหนัก,3
cropped_districts_by_frame/central/20260520_200001\frame_011\บึงกุ่ม.png,11,บึงกุ่ม,45.7164192199707,56.5,201,ฝนหนัก,3
cropped_districts_by_frame/north/20260510_010023\frame_000\คลองสาน.png,0,คลองสาน,46.5,46.5,1,ฝนหนัก,3
cropped_districts_by_frame/north/20260508_190023\frame_004\วังทองหลาง.png,4,วังทองหลาง,49.31021881103516,56.5,137,ฝนหนัก,3
cropped_districts_by_frame/central/20260508_190000\frame_007\ดุสิต.png,7,ดุสิต,47.54838562011719,54.0,31,ฝนหนัก,3
cropped_districts_by_frame/north/20260507_180025\frame_005\บางคอแหลม.png,5,บางคอแหลม,49.0,54.0,3,ฝนหนัก,3
cropped_districts_by_frame/central/20260520_200001\frame_011\ปทุมวัน.png,11,ปทุมวัน,47.81097412109375,56.5,82,ฝนหนัก,3
cropped_districts_by_frame/central/20260525_010000\frame_007\บางนา.png,7,บางนา,48.11111068725586,54.0,45,ฝนหนัก,3
cropped_districts_by_frame/central/20260504_180001\frame_005\บางรัก.png,5,บางรัก,48.28571319580078,51.5,14,ฝนหนัก,3
cropped_districts_by_frame/north/20260520_210023\frame_003\ทุ่งครุ.png,3,ทุ่งครุ,45.74394989013672,54.0,248,ฝนหนัก,3
cropped_districts_by_frame/central/20260312_070000\frame_006\มีนบุรี.png,6,มีนบุรี,45.275169372558594,66.5,447,ฝนหนัก,3
cropped_districts_by_frame/central/20260525_000000\frame_011\บางกอกใหญ่.png,11,บางกอกใหญ่,48.72222137451172,64.0,45,ฝนหนัก,3
cropped_districts_by_frame/central/20260504_180001\frame_001\ดินแดง.png,1,ดินแดง,49.71428680419922,64.0,70,ฝนหนัก,3
cropped_districts_by_frame/central/20260508_190000\frame_006\บางกอกใหญ่.png,6,บางกอกใหญ่,45.12068939208984,54.0,29,ฝนหนัก,3
cropped_districts_by_frame/north/20260508_190023\frame_000\สะพานสูง.png,0,สะพานสูง,51.99137878417969,59.0,290,ฝนหนัก,3
cropped_districts_by_frame/north/20260504_170022\frame_001\คลองสามวา.png,1,คลองสามวา,45.984375,66.5,960,ฝนหนัก,3
cropped_districts_by_frame/central/20260505_010001\frame_002\บางคอแหลม.png,2,บางคอแหลม,49.0,56.5,16,ฝนหนัก,3
cropped_districts_by_frame/central/20260504_180001\frame_001\บางกะปิ.png,1,บางกะปิ,48.87154006958008,56.5,253,ฝนหนัก,3
cropped_districts_by_frame/north/20260508_190023\frame_007\บางกอกน้อย.png,7,บางกอกน้อย,49.81730651855469,56.5,104,ฝนหนัก,3
cropped_districts_by_frame/central/20260508_190000\frame_011\บางแค.png,11,บางแค,47.35483932495117,61.5,155,ฝนหนัก,3
cropped_districts_by_frame/north/20260520_210023\frame_002\วังทองหลาง.png,2,วังทองหลาง,48.10447692871094,54.0,134,ฝนหนัก,3
cropped_districts_by_frame/central/20260504_180001\frame_001\วังทองหลาง.png,1,วังทองหลาง,47.55519485473633,56.5,154,ฝนหนัก,3
cropped_districts_by_frame/central/20260525_000000\frame_011\บางแค.png,11,บางแค,45.46484375,66.5,384,ฝนหนัก,3
cropped_districts_by_frame/north/20260504_170022\frame_007\บางกะปิ.png,7,บางกะปิ,47.091217041015625,66.5,148,ฝนหนัก,3
cropped_districts_by_frame/central/20260523_020000\frame_001\พญาไท.png,1,พญาไท,46.80821990966797,51.5,73,ฝนหนัก,3
cropped_districts_by_frame/central/20260520_200001\frame_007\ธนบุรี.png,7,ธนบุรี,51.5,59.0,24,ฝนหนัก,3
cropped_districts_by_frame/north/20260508_190023\frame_000\บึงกุ่ม.png,0,บึงกุ่ม,45.2192611694336,54.0,244,ฝนหนัก,3
cropped_districts_by_frame/central/20260508_190000\frame_004\วังทองหลาง.png,4,วังทองหลาง,50.960784912109375,59.0,153,ฝนหนัก,3
cropped_districts_by_frame/central/20260520_210000\frame_005\บางกะปิ.png,5,บางกะปิ,50.35330581665039,64.0,242,ฝนหนัก,3
cropped_districts_by_frame/central/20260520_200001\frame_008\พระนคร.png,8,พระนคร,46.364864349365234,54.0,37,ฝนหนัก,3
cropped_districts_by_frame/north/20260520_200023\frame_011\ราษฎร์บูรณะ.png,11,ราษฎร์บูรณะ,47.445945739746094,54.0,74,ฝนหนัก,3
cropped_districts_by_frame/north/20260312_060023\frame_005\บางกะปิ.png,5,บางกะปิ,48.39265441894531,64.0,177,ฝนหนัก,3
cropped_districts_by_frame/central/20260525_010000\frame_006\บางนา.png,6,บางนา,47.85869598388672,61.5,46,ฝนหนัก,3
cropped_districts_by_frame/central/20260520_210000\frame_007\มีนบุรี.png,7,มีนบุรี,46.333744049072266,64.0,406,ฝนหนัก,3
cropped_districts_by_frame/north/20260504_180023\frame_003\ราชเทวี.png,3,ราชเทวี,45.3636360168457,54.0,55,ฝนหนัก,3
cropped_districts_by_frame/central/20260520_210000\frame_004\ห้วยขวาง.png,4,ห้วยขวาง,45.15942001342773,54.0,138,ฝนหนัก,3
cropped_districts_by_frame/central/20260504_180001\frame_004\ดุสิต.png,4,ดุสิต,45.66666793823242,56.5,24,ฝนหนัก,3
cropped_districts_by_frame/central/20260504_180001\frame_005\จตุจักร.png,5,จตุจักร,47.28467178344727,56.5,274,ฝนหนัก,3
cropped_districts_by_frame/central/20260504_180001\frame_004\วัฒนา.png,4,วัฒนา,48.82638931274414,54.0,72,ฝนหนัก,3
cropped_districts_by_frame/north/20260504_180023\frame_001\บางรัก.png,1,บางรัก,62.05555725097656,66.5,9,ฝนหนัก,3
cropped_districts_by_frame/north/20260504_170022\frame_003\หนองจอก.png,3,หนองจอก,45.36109924316406,64.0,2239,ฝนหนัก,3
cropped_districts_by_frame/north/20260504_180023\frame_001\ลาดพร้าว.png,1,ลาดพร้าว,45.61516952514648,56.5,178,ฝนหนัก,3
cropped_districts_by_frame/central/20260520_210000\frame_004\วังทองหลาง.png,4,วังทองหลาง,46.60736083984375,54.0,163,ฝนหนัก,3
cropped_districts_by_frame/central/20260312_070000\frame_008\หนองจอก.png,8,หนองจอก,47.772727966308594,59.0,110,ฝนหนัก,3
cropped_districts_by_frame/central/20260520_210000\frame_004\บางรัก.png,4,บางรัก,47.5,54.0,20,ฝนหนัก,3
cropped_districts_by_frame/central/20260504_180001\frame_006\บางกอกใหญ่.png,6,บางกอกใหญ่,48.09999847412109,56.5,50,ฝนหนัก,3
cropped_districts_by_frame/central/20260520_200001\frame_010\สาทร.png,10,สาทร,47.66279220581055,56.5,43,ฝนหนัก,3
cropped_districts_by_frame/north/20260520_210023\frame_001\ดุสิต.png,1,ดุสิต,46.27941131591797,54.0,34,ฝนหนัก,3
cropped_districts_by_frame/north/20260520_210023\frame_003\ห้วยขวาง.png,3,ห้วยขวาง,45.98170852661133,56.5,164,ฝนหนัก,3
cropped_districts_by_frame/north/20260312_060023\frame_010\ห้วยขวาง.png,10,ห้วยขวาง,45.24242401123047,54.0,165,ฝนหนัก,3
cropped_districts_by_frame/central/20260312_060001\frame_004\บางรัก.png,4,บางรัก,46.5,54.0,20,ฝนหนัก,3
cropped_districts_by_frame/central/20260312_060001\frame_002\วัฒนา.png,2,วัฒนา,50.21710586547852,54.0,76,ฝนหนัก,3
cropped_districts_by_frame/north/20260504_180023\frame_000\ลาดพร้าว.png,0,ลาดพร้าว,45.621620178222656,56.5,185,ฝนหนัก,3
cropped_districts_by_frame/central/20260504_180001\frame_001\สะพานสูง.png,1,สะพานสูง,45.43939208984375,54.0,297,ฝนหนัก,3
cropped_districts_by_frame/central/20260312_060001\frame_007\บึงกุ่ม.png,7,บึงกุ่ม,47.01948165893555,59.0,77,ฝนหนัก,3
cropped_districts_by_frame/north/20260504_180023\frame_000\ราชเทวี.png,0,ราชเทวี,58.71154022216797,66.5,52,ฝนหนัก,3
cropped_districts_by_frame/central/20260520_200001\frame_003\พระนคร.png,3,พระนคร,47.33333206176758,54.0,27,ฝนหนัก,3
cropped_districts_by_frame/central/20260520_210000\frame_002\วังทองหลาง.png,2,วังทองหลาง,47.885135650634766,56.5,148,ฝนหนัก,3
cropped_districts_by_frame/central/20260520_210000\frame_011\มีนบุรี.png,11,มีนบุรี,45.24747467041016,54.0,495,ฝนหนัก,3
cropped_districts_by_frame/central/20260520_210000\frame_002\ป้อมปราบศัตรูพ่าย.png,2,ป้อมปราบศัตรูพ่าย,49.0,54.0,5,ฝนหนัก,3
cropped_districts_by_frame/central/20260520_200001\frame_006\สัมพันธวงศ์.png,6,สัมพันธวงศ์,54.0,54.0,2,ฝนหนัก,3
cropped_districts_by_frame/central/20260525_010000\frame_003\บางกอกใหญ่.png,3,บางกอกใหญ่,45.60714340209961,54.0,56,ฝนหนัก,3
cropped_districts_by_frame/central/20260218_120002\frame_009\บางบอน.png,9,บางบอน,48.310035705566406,66.5,279,ฝนหนัก,3
cropped_districts_by_frame/central/20260520_200001\frame_010\วังทองหลาง.png,10,วังทองหลาง,49.096153259277344,56.5,156,ฝนหนัก,3
cropped_districts_by_frame/central/20260520_210000\frame_003\วังทองหลาง.png,3,วังทองหลาง,48.75328826904297,56.5,152,ฝนหนัก,3
cropped_districts_by_frame/central/20260525_010000\frame_002\บางกอกใหญ่.png,2,บางกอกใหญ่,48.64912414550781,56.5,57,ฝนหนัก,3
cropped_districts_by_frame/north/20260520_210023\frame_005\สวนหลวง.png,5,สวนหลวง,48.71938705444336,54.0,98,ฝนหนัก,3
cropped_districts_by_frame/north/20260312_060023\frame_004\บางกะปิ.png,4,บางกะปิ,46.610496520996094,59.0,181,ฝนหนัก,3
cropped_districts_by_frame/north/20260502_070026\frame_002\วังทองหลาง.png,2,วังทองหลาง,46.578125,56.5,128,ฝนหนัก,3
cropped_districts_by_frame/north/20260504_170022\frame_005\มีนบุรี.png,5,มีนบุรี,50.96907043457031,66.5,485,ฝนหนัก,3
cropped_districts_by_frame/central/20260508_190000\frame_007\บางกอกน้อย.png,7,บางกอกน้อย,45.21739196777344,56.5,115,ฝนหนัก,3
cropped_districts_by_frame/north/20260508_180027\frame_005\คลองสามวา.png,5,คลองสามวา,47.91471099853516,64.0,1108,ฝนหนัก,3
cropped_districts_by_frame/north/20260312_070022\frame_000\สะพานสูง.png,0,สะพานสูง,48.41225051879883,64.0,302,ฝนหนัก,3
cropped_districts_by_frame/central/20260312_060001\frame_009\สะพานสูง.png,9,สะพานสูง,47.19023513793945,59.0,297,ฝนหนัก,3
cropped_districts_by_frame/central/20260520_200001\frame_003\ภาษีเจริญ.png,3,ภาษีเจริญ,50.6184196472168,59.0,190,ฝนหนัก,3
cropped_districts_by_frame/central/20260520_210000\frame_000\ราชเทวี.png,0,ราชเทวี,48.04411697387695,54.0,68,ฝนหนัก,3
cropped_districts_by_frame/central/20260520_200001\frame_006\บางบอน.png,6,บางบอน,47.931400299072266,59.0,379,ฝนหนัก,3
cropped_districts_by_frame/central/20260312_060001\frame_011\สะพานสูง.png,11,สะพานสูง,45.213356018066406,56.5,307,ฝนหนัก,3
cropped_districts_by_frame/central/20260520_200001\frame_007\ดุสิต.png,7,ดุสิต,46.5,54.0,26,ฝนหนัก,3
cropped_districts_by_frame/north/20260520_210023\frame_001\ห้วยขวาง.png,1,ห้วยขวาง,45.55882263183594,54.0,170,ฝนหนัก,3
cropped_districts_by_frame/central/20260520_200001\frame_008\ดินแดง.png,8,ดินแดง,50.016483306884766,56.5,91,ฝนหนัก,3
cropped_districts_by_frame/central/20260504_160000\frame_005\ดอนเมือง.png,5,ดอนเมือง,46.421875,59.0,352,ฝนหนัก,3
cropped_districts_by_frame/central/20260504_180001\frame_003\บางกอกน้อย.png,3,บางกอกน้อย,48.880950927734375,64.0,105,ฝนหนัก,3
cropped_districts_by_frame/north/20260520_210023\frame_005\ราชเทวี.png,5,ราชเทวี,45.06060791015625,54.0,33,ฝนหนัก,3
cropped_districts_by_frame/north/20260312_060023\frame_009\ห้วยขวาง.png,9,ห้วยขวาง,46.24851989746094,56.5,169,ฝนหนัก,3
cropped_districts_by_frame/central/20260520_200001\frame_009\คลองสาน.png,9,คลองสาน,50.42856979370117,54.0,7,ฝนหนัก,3
cropped_districts_by_frame/central/20260520_210000\frame_004\มีนบุรี.png,4,มีนบุรี,48.10714340209961,59.0,168,ฝนหนัก,3
cropped_districts_by_frame/central/20260520_200001\frame_005\ตลิ่งชัน.png,5,ตลิ่งชัน,45.31696319580078,56.5,336,ฝนหนัก,3
cropped_districts_by_frame/north/20260508_190023\frame_008\บางพลัด.png,8,บางพลัด,45.581634521484375,54.0,49,ฝนหนัก,3
cropped_districts_by_frame/north/20260426_160026\frame_005\หลักสี่.png,5,หลักสี่,47.846153259277344,56.5,169,ฝนหนัก,3
cropped_districts_by_frame/north/20260504_180023\frame_003\บางกอกน้อย.png,3,บางกอกน้อย,51.15827178955078,59.0,139,ฝนหนัก,3
cropped_districts_by_frame/central/20260505_010001\frame_002\บางพลัด.png,2,บางพลัด,46.065216064453125,56.5,23,ฝนหนัก,3
cropped_districts_by_frame/central/20260520_200001\frame_011\พระนคร.png,11,พระนคร,50.47058868408203,54.0,34,ฝนหนัก,3
cropped_districts_by_frame/north/20260504_170022\frame_009\บางกะปิ.png,9,บางกะปิ,55.65803146362305,66.5,193,ฝนหนัก,3
cropped_districts_by_frame/central/20260520_200001\frame_009\บึงกุ่ม.png,9,บึงกุ่ม,49.56034469604492,59.0,116,ฝนหนัก,3
cropped_districts_by_frame/north/20260520_200023\frame_010\พระนคร.png,10,พระนคร,49.9375,54.0,16,ฝนหนัก,3
cropped_districts_by_frame/north/20260312_060023\frame_001\สาทร.png,1,สาทร,49.27777862548828,54.0,18,ฝนหนัก,3
cropped_districts_by_frame/central/20260312_070000\frame_000\คลองเตย.png,0,คลองเตย,45.0,54.0,95,ฝนหนัก,3
cropped_districts_by_frame/north/20260504_180023\frame_000\สัมพันธวงศ์.png,0,สัมพันธวงศ์,56.5,56.5,4,ฝนหนัก,3
cropped_districts_by_frame/central/20260312_070000\frame_000\สะพานสูง.png,0,สะพานสูง,45.06779479980469,61.5,295,ฝนหนัก,3
cropped_districts_by_frame/north/20260312_060023\frame_001\บางรัก.png,1,บางรัก,47.4375,54.0,8,ฝนหนัก,3
cropped_districts_by_frame/central/20260520_210000\frame_000\พระนคร.png,0,พระนคร,49.68965530395508,54.0,29,ฝนหนัก,3
cropped_districts_by_frame/central/20260312_060001\frame_000\ยานนาวา.png,0,ยานนาวา,46.21519088745117,54.0,79,ฝนหนัก,3
cropped_districts_by_frame/central/20260520_200001\frame_008\บางรัก.png,8,บางรัก,46.3684196472168,54.0,19,ฝนหนัก,3
cropped_districts_by_frame/central/20260520_210000\frame_007\สวนหลวง.png,7,สวนหลวง,45.31818008422852,54.0,165,ฝนหนัก,3
cropped_districts_by_frame/central/20260312_060001\frame_004\สะพานสูง.png,4,สะพานสูง,45.732757568359375,61.5,290,ฝนหนัก,3
cropped_districts_by_frame/central/20260520_200001\frame_004\ธนบุรี.png,4,ธนบุรี,48.761905670166016,54.0,21,ฝนหนัก,3
cropped_districts_by_frame/north/20260312_060023\frame_010\สะพานสูง.png,10,สะพานสูง,47.04770278930664,59.0,283,ฝนหนัก,3
cropped_districts_by_frame/north/20260520_200023\frame_008\บางกะปิ.png,8,บางกะปิ,47.54166793823242,54.0,12,ฝนหนัก,3
cropped_districts_by_frame/central/20260520_210000\frame_008\สะพานสูง.png,8,สะพานสูง,51.12025451660156,56.5,316,ฝนหนัก,3
cropped_districts_by_frame/north/20260520_210023\frame_005\วัฒนา.png,5,วัฒนา,46.44117736816406,54.0,85,ฝนหนัก,3
cropped_districts_by_frame/central/20260520_200001\frame_010\บางกอกใหญ่.png,10,บางกอกใหญ่,48.1363639831543,54.0,55,ฝนหนัก,3
cropped_districts_by_frame/central/20260520_200001\frame_010\บางคอแหลม.png,10,บางคอแหลม,53.48717880249024,56.5,39,ฝนหนัก,3
cropped_districts_by_frame/central/20260520_200001\frame_006\คลองสาน.png,6,คลองสาน,48.16666793823242,54.0,3,ฝนหนัก,3
cropped_districts_by_frame/north/20260520_210023\frame_002\ยานนาวา.png,2,ยานนาวา,46.783504486083984,54.0,97,ฝนหนัก,3
cropped_districts_by_frame/central/20260520_210000\frame_007\คันนายาว.png,7,คันนายาว,45.61538314819336,56.5,260,ฝนหนัก,3
cropped_districts_by_frame/central/20260508_190000\frame_006\ห้วยขวาง.png,6,ห้วยขวาง,45.5217399597168,56.5,115,ฝนหนัก,3
cropped_districts_by_frame/central/20260504_180001\frame_009\ทวีวัฒนา.png,9,ทวีวัฒนา,51.62422180175781,66.5,322,ฝนหนัก,3
cropped_districts_by_frame/central/20260520_200001\frame_003\บางพลัด.png,3,บางพลัด,45.287879943847656,54.0,33,ฝนหนัก,3
cropped_districts_by_frame/central/20260218_120002\frame_000\ทวีวัฒนา.png,0,ทวีวัฒนา,45.0,46.5,5,ฝนหนัก,3
cropped_districts_by_frame/central/20260218_130000\frame_003\หนองแขม.png,3,หนองแขม,49.60546875,66.5,128,ฝนหนัก,3
cropped_districts_by_frame/north/20260508_170022\frame_006\สายไหม.png,6,สายไหม,51.5,51.5,2,ฝนหนัก,3
cropped_districts_by_frame/central/20260508_190000\frame_005\บางกอกใหญ่.png,5,บางกอกใหญ่,46.890625,56.5,32,ฝนหนัก,3
cropped_districts_by_frame/central/20260520_200001\frame_007\ภาษีเจริญ.png,7,ภาษีเจริญ,48.13563919067383,56.5,188,ฝนหนัก,3
cropped_districts_by_frame/central/20260504_180001\frame_006\บางกอกน้อย.png,6,บางกอกน้อย,52.012821197509766,59.0,117,ฝนหนัก,3
cropped_districts_by_frame/central/20260520_210000\frame_003\บางกะปิ.png,3,บางกะปิ,46.75380706787109,59.0,197,ฝนหนัก,3
cropped_districts_by_frame/north/20260520_210023\frame_009\พระโขนง.png,9,พระโขนง,45.375,54.0,100,ฝนหนัก,3
cropped_districts_by_frame/central/20260520_210000\frame_001\คลองเตย.png,1,คลองเตย,52.49431991577149,66.5,88,ฝนหนัก,3
cropped_districts_by_frame/north/20260510_010023\frame_002\คลองสาน.png,2,คลองสาน,48.16666793823242,54.0,3,ฝนหนัก,3
cropped_districts_by_frame/central/20260508_190000\frame_006\ดินแดง.png,6,ดินแดง,52.52941131591797,56.5,85,ฝนหนัก,3
cropped_districts_by_frame/north/20260226_170024\frame_002\ทวีวัฒนา.png,2,ทวีวัฒนา,49.0,51.5,4,ฝนหนัก,3
cropped_districts_by_frame/central/20260520_200001\frame_006\ป้อมปราบศัตรูพ่าย.png,6,ป้อมปราบศัตรูพ่าย,51.91666793823242,54.0,6,ฝนหนัก,3
cropped_districts_by_frame/north/20260504_160022\frame_000\ดอนเมือง.png,0,ดอนเมือง,45.17753601074219,64.0,276,ฝนหนัก,3
cropped_districts_by_frame/central/20260520_200001\frame_010\คันนายาว.png,10,คันนายาว,46.32558059692383,59.0,172,ฝนหนัก,3
cropped_districts_by_frame/north/20260508_190023\frame_004\บางรัก.png,4,บางรัก,49.83333206176758,54.0,3,ฝนหนัก,3
cropped_districts_by_frame/north/20260504_180023\frame_003\คลองสาน.png,3,คลองสาน,63.16666793823242,66.5,3,ฝนหนัก,3
cropped_districts_by_frame/central/20260508_190000\frame_001\คันนายาว.png,1,คันนายาว,45.66977691650391,54.0,268,ฝนหนัก,3
cropped_districts_by_frame/central/20260312_060001\frame_001\สะพานสูง.png,1,สะพานสูง,45.08885192871094,64.0,287,ฝนหนัก,3
cropped_districts_by_frame/central/20260523_010000\frame_005\สัมพันธวงศ์.png,5,สัมพันธวงศ์,51.5,51.5,1,ฝนหนัก,3
cropped_districts_by_frame/central/20260312_060001\frame_005\บางกะปิ.png,5,บางกะปิ,45.45196533203125,59.0,229,ฝนหนัก,3
cropped_districts_by_frame/central/20260504_160000\frame_007\หลักสี่.png,7,หลักสี่,46.34234237670898,54.0,111,ฝนหนัก,3
cropped_districts_by_frame/central/20260312_060001\frame_008\สะพานสูง.png,8,สะพานสูง,49.14240646362305,64.0,316,ฝนหนัก,3
cropped_districts_by_frame/central/20260520_200001\frame_009\ดินแดง.png,9,ดินแดง,49.61170196533203,56.5,94,ฝนหนัก,3
cropped_districts_by_frame/central/20260504_180001\frame_006\พระนคร.png,6,พระนคร,50.69355010986328,54.0,31,ฝนหนัก,3
cropped_districts_by_frame/central/20260504_180001\frame_000\สวนหลวง.png,0,สวนหลวง,45.80555725097656,56.5,108,ฝนหนัก,3
cropped_districts_by_frame/central/20260523_010000\frame_009\บางรัก.png,9,บางรัก,48.6875,54.0,8,ฝนหนัก,3
cropped_districts_by_frame/central/20260523_010000\frame_004\คลองสาน.png,4,คลองสาน,51.5,54.0,6,ฝนหนัก,3
cropped_districts_by_frame/central/20260520_200001\frame_009\ป้อมปราบศัตรูพ่าย.png,9,ป้อมปราบศัตรูพ่าย,49.0,54.0,3,ฝนหนัก,3
cropped_districts_by_frame/central/20260312_070000\frame_002\คันนายาว.png,2,คันนายาว,48.20967864990234,56.5,155,ฝนหนัก,3
cropped_districts_by_frame/north/20260510_010023\frame_000\ภาษีเจริญ.png,0,ภาษีเจริญ,48.5216064453125,56.5,162,ฝนหนัก,3
cropped_districts_by_frame/central/20260520_200001\frame_011\จอมทอง.png,11,จอมทอง,46.9455451965332,54.0,202,ฝนหนัก,3
cropped_districts_by_frame/north/20260312_060023\frame_000\สาทร.png,0,สาทร,50.59090805053711,54.0,22,ฝนหนัก,3
cropped_districts_by_frame/central/20260520_210000\frame_003\บางคอแหลม.png,3,บางคอแหลม,46.92856979370117,51.5,35,ฝนหนัก,3
cropped_districts_by_frame/central/20260520_210000\frame_000\วังทองหลาง.png,0,วังทองหลาง,49.26845550537109,56.5,149,ฝนหนัก,3
cropped_districts_by_frame/central/20260520_210000\frame_004\คลองสาน.png,4,คลองสาน,45.66666793823242,46.5,6,ฝนหนัก,3
cropped_districts_by_frame/central/20260520_200001\frame_005\หนองแขม.png,5,หนองแขม,46.213897705078125,54.0,367,ฝนหนัก,3
cropped_districts_by_frame/central/20260520_200001\frame_007\สายไหม.png,7,สายไหม,45.59999847412109,66.5,50,ฝนหนัก,3
cropped_districts_by_frame/north/20260504_170022\frame_003\มีนบุรี.png,3,มีนบุรี,54.31653594970703,66.5,387,ฝนหนัก,3
cropped_districts_by_frame/central/20260520_210000\frame_004\บึงกุ่ม.png,4,บึงกุ่ม,47.66740036010742,59.0,227,ฝนหนัก,3
cropped_districts_by_frame/north/20260520_200023\frame_011\บางคอแหลม.png,11,บางคอแหลม,50.66666793823242,54.0,30,ฝนหนัก,3
cropped_districts_by_frame/north/20260426_160026\frame_000\ลาดพร้าว.png,0,ลาดพร้าว,48.823368072509766,59.0,184,ฝนหนัก,3
cropped_districts_by_frame/north/20260312_060023\frame_007\สะพานสูง.png,7,สะพานสูง,49.19736862182617,59.0,304,ฝนหนัก,3
cropped_districts_by_frame/central/20260520_200001\frame_005\ธนบุรี.png,5,ธนบุรี,50.875,56.5,28,ฝนหนัก,3
cropped_districts_by_frame/central/20260524_030001\frame_010\สัมพันธวงศ์.png,10,สัมพันธวงศ์,49.0,54.0,3,ฝนหนัก,3
cropped_districts_by_frame/central/20260312_060001\frame_010\สะพานสูง.png,10,สะพานสูง,45.44444274902344,59.0,315,ฝนหนัก,3
cropped_districts_by_frame/north/20260508_180027\frame_004\มีนบุรี.png,4,มีนบุรี,48.57182312011719,64.0,362,ฝนหนัก,3
cropped_districts_by_frame/central/20260504_160000\frame_002\ดอนเมือง.png,2,ดอนเมือง,49.69488906860352,66.5,313,ฝนหนัก,3
cropped_districts_by_frame/north/20260312_070022\frame_003\มีนบุรี.png,3,มีนบุรี,48.72850799560547,64.0,442,ฝนหนัก,3
cropped_districts_by_frame/central/20260520_200001\frame_003\คลองสาน.png,3,คลองสาน,49.0,54.0,3,ฝนหนัก,3
cropped_districts_by_frame/north/20260504_170022\frame_006\มีนบุรี.png,6,มีนบุรี,50.44270706176758,66.5,480,ฝนหนัก,3
cropped_districts_by_frame/central/20260508_190000\frame_005\พระนคร.png,5,พระนคร,50.296295166015625,54.0,27,ฝนหนัก,3
cropped_districts_by_frame/north/20260520_200023\frame_009\บางกอกน้อย.png,9,บางกอกน้อย,48.64788818359375,54.0,142,ฝนหนัก,3
cropped_districts_by_frame/central/20260520_210000\frame_002\บึงกุ่ม.png,2,บึงกุ่ม,48.49308776855469,59.0,217,ฝนหนัก,3
cropped_districts_by_frame/north/20260507_180025\frame_002\บางพลัด.png,2,บางพลัด,45.1363639831543,54.0,22,ฝนหนัก,3
cropped_districts_by_frame/central/20260504_180001\frame_004\ราชเทวี.png,4,ราชเทวี,54.48387145996094,59.0,62,ฝนหนัก,3
cropped_districts_by_frame/central/20260520_210000\frame_006\บางกะปิ.png,6,บางกะปิ,50.84917449951172,56.5,242,ฝนหนัก,3
cropped_districts_by_frame/central/20260520_210000\frame_000\บางกอกใหญ่.png,0,บางกอกใหญ่,45.25,54.0,52,ฝนหนัก,3
cropped_districts_by_frame/central/20260504_160000\frame_008\สายไหม.png,8,สายไหม,47.24712753295898,64.0,348,ฝนหนัก,3
cropped_districts_by_frame/central/20260520_200001\frame_011\สาทร.png,11,สาทร,53.71590805053711,56.5,44,ฝนหนัก,3
cropped_districts_by_frame/central/20260523_020000\frame_006\สายไหม.png,6,สายไหม,47.28389739990234,56.5,354,ฝนหนัก,3
cropped_districts_by_frame/north/20260312_060023\frame_004\สวนหลวง.png,4,สวนหลวง,50.164772033691406,59.0,88,ฝนหนัก,3
cropped_districts_by_frame/central/20260520_210000\frame_003\ยานนาวา.png,3,ยานนาวา,45.91860580444336,54.0,86,ฝนหนัก,3
cropped_districts_by_frame/north/20260504_170022\frame_007\สะพานสูง.png,7,สะพานสูง,48.99137878417969,66.5,290,ฝนหนัก,3
cropped_districts_by_frame/north/20260507_180025\frame_000\ป้อมปราบศัตรูพ่าย.png,0,ป้อมปราบศัตรูพ่าย,46.5,54.0,13,ฝนหนัก,3
cropped_districts_by_frame/central/20260508_190000\frame_003\วัฒนา.png,3,วัฒนา,45.60714340209961,56.5,56,ฝนหนัก,3
cropped_districts_by_frame/north/20260520_210023\frame_004\บางกะปิ.png,4,บางกะปิ,48.68112182617188,54.0,196,ฝนหนัก,3
cropped_districts_by_frame/central/20260520_210000\frame_007\วังทองหลาง.png,7,วังทองหลาง,46.8125,54.0,160,ฝนหนัก,3
cropped_districts_by_frame/north/20260312_070022\frame_004\มีนบุรี.png,4,มีนบุรี,49.21815872192383,66.5,424,ฝนหนัก,3
cropped_districts_by_frame/north/20260520_200023\frame_011\สาทร.png,11,สาทร,49.875,54.0,20,ฝนหนัก,3
cropped_districts_by_frame/north/20260508_180027\frame_009\คลองสามวา.png,9,คลองสามวา,45.114688873291016,56.5,1164,ฝนหนัก,3
cropped_districts_by_frame/central/20260504_180001\frame_001\ดุสิต.png,1,ดุสิต,50.66666793823242,54.0,6,ฝนหนัก,3
cropped_districts_by_frame/north/20260520_210023\frame_000\ป้อมปราบศัตรูพ่าย.png,0,ป้อมปราบศัตรูพ่าย,49.625,54.0,16,ฝนหนัก,3
cropped_districts_by_frame/north/20260520_210023\frame_001\บางคอแหลม.png,1,บางคอแหลม,48.31034469604492,51.5,29,ฝนหนัก,3
cropped_districts_by_frame/north/20260508_190023\frame_004\ราชเทวี.png,4,ราชเทวี,50.42856979370117,59.0,21,ฝนหนัก,3
cropped_districts_by_frame/central/20260523_010000\frame_004\บางซื่อ.png,4,บางซื่อ,45.25,46.5,2,ฝนหนัก,3
cropped_districts_by_frame/north/20260312_060023\frame_001\บางคอแหลม.png,1,บางคอแหลม,46.78845977783203,54.0,26,ฝนหนัก,3
cropped_districts_by_frame/central/20260525_010000\frame_004\บางพลัด.png,4,บางพลัด,47.75,54.0,10,ฝนหนัก,3
cropped_districts_by_frame/central/20260312_060001\frame_002\คลองเตย.png,2,คลองเตย,46.93269348144531,56.5,104,ฝนหนัก,3
cropped_districts_by_frame/north/20260520_210023\frame_010\บางนา.png,10,บางนา,45.46739196777344,54.0,92,ฝนหนัก,3
cropped_districts_by_frame/central/20260504_180001\frame_003\ป้อมปราบศัตรูพ่าย.png,3,ป้อมปราบศัตรูพ่าย,62.5,66.5,15,ฝนหนัก,3
cropped_districts_by_frame/central/20260508_170000\frame_007\คลองสามวา.png,7,คลองสามวา,46.62583923339844,59.0,298,ฝนหนัก,3
cropped_districts_by_frame/central/20260514_010000\frame_000\บางนา.png,0,บางนา,45.27450942993164,54.0,51,ฝนหนัก,3
cropped_districts_by_frame/central/20260520_200001\frame_005\ภาษีเจริญ.png,5,ภาษีเจริญ,46.05405426025391,54.0,185,ฝนหนัก,3
cropped_districts_by_frame/central/20260520_200001\frame_004\บางแค.png,4,บางแค,45.001258850097656,54.0,397,ฝนหนัก,3
cropped_districts_by_frame/north/20260508_180027\frame_010\คันนายาว.png,10,คันนายาว,46.85234832763672,54.0,298,ฝนหนัก,3
cropped_districts_by_frame/north/20260520_210023\frame_006\สะพานสูง.png,6,สะพานสูง,48.13398742675781,54.0,306,ฝนหนัก,3
cropped_districts_by_frame/north/20260508_180027\frame_011\คันนายาว.png,11,คันนายาว,48.03010177612305,56.5,299,ฝนหนัก,3
cropped_districts_by_frame/central/20260520_200001\frame_006\สายไหม.png,6,สายไหม,45.66666793823242,54.0,3,ฝนหนัก,3
cropped_districts_by_frame/north/20260508_180027\frame_008\คันนายาว.png,8,คันนายาว,45.95229721069336,59.0,283,ฝนหนัก,3
cropped_districts_by_frame/north/20260504_160022\frame_009\หนองจอก.png,9,หนองจอก,45.26021957397461,66.5,1101,ฝนหนัก,3
cropped_districts_by_frame/north/20260520_210023\frame_004\ราษฎร์บูรณะ.png,4,ราษฎร์บูรณะ,45.18055725097656,54.0,72,ฝนหนัก,3
cropped_districts_by_frame/central/20260520_200001\frame_011\ป้อมปราบศัตรูพ่าย.png,11,ป้อมปราบศัตรูพ่าย,54.0,54.0,3,ฝนหนัก,3
cropped_districts_by_frame/north/20260312_060023\frame_002\สาทร.png,2,สาทร,50.18421173095703,54.0,19,ฝนหนัก,3
cropped_districts_by_frame/north/20260504_180023\frame_002\สัมพันธวงศ์.png,2,สัมพันธวงศ์,52.5,54.0,5,ฝนหนัก,3
cropped_districts_by_frame/central/20260312_060001\frame_011\คันนายาว.png,11,คันนายาว,52.41292190551758,64.0,178,ฝนหนัก,3
cropped_districts_by_frame/central/20260520_200001\frame_009\พระนคร.png,9,พระนคร,48.33333206176758,54.0,30,ฝนหนัก,3
cropped_districts_by_frame/north/20260520_210023\frame_002\ราษฎร์บูรณะ.png,2,ราษฎร์บูรณะ,45.81818008422852,54.0,66,ฝนหนัก,3
cropped_districts_by_frame/north/20260520_200023\frame_011\บางพลัด.png,11,บางพลัด,45.774192810058594,54.0,62,ฝนหนัก,3
cropped_districts_by_frame/central/20260520_200001\frame_010\บางกอกน้อย.png,10,บางกอกน้อย,49.125,54.0,120,ฝนหนัก,3
cropped_districts_by_frame/central/20260508_190000\frame_000\สะพานสูง.png,0,สะพานสูง,49.39285659790039,59.0,280,ฝนหนัก,3
cropped_districts_by_frame/north/20260504_170022\frame_011\สัมพันธวงศ์.png,11,สัมพันธวงศ์,61.5,61.5,5,ฝนหนัก,3
cropped_districts_by_frame/central/20260520_200001\frame_002\ภาษีเจริญ.png,2,ภาษีเจริญ,50.32432556152344,56.5,185,ฝนหนัก,3
cropped_districts_by_frame/central/20260520_200001\frame_010\บางรัก.png,10,บางรัก,50.04166793823242,54.0,24,ฝนหนัก,3
cropped_districts_by_frame/central/20260504_180001\frame_006\จตุจักร.png,6,จตุจักร,46.10247421264648,56.5,283,ฝนหนัก,3
cropped_districts_by_frame/central/20260504_180001\frame_008\บางพลัด.png,8,บางพลัด,46.23684310913086,54.0,38,ฝนหนัก,3
cropped_districts_by_frame/north/20260504_180023\frame_000\บางรัก.png,0,บางรัก,47.75,51.5,2,ฝนหนัก,3
cropped_districts_by_frame/north/20260520_210023\frame_002\บางขุนเทียน.png,2,บางขุนเทียน,45.18421173095703,56.5,1045,ฝนหนัก,3
cropped_districts_by_frame/central/20260508_190000\frame_009\บางพลัด.png,9,บางพลัด,45.58333206176758,54.0,30,ฝนหนัก,3
cropped_districts_by_frame/central/20260520_200001\frame_008\บางพลัด.png,8,บางพลัด,45.5625,54.0,32,ฝนหนัก,3
cropped_districts_by_frame/north/20260508_190023\frame_004\ปทุมวัน.png,4,ปทุมวัน,53.568965911865234,64.0,29,ฝนหนัก,3
cropped_districts_by_frame/north/20260520_210023\frame_003\สาทร.png,3,สาทร,50.32352828979492,54.0,17,ฝนหนัก,3
cropped_districts_by_frame/central/20260508_170000\frame_010\คลองสามวา.png,10,คลองสามวา,47.915313720703125,59.0,431,ฝนหนัก,3
cropped_districts_by_frame/north/20260504_170022\frame_005\ลาดกระบัง.png,5,ลาดกระบัง,49.73042297363281,66.5,332,ฝนหนัก,3
cropped_districts_by_frame/central/20260520_210000\frame_003\สาทร.png,3,สาทร,45.80232620239258,54.0,43,ฝนหนัก,3
cropped_districts_by_frame/central/20260312_070000\frame_001\คันนายาว.png,1,คันนายาว,49.386905670166016,59.0,168,ฝนหนัก,3
cropped_districts_by_frame/central/20260504_160000\frame_003\ดอนเมือง.png,3,ดอนเมือง,51.68656539916992,61.5,335,ฝนหนัก,3
cropped_districts_by_frame/central/20260525_010000\frame_002\บางกอกน้อย.png,2,บางกอกน้อย,46.27722930908203,59.0,101,ฝนหนัก,3
cropped_districts_by_frame/central/20260312_060001\frame_003\บางคอแหลม.png,3,บางคอแหลม,45.34146499633789,54.0,41,ฝนหนัก,3
cropped_districts_by_frame/north/20260504_160022\frame_011\คลองสามวา.png,11,คลองสามวา,45.837501525878906,61.5,1000,ฝนหนัก,3
cropped_districts_by_frame/central/20260520_210000\frame_002\สัมพันธวงศ์.png,2,สัมพันธวงศ์,49.0,54.0,3,ฝนหนัก,3
cropped_districts_by_frame/central/20260508_190000\frame_002\บึงกุ่ม.png,2,บึงกุ่ม,46.71929931640625,56.5,228,ฝนหนัก,3
cropped_districts_by_frame/central/20260504_180001\frame_005\ตลิ่งชัน.png,5,ตลิ่งชัน,47.01346969604492,66.5,297,ฝนหนัก,3
cropped_districts_by_frame/central/20260520_210000\frame_002\สาทร.png,2,สาทร,49.67567443847656,54.0,37,ฝนหนัก,3
cropped_districts_by_frame/north/20260312_060023\frame_006\สะพานสูง.png,6,สะพานสูง,48.32119369506836,59.0,302,ฝนหนัก,3
cropped_districts_by_frame/central/20260520_210000\frame_001\บางรัก.png,1,บางรัก,54.5434799194336,56.5,23,ฝนหนัก,3
cropped_districts_by_frame/central/20260520_200001\frame_006\บางกอกใหญ่.png,6,บางกอกใหญ่,50.3983039855957,54.0,59,ฝนหนัก,3
cropped_districts_by_frame/central/20260312_070000\frame_007\มีนบุรี.png,7,มีนบุรี,48.31176376342773,66.5,425,ฝนหนัก,3
cropped_districts_by_frame/central/20260317_140002\frame_005\หลักสี่.png,5,หลักสี่,51.30263137817383,59.0,114,ฝนหนัก,3
cropped_districts_by_frame/central/20260520_210000\frame_000\บางพลัด.png,0,บางพลัด,47.98648834228516,54.0,37,ฝนหนัก,3
cropped_districts_by_frame/central/20260317_140002\frame_000\บางเขน.png,0,บางเขน,45.15909194946289,59.0,220,ฝนหนัก,3
cropped_districts_by_frame/north/20260520_210023\frame_003\ยานนาวา.png,3,ยานนาวา,46.70408248901367,54.0,98,ฝนหนัก,3
cropped_districts_by_frame/north/20260520_210023\frame_000\สัมพันธวงศ์.png,0,สัมพันธวงศ์,47.5,54.0,5,ฝนหนัก,3
cropped_districts_by_frame/north/20260312_060023\frame_002\สวนหลวง.png,2,สวนหลวง,45.382354736328125,56.5,85,ฝนหนัก,3
cropped_districts_by_frame/central/20260525_010000\frame_000\ภาษีเจริญ.png,0,ภาษีเจริญ,46.26776123046875,59.0,183,ฝนหนัก,3
cropped_districts_by_frame/central/20260520_210000\frame_001\บางคอแหลม.png,1,บางคอแหลม,50.71428680419922,54.0,35,ฝนหนัก,3
cropped_districts_by_frame/north/20260504_160022\frame_006\หลักสี่.png,6,หลักสี่,46.54098510742188,54.0,122,ฝนหนัก,3
cropped_districts_by_frame/central/20260520_210000\frame_005\คันนายาว.png,5,คันนายาว,46.7528076171875,56.5,267,ฝนหนัก,3
cropped_districts_by_frame/central/20260520_200001\frame_005\พระนคร.png,5,พระนคร,48.140625,54.0,32,ฝนหนัก,3
cropped_districts_by_frame/north/20260312_060023\frame_003\พระโขนง.png,3,พระโขนง,45.27659606933594,54.0,94,ฝนหนัก,3
cropped_districts_by_frame/central/20260218_130000\frame_002\หนองแขม.png,2,หนองแขม,47.784915924072266,66.5,179,ฝนหนัก,3
cropped_districts_by_frame/central/20260520_200001\frame_001\บางพลัด.png,1,บางพลัด,49.92856979370117,54.0,35,ฝนหนัก,3
cropped_districts_by_frame/central/20260520_200001\frame_008\ป้อมปราบศัตรูพ่าย.png,8,ป้อมปราบศัตรูพ่าย,50.07143020629883,54.0,7,ฝนหนัก,3
cropped_districts_by_frame/north/20260508_190023\frame_002\บางกะปิ.png,2,บางกะปิ,51.58293914794922,64.0,211,ฝนหนัก,3
cropped_districts_by_frame/central/20260520_210000\frame_007\ลาดกระบัง.png,7,ลาดกระบัง,47.56145095825195,66.5,358,ฝนหนัก,3
cropped_districts_by_frame/central/20260504_160000\frame_006\ดอนเมือง.png,6,ดอนเมือง,49.74362564086914,61.5,353,ฝนหนัก,3
cropped_districts_by_frame/central/20260504_160000\frame_004\ดอนเมือง.png,4,ดอนเมือง,47.288352966308594,59.0,352,ฝนหนัก,3
cropped_districts_by_frame/central/20260523_010000\frame_004\บางพลัด.png,4,บางพลัด,48.375,56.5,8,ฝนหนัก,3
cropped_districts_by_frame/central/20260524_030001\frame_009\สัมพันธวงศ์.png,9,สัมพันธวงศ์,54.0,54.0,1,ฝนหนัก,3
cropped_districts_by_frame/north/20260504_160022\frame_011\มีนบุรี.png,11,มีนบุรี,52.77193069458008,64.0,57,ฝนหนัก,3
cropped_districts_by_frame/central/20260520_200001\frame_002\ทวีวัฒนา.png,2,ทวีวัฒนา,45.47006988525391,56.5,284,ฝนหนัก,3
cropped_districts_by_frame/north/20260504_180023\frame_003\สัมพันธวงศ์.png,3,สัมพันธวงศ์,55.0,56.5,5,ฝนหนัก,3
cropped_districts_by_frame/north/20260504_160022\frame_005\บางเขน.png,5,บางเขน,46.152122497558594,59.0,424,ฝนหนัก,3
cropped_districts_by_frame/central/20260312_060001\frame_010\คันนายาว.png,10,คันนายาว,50.84659194946289,64.0,176,ฝนหนัก,3
cropped_districts_by_frame/central/20260508_190000\frame_005\ราชเทวี.png,5,ราชเทวี,49.08333206176758,56.5,60,ฝนหนัก,3
cropped_districts_by_frame/central/20260525_010000\frame_002\ธนบุรี.png,2,ธนบุรี,47.55769348144531,54.0,26,ฝนหนัก,3
cropped_districts_by_frame/central/20260508_190000\frame_003\บึงกุ่ม.png,3,บึงกุ่ม,46.13973617553711,54.0,229,ฝนหนัก,3
cropped_districts_by_frame/central/20260525_010000\frame_007\พระโขนง.png,7,พระโขนง,45.95000076293945,54.0,100,ฝนหนัก,3
cropped_districts_by_frame/central/20260504_180001\frame_010\ทวีวัฒนา.png,10,ทวีวัฒนา,48.00914764404297,66.5,328,ฝนหนัก,3
cropped_districts_by_frame/central/20260520_210000\frame_007\บางนา.png,7,บางนา,46.59259414672852,54.0,54,ฝนหนัก,3
cropped_districts_by_frame/central/20260504_180001\frame_002\สวนหลวง.png,2,สวนหลวง,45.33802795410156,56.5,142,ฝนหนัก,3
cropped_districts_by_frame/north/20260520_210023\frame_002\บางคอแหลม.png,2,บางคอแหลม,49.08928680419922,54.0,28,ฝนหนัก,3
cropped_districts_by_frame/central/20260520_210000\frame_005\สะพานสูง.png,5,สะพานสูง,48.47183227539063,64.0,284,ฝนหนัก,3
cropped_districts_by_frame/central/20260525_010000\frame_001\บางกอกใหญ่.png,1,บางกอกใหญ่,52.49056625366211,59.0,53,ฝนหนัก,3
cropped_districts_by_frame/central/20260504_170000\frame_011\บางกะปิ.png,11,บางกะปิ,50.47286987304688,56.5,258,ฝนหนัก,3
cropped_districts_by_frame/north/20260520_210023\frame_001\วัฒนา.png,1,วัฒนา,49.40697860717773,54.0,86,ฝนหนัก,3
cropped_districts_by_frame/central/20260520_210000\frame_004\วัฒนา.png,4,วัฒนา,46.363014221191406,54.0,73,ฝนหนัก,3
cropped_districts_by_frame/central/20260508_170000\frame_011\คลองสามวา.png,11,คลองสามวา,47.13051223754883,61.5,567,ฝนหนัก,3
cropped_districts_by_frame/north/20260520_210023\frame_004\ราชเทวี.png,4,ราชเทวี,46.772727966308594,54.0,55,ฝนหนัก,3
cropped_districts_by_frame/central/20260508_190000\frame_006\ภาษีเจริญ.png,6,ภาษีเจริญ,45.95121765136719,59.0,41,ฝนหนัก,3
cropped_districts_by_frame/central/20260520_200001\frame_002\หนองแขม.png,2,หนองแขม,45.714874267578125,56.5,363,ฝนหนัก,3
cropped_districts_by_frame/central/20260228_070000\frame_002\สายไหม.png,2,สายไหม,47.33333206176758,54.0,3,ฝนหนัก,3
cropped_districts_by_frame/north/20260520_210023\frame_002\ทุ่งครุ.png,2,ทุ่งครุ,46.38188934326172,56.5,254,ฝนหนัก,3
cropped_districts_by_frame/central/20260508_190000\frame_009\ภาษีเจริญ.png,9,ภาษีเจริญ,45.42856979370117,64.0,70,ฝนหนัก,3
cropped_districts_by_frame/central/20260504_180001\frame_005\บางกอกใหญ่.png,5,บางกอกใหญ่,51.54999923706055,61.5,50,ฝนหนัก,3
cropped_districts_by_frame/north/20260426_160026\frame_002\ลาดพร้าว.png,2,ลาดพร้าว,45.748634338378906,56.5,183,ฝนหนัก,3
cropped_districts_by_frame/central/20260520_200001\frame_006\พญาไท.png,6,พญาไท,48.7471923828125,56.5,89,ฝนหนัก,3
cropped_districts_by_frame/central/20260316_150000\frame_007\ลาดพร้าว.png,7,ลาดพร้าว,54.0,54.0,2,ฝนหนัก,3
cropped_districts_by_frame/central/20260520_200001\frame_007\ตลิ่งชัน.png,7,ตลิ่งชัน,48.23192596435547,56.5,332,ฝนหนัก,3
cropped_districts_by_frame/north/20260426_160026\frame_001\ลาดพร้าว.png,1,ลาดพร้าว,46.56578826904297,59.0,190,ฝนหนัก,3
cropped_districts_by_frame/central/20260523_020000\frame_002\ลาดพร้าว.png,2,ลาดพร้าว,45.224491119384766,59.0,98,ฝนหนัก,3
cropped_districts_by_frame/north/20260504_160022\frame_002\ดอนเมือง.png,2,ดอนเมือง,49.48913192749024,59.0,322,ฝนหนัก,3
cropped_districts_by_frame/central/20260520_210000\frame_009\คันนายาว.png,9,คันนายาว,46.90674591064453,56.5,252,ฝนหนัก,3
cropped_districts_by_frame/central/20260523_010000\frame_006\พระนคร.png,6,พระนคร,48.16666793823242,54.0,27,ฝนหนัก,3
cropped_districts_by_frame/central/20260505_010001\frame_000\บางนา.png,0,บางนา,45.1224479675293,54.0,49,ฝนหนัก,3
cropped_districts_by_frame/central/20260520_200001\frame_011\วังทองหลาง.png,11,วังทองหลาง,49.39568328857422,56.5,139,ฝนหนัก,3
cropped_districts_by_frame/central/20260504_180001\frame_006\ปทุมวัน.png,6,ปทุมวัน,46.13483047485352,54.0,89,ฝนหนัก,3
cropped_districts_by_frame/north/20260520_200023\frame_010\ธนบุรี.png,10,ธนบุรี,49.46511459350586,56.5,43,ฝนหนัก,3
cropped_districts_by_frame/north/20260508_180027\frame_003\มีนบุรี.png,3,มีนบุรี,45.51375961303711,66.5,327,ฝนหนัก,3
cropped_districts_by_frame/central/20260504_180001\frame_002\วัฒนา.png,2,วัฒนา,51.86231994628906,64.0,69,ฝนหนัก,3
cropped_districts_by_frame/north/20260426_160026\frame_001\บางเขน.png,1,บางเขน,45.5,64.0,355,ฝนหนัก,3
cropped_districts_by_frame/north/20260520_210023\frame_003\บางคอแหลม.png,3,บางคอแหลม,45.60714340209961,51.5,28,ฝนหนัก,3
cropped_districts_by_frame/central/20260523_010000\frame_011\ดอนเมือง.png,11,ดอนเมือง,46.91903305053711,56.5,352,ฝนหนัก,3
cropped_districts_by_frame/central/20260504_180001\frame_007\ตลิ่งชัน.png,7,ตลิ่งชัน,53.32492446899414,64.0,337,ฝนหนัก,3
cropped_districts_by_frame/north/20260520_210023\frame_001\ปทุมวัน.png,1,ปทุมวัน,48.411766052246094,54.0,51,ฝนหนัก,3
cropped_districts_by_frame/central/20260525_010000\frame_000\บางกอกใหญ่.png,0,บางกอกใหญ่,55.42045593261719,59.0,44,ฝนหนัก,3
cropped_districts_by_frame/central/20260520_210000\frame_003\ทุ่งครุ.png,3,ทุ่งครุ,46.546993255615234,54.0,266,ฝนหนัก,3
cropped_districts_by_frame/north/20260520_210023\frame_003\ราชเทวี.png,3,ราชเทวี,47.51852035522461,54.0,54,ฝนหนัก,3
cropped_districts_by_frame/central/20260504_180001\frame_004\ธนบุรี.png,4,ธนบุรี,47.75,54.0,6,ฝนหนัก,3
cropped_districts_by_frame/north/20260520_210023\frame_004\วังทองหลาง.png,4,วังทองหลาง,46.63059616088867,54.0,134,ฝนหนัก,3
cropped_districts_by_frame/central/20260520_210000\frame_006\คลองสาน.png,6,คลองสาน,45.875,51.5,8,ฝนหนัก,3
cropped_districts_by_frame/central/20260504_180001\frame_001\พญาไท.png,1,พญาไท,45.5625,56.5,32,ฝนหนัก,3
cropped_districts_by_frame/north/20260520_210023\frame_003\สวนหลวง.png,3,สวนหลวง,49.69892501831055,56.5,93,ฝนหนัก,3
cropped_districts_by_frame/central/20260520_210000\frame_001\ห้วยขวาง.png,1,ห้วยขวาง,47.29136657714844,54.0,139,ฝนหนัก,3
cropped_districts_by_frame/north/20260508_180027\frame_006\คลองสามวา.png,6,คลองสามวา,46.828887939453125,59.0,1125,ฝนหนัก,3
cropped_districts_by_frame/north/20260520_210023\frame_009\ปทุมวัน.png,9,ปทุมวัน,46.5,46.5,1,ฝนหนัก,3
cropped_districts_by_frame/central/20260226_220000\frame_002\ธนบุรี.png,2,ธนบุรี,48.375,54.0,4,ฝนหนัก,3
cropped_districts_by_frame/central/20260520_210000\frame_001\สาทร.png,1,สาทร,53.11458206176758,56.5,48,ฝนหนัก,3
cropped_districts_by_frame/central/20260504_180001\frame_003\ยานนาวา.png,3,ยานนาวา,52.33333206176758,54.0,3,ฝนหนัก,3
cropped_districts_by_frame/north/20260312_060023\frame_011\สาทร.png,11,สาทร,46.1875,51.5,8,ฝนหนัก,3
cropped_districts_by_frame/north/20260508_180027\frame_007\คลองสามวา.png,7,คลองสามวา,45.53489303588867,56.5,1132,ฝนหนัก,3
cropped_districts_by_frame/central/20260520_200001\frame_005\ลาดพร้าว.png,5,ลาดพร้าว,55.26582336425781,66.5,79,ฝนหนัก,3
cropped_districts_by_frame/central/20260520_210000\frame_002\ห้วยขวาง.png,2,ห้วยขวาง,48.79166793823242,59.0,132,ฝนหนัก,3
cropped_districts_by_frame/central/20260525_010000\frame_006\พระโขนง.png,6,พระโขนง,46.31060791015625,66.5,66,ฝนหนัก,3
cropped_districts_by_frame/central/20260504_180001\frame_007\บางกอกใหญ่.png,7,บางกอกใหญ่,47.67647171020508,54.0,51,ฝนหนัก,3
cropped_districts_by_frame/central/20260520_200001\frame_004\หนองแขม.png,4,หนองแขม,46.52060317993164,54.0,364,ฝนหนัก,3
cropped_districts_by_frame/north/20260504_170022\frame_006\สะพานสูง.png,6,สะพานสูง,47.40206146240234,66.5,291,ฝนหนัก,3
cropped_districts_by_frame/central/20260520_200001\frame_011\สัมพันธวงศ์.png,11,สัมพันธวงศ์,54.0,54.0,2,ฝนหนัก,3
cropped_districts_by_frame/north/20260520_210023\frame_000\คลองสาน.png,0,คลองสาน,52.33333206176758,54.0,3,ฝนหนัก,3
cropped_districts_by_frame/north/20260312_060023\frame_009\พญาไท.png,9,พญาไท,47.125,56.5,28,ฝนหนัก,3
cropped_districts_by_frame/central/20260525_010000\frame_005\ราษฎร์บูรณะ.png,5,ราษฎร์บูรณะ,45.275508880615234,56.5,49,ฝนหนัก,3
cropped_districts_by_frame/north/20260510_010023\frame_002\บางแค.png,2,บางแค,47.3634033203125,56.5,194,ฝนหนัก,3
cropped_districts_by_frame/north/20260312_060023\frame_009\คันนายาว.png,9,คันนายาว,49.02702713012695,64.0,185,ฝนหนัก,3
cropped_districts_by_frame/north/20260312_060023\frame_003\บางคอแหลม.png,3,บางคอแหลม,45.09375,46.5,16,ฝนหนัก,3
cropped_districts_by_frame/north/20260504_160022\frame_002\หลักสี่.png,2,หลักสี่,47.10416793823242,56.5,120,ฝนหนัก,3
cropped_districts_by_frame/central/20260520_210000\frame_002\ดุสิต.png,2,ดุสิต,49.52631759643555,54.0,38,ฝนหนัก,3
cropped_districts_by_frame/central/20260520_210000\frame_003\ราชเทวี.png,3,ราชเทวี,47.41549301147461,54.0,71,ฝนหนัก,3
cropped_districts_by_frame/north/20260504_170022\frame_002\หนองจอก.png,2,หนองจอก,48.28414535522461,64.0,2050,ฝนหนัก,3
cropped_districts_by_frame/north/20260520_210023\frame_004\ดินแดง.png,4,ดินแดง,45.6032600402832,54.0,92,ฝนหนัก,3
cropped_districts_by_frame/north/20260508_190023\frame_002\คันนายาว.png,2,คันนายาว,46.15833282470703,54.0,300,ฝนหนัก,3
cropped_districts_by_frame/central/20260520_210000\frame_009\บางนา.png,9,บางนา,45.77083206176758,54.0,48,ฝนหนัก,3
cropped_districts_by_frame/north/20260504_170022\frame_011\พระนคร.png,11,พระนคร,62.21428680419922,64.0,7,ฝนหนัก,3
cropped_districts_by_frame/north/20260520_210023\frame_009\คันนายาว.png,9,คันนายาว,45.05833435058594,54.0,300,ฝนหนัก,3
cropped_districts_by_frame/central/20260520_200001\frame_010\ป้อมปราบศัตรูพ่าย.png,10,ป้อมปราบศัตรูพ่าย,51.5,54.0,5,ฝนหนัก,3
cropped_districts_by_frame/north/20260312_060023\frame_010\ปทุมวัน.png,10,ปทุมวัน,45.94444274902344,51.5,9,ฝนหนัก,3
cropped_districts_by_frame/north/20260504_180023\frame_005\ทวีวัฒนา.png,5,ทวีวัฒนา,45.022727966308594,54.0,154,ฝนหนัก,3
cropped_districts_by_frame/north/20260504_170022\frame_011\ปทุมวัน.png,11,ปทุมวัน,50.57608795166016,66.5,46,ฝนหนัก,3
cropped_districts_by_frame/central/20260504_180001\frame_003\สวนหลวง.png,3,สวนหลวง,46.31418991088867,54.0,148,ฝนหนัก,3
cropped_districts_by_frame/central/20260504_180001\frame_007\ทวีวัฒนา.png,7,ทวีวัฒนา,52.2094612121582,64.0,296,ฝนหนัก,3
cropped_districts_by_frame/central/20260520_210000\frame_003\ดุสิต.png,3,ดุสิต,49.33783721923828,54.0,37,ฝนหนัก,3
cropped_districts_by_frame/north/20260508_180027\frame_010\มีนบุรี.png,10,มีนบุรี,47.56205368041992,59.0,419,ฝนหนัก,3
cropped_districts_by_frame/central/20260504_180001\frame_006\ป้อมปราบศัตรูพ่าย.png,6,ป้อมปราบศัตรูพ่าย,52.125,54.0,4,ฝนหนัก,3
cropped_districts_by_frame/north/20260508_190023\frame_008\ดุสิต.png,8,ดุสิต,45.14864730834961,54.0,37,ฝนหนัก,3
cropped_districts_by_frame/central/20260316_150000\frame_000\ห้วยขวาง.png,0,ห้วยขวาง,45.912879943847656,59.0,132,ฝนหนัก,3
cropped_districts_by_frame/central/20260504_180001\frame_002\สะพานสูง.png,2,สะพานสูง,45.525001525878906,54.0,300,ฝนหนัก,3
cropped_districts_by_frame/central/20260520_210000\frame_003\ราษฎร์บูรณะ.png,3,ราษฎร์บูรณะ,45.02941131591797,54.0,51,ฝนหนัก,3
cropped_districts_by_frame/central/20260520_210000\frame_003\บางรัก.png,3,บางรัก,47.05555725097656,54.0,18,ฝนหนัก,3
cropped_districts_by_frame/central/20260504_180001\frame_001\ป้อมปราบศัตรูพ่าย.png,1,ป้อมปราบศัตรูพ่าย,50.875,54.0,4,ฝนหนัก,3
cropped_districts_by_frame/north/20260226_170024\frame_003\ทวีวัฒนา.png,3,ทวีวัฒนา,51.5,51.5,1,ฝนหนัก,3
cropped_districts_by_frame/central/20260520_200001\frame_008\ตลิ่งชัน.png,8,ตลิ่งชัน,45.3880615234375,56.5,335,ฝนหนัก,3
cropped_districts_by_frame/north/20260520_210023\frame_004\คลองเตย.png,4,คลองเตย,45.83823394775391,54.0,102,ฝนหนัก,3
cropped_districts_by_frame/central/20260520_210000\frame_001\บางพลัด.png,1,บางพลัด,46.42856979370117,54.0,35,ฝนหนัก,3
cropped_districts_by_frame/north/20260426_160026\frame_003\หลักสี่.png,3,หลักสี่,53.982269287109375,64.0,141,ฝนหนัก,3
cropped_districts_by_frame/central/20260520_210000\frame_001\ดุสิต.png,1,ดุสิต,46.33333206176758,54.0,30,ฝนหนัก,3
cropped_districts_by_frame/north/20260510_010023\frame_000\บางพลัด.png,0,บางพลัด,45.25,51.5,14,ฝนหนัก,3
cropped_districts_by_frame/north/20260520_200023\frame_010\สัมพันธวงศ์.png,10,สัมพันธวงศ์,47.5,51.5,5,ฝนหนัก,3
cropped_districts_by_frame/north/20260508_190023\frame_005\ป้อมปราบศัตรูพ่าย.png,5,ป้อมปราบศัตรูพ่าย,51.67856979370117,56.5,14,ฝนหนัก,3
cropped_districts_by_frame/central/20260218_093052\frame_003\บางกอกใหญ่.png,3,บางกอกใหญ่,46.5,54.0,42,ฝนหนัก,3
cropped_districts_by_frame/central/20260520_200001\frame_006\จอมทอง.png,6,จอมทอง,49.12228393554688,59.0,184,ฝนหนัก,3
cropped_districts_by_frame/north/20260510_010023\frame_001\ภาษีเจริญ.png,1,ภาษีเจริญ,46.217262268066406,54.0,168,ฝนหนัก,3
cropped_districts_by_frame/central/20260520_210000\frame_000\ธนบุรี.png,0,ธนบุรี,48.28571319580078,54.0,28,ฝนหนัก,3
cropped_districts_by_frame/central/20260525_010000\frame_009\พระโขนง.png,9,พระโขนง,48.89316177368164,54.0,117,ฝนหนัก,3
cropped_districts_by_frame/central/20260525_010000\frame_003\ดุสิต.png,3,ดุสิต,54.0,54.0,1,ฝนหนัก,3
cropped_districts_by_frame/central/20260504_180001\frame_003\บางกะปิ.png,3,บางกะปิ,45.06031036376953,54.0,257,ฝนหนัก,3
cropped_districts_by_frame/central/20260520_200001\frame_011\บางคอแหลม.png,11,บางคอแหลม,55.015625,56.5,32,ฝนหนัก,3
cropped_districts_by_frame/central/20260504_180001\frame_000\ดุสิต.png,0,ดุสิต,54.0,54.0,1,ฝนหนัก,3
cropped_districts_by_frame/central/20260520_210000\frame_006\สะพานสูง.png,6,สะพานสูง,55.08871078491211,66.5,310,ฝนหนัก,3
cropped_districts_by_frame/central/20260520_210000\frame_002\คันนายาว.png,2,คันนายาว,48.04214477539063,59.0,261,ฝนหนัก,3
cropped_districts_by_frame/central/20260504_160000\frame_001\ดอนเมือง.png,1,ดอนเมือง,47.39494323730469,66.5,257,ฝนหนัก,3
cropped_districts_by_frame/north/20260520_210023\frame_005\ราษฎร์บูรณะ.png,5,ราษฎร์บูรณะ,48.36619567871094,54.0,71,ฝนหนัก,3
cropped_districts_by_frame/central/20260504_180001\frame_004\พระนคร.png,4,พระนคร,57.36206817626953,66.5,29,ฝนหนัก,3
cropped_districts_by_frame/central/20260520_210000\frame_009\บางรัก.png,9,บางรัก,45.19047546386719,54.0,21,ฝนหนัก,3
cropped_districts_by_frame/north/20260504_180023\frame_002\บางกอกน้อย.png,2,บางกอกน้อย,51.44845199584961,61.5,97,ฝนหนัก,3
cropped_districts_by_frame/central/20260508_170000\frame_011\สายไหม.png,11,สายไหม,54.0,54.0,2,ฝนหนัก,3
cropped_districts_by_frame/central/20260312_070000\frame_000\คันนายาว.png,0,คันนายาว,54.91428756713867,64.0,175,ฝนหนัก,3
cropped_districts_by_frame/central/20260504_180001\frame_001\วัฒนา.png,1,วัฒนา,48.25925827026367,56.5,54,ฝนหนัก,3
cropped_districts_by_frame/central/20260508_190000\frame_008\ดุสิต.png,8,ดุสิต,49.0,54.0,35,ฝนหนัก,3
cropped_districts_by_frame/central/20260525_000000\frame_010\คลองสาน.png,10,คลองสาน,46.5,51.5,3,ฝนหนัก,3
cropped_districts_by_frame/central/20260520_200001\frame_003\ทวีวัฒนา.png,3,ทวีวัฒนา,47.67331314086914,66.5,326,ฝนหนัก,3
cropped_districts_by_frame/north/20260504_180023\frame_006\ทวีวัฒนา.png,6,ทวีวัฒนา,48.94117736816406,56.5,170,ฝนหนัก,3
cropped_districts_by_frame/central/20260520_210000\frame_001\วัฒนา.png,1,วัฒนา,50.14754104614258,59.0,61,ฝนหนัก,3
cropped_districts_by_frame/north/20260226_220022\frame_000\บางแค.png,0,บางแค,46.5,46.5,1,ฝนหนัก,3
cropped_districts_by_frame/north/20260504_170022\frame_000\คลองสามวา.png,0,คลองสามวา,46.49748611450195,61.5,994,ฝนหนัก,3
cropped_districts_by_frame/central/20260520_210000\frame_001\คลองสาน.png,1,คลองสาน,52.75,54.0,4,ฝนหนัก,3
cropped_districts_by_frame/central/20260520_200001\frame_004\ตลิ่งชัน.png,4,ตลิ่งชัน,47.50591659545898,61.5,338,ฝนหนัก,3
cropped_districts_by_frame/north/20260504_170022\frame_011\ดุสิต.png,11,ดุสิต,66.5,66.5,1,ฝนหนัก,3
cropped_districts_by_frame/central/20260504_180001\frame_003\ปทุมวัน.png,3,ปทุมวัน,53.878047943115234,64.0,82,ฝนหนัก,3
cropped_districts_by_frame/central/20260312_060001\frame_002\บางรัก.png,2,บางรัก,54.14706039428711,56.5,17,ฝนหนัก,3
cropped_districts_by_frame/central/20260520_210000\frame_002\คลองสาน.png,2,คลองสาน,47.0,54.0,5,ฝนหนัก,3
cropped_districts_by_frame/central/20260504_180001\frame_005\คลองสาน.png,5,คลองสาน,45.5,46.5,5,ฝนหนัก,3
cropped_districts_by_frame/north/20260504_170022\frame_010\สวนหลวง.png,10,สวนหลวง,51.81745910644531,66.5,63,ฝนหนัก,3
cropped_districts_by_frame/central/20260504_180001\frame_003\ดินแดง.png,3,ดินแดง,48.63068008422852,56.5,88,ฝนหนัก,3
cropped_districts_by_frame/central/20260523_020000\frame_007\สายไหม.png,7,สายไหม,47.16618728637695,56.5,349,ฝนหนัก,3
cropped_districts_by_frame/central/20260504_180001\frame_003\ลาดพร้าว.png,3,ลาดพร้าว,45.703704833984375,56.5,135,ฝนหนัก,3
cropped_districts_by_frame/central/20260520_210000\frame_002\คลองเตย.png,2,คลองเตย,52.93229293823242,59.0,96,ฝนหนัก,3
cropped_districts_by_frame/north/20260508_190023\frame_006\บางกอกน้อย.png,6,บางกอกน้อย,48.567901611328125,56.5,81,ฝนหนัก,3
cropped_districts_by_frame/central/20260523_020000\frame_003\ลาดพร้าว.png,3,ลาดพร้าว,48.47368240356445,56.5,133,ฝนหนัก,3
cropped_districts_by_frame/central/20260520_210000\frame_001\จอมทอง.png,1,จอมทอง,45.11111068725586,54.0,198,ฝนหนัก,3
cropped_districts_by_frame/central/20260312_070000\frame_003\มีนบุรี.png,3,มีนบุรี,47.53125,64.0,320,ฝนหนัก,3
cropped_districts_by_frame/north/20260504_180023\frame_001\ราชเทวี.png,1,ราชเทวี,57.57143020629883,64.0,56,ฝนหนัก,3
cropped_districts_by_frame/central/20260504_180001\frame_008\ทวีวัฒนา.png,8,ทวีวัฒนา,52.67412185668945,64.0,313,ฝนหนัก,3
cropped_districts_by_frame/central/20260504_180001\frame_006\ราชเทวี.png,6,ราชเทวี,47.54729843139648,54.0,74,ฝนหนัก,3
cropped_districts_by_frame/north/20260504_170022\frame_009\บึงกุ่ม.png,9,บึงกุ่ม,47.25916290283203,59.0,191,ฝนหนัก,3
cropped_districts_by_frame/central/20260504_180001\frame_001\สวนหลวง.png,1,สวนหลวง,48.48770523071289,56.5,122,ฝนหนัก,3
cropped_districts_by_frame/north/20260508_190023\frame_009\ราชเทวี.png,9,ราชเทวี,46.5,46.5,2,ฝนหนัก,3
cropped_districts_by_frame/north/20260504_170022\frame_008\บางกะปิ.png,8,บางกะปิ,50.13505935668945,66.5,174,ฝนหนัก,3
cropped_districts_by_frame/central/20260504_180001\frame_004\ตลิ่งชัน.png,4,ตลิ่งชัน,47.20043182373047,59.0,232,ฝนหนัก,3
cropped_districts_by_frame/central/20260312_060001\frame_004\คลองสาน.png,4,คลองสาน,48.375,54.0,4,ฝนหนัก,3
cropped_districts_by_frame/central/20260504_160000\frame_008\บางเขน.png,8,บางเขน,45.149635314941406,64.0,411,ฝนหนัก,3
cropped_districts_by_frame/north/20260312_060023\frame_011\คันนายาว.png,11,คันนายาว,53.641090393066406,61.5,202,ฝนหนัก,3
cropped_districts_by_frame/central/20260520_210000\frame_005\วังทองหลาง.png,5,วังทองหลาง,45.65584564208984,54.0,154,ฝนหนัก,3
cropped_districts_by_frame/central/20260520_210000\frame_007\บางกะปิ.png,7,บางกะปิ,48.753936767578125,54.0,254,ฝนหนัก,3
cropped_districts_by_frame/north/20260504_180023\frame_002\จตุจักร.png,2,จตุจักร,46.32758712768555,59.0,348,ฝนหนัก,3
cropped_districts_by_frame/north/20260520_210023\frame_004\วัฒนา.png,4,วัฒนา,49.28409194946289,54.0,88,ฝนหนัก,3
cropped_districts_by_frame/central/20260520_210000\frame_000\ดุสิต.png,0,ดุสิต,46.82258224487305,54.0,31,ฝนหนัก,3
cropped_districts_by_frame/central/20260520_210000\frame_000\ราษฎร์บูรณะ.png,0,ราษฎร์บูรณะ,50.45454406738281,56.5,55,ฝนหนัก,3
cropped_districts_by_frame/central/20260312_060001\frame_001\ราชเทวี.png,1,ราชเทวี,46.272727966308594,64.0,11,ฝนหนัก,3
cropped_districts_by_frame/central/20260520_210000\frame_009\คลองสาน.png,9,คลองสาน,47.5,54.0,5,ฝนหนัก,3
cropped_districts_by_frame/central/20260523_010000\frame_004\สัมพันธวงศ์.png,4,สัมพันธวงศ์,46.5,46.5,1,ฝนหนัก,3
cropped_districts_by_frame/north/20260312_060023\frame_003\ประเวศ.png,3,ประเวศ,46.60531234741211,56.5,546,ฝนหนัก,3
cropped_districts_by_frame/north/20260504_180023\frame_002\วัฒนา.png,2,วัฒนา,45.58783721923828,54.0,74,ฝนหนัก,3
cropped_districts_by_frame/central/20260520_200001\frame_006\บางแค.png,6,บางแค,45.3882064819336,54.0,407,ฝนหนัก,3
cropped_districts_by_frame/north/20260312_060023\frame_011\คลองเตย.png,11,คลองเตย,45.61184310913086,54.0,76,ฝนหนัก,3
cropped_districts_by_frame/north/20260508_190023\frame_009\สัมพันธวงศ์.png,9,สัมพันธวงศ์,46.5,46.5,1,ฝนหนัก,3
cropped_districts_by_frame/central/20260520_200001\frame_007\บางกอกใหญ่.png,7,บางกอกใหญ่,46.87036895751953,54.0,54,ฝนหนัก,3
cropped_districts_by_frame/central/20260520_200001\frame_011\บางรัก.png,11,บางรัก,54.5952377319336,56.5,21,ฝนหนัก,3
cropped_districts_by_frame/central/20260508_190000\frame_003\ห้วยขวาง.png,3,ห้วยขวาง,50.48058319091797,59.0,103,ฝนหนัก,3
cropped_districts_by_frame/central/20260525_010000\frame_004\บางกอกน้อย.png,4,บางกอกน้อย,49.59210586547852,56.5,114,ฝนหนัก,3
cropped_districts_by_frame/north/20260504_180023\frame_001\พระนคร.png,1,พระนคร,50.25,56.5,16,ฝนหนัก,3
cropped_districts_by_frame/central/20260520_200001\frame_010\ดินแดง.png,10,ดินแดง,47.75,56.5,88,ฝนหนัก,3
cropped_districts_by_frame/central/20260520_200001\frame_008\บางบอน.png,8,บางบอน,45.83552551269531,54.0,380,ฝนหนัก,3
cropped_districts_by_frame/central/20260504_180001\frame_004\คลองสาน.png,4,คลองสาน,52.75,54.0,2,ฝนหนัก,3
cropped_districts_by_frame/central/20260312_060001\frame_001\บางคอแหลม.png,1,บางคอแหลม,45.47058868408203,54.0,34,ฝนหนัก,3
cropped_districts_by_frame/central/20260527_020002\frame_000\สะพานสูง.png,0,สะพานสูง,46.5,54.0,42,ฝนหนัก,3
cropped_districts_by_frame/north/20260312_060023\frame_004\ประเวศ.png,4,ประเวศ,46.472015380859375,56.5,536,ฝนหนัก,3
cropped_districts_by_frame/central/20260520_210000\frame_008\บางกะปิ.png,8,บางกะปิ,46.63409805297852,54.0,261,ฝนหนัก,3
cropped_districts_by_frame/central/20260312_060001\frame_010\ห้วยขวาง.png,10,ห้วยขวาง,46.78845977783203,54.0,130,ฝนหนัก,3
cropped_districts_by_frame/central/20260508_190000\frame_004\ราชเทวี.png,4,ราชเทวี,48.900001525878906,64.0,50,ฝนหนัก,3
cropped_districts_by_frame/north/20260520_210023\frame_002\วัฒนา.png,2,วัฒนา,51.15909194946289,56.5,88,ฝนหนัก,3
cropped_districts_by_frame/central/20260508_190000\frame_005\วัฒนา.png,5,วัฒนา,48.66345977783203,56.5,52,ฝนหนัก,3
cropped_districts_by_frame/north/20260312_060023\frame_011\ยานนาวา.png,11,ยานนาวา,48.0,51.5,5,ฝนหนัก,3
cropped_districts_by_frame/central/20260520_200001\frame_006\ราชเทวี.png,6,ราชเทวี,49.3125,54.0,64,ฝนหนัก,3
cropped_districts_by_frame/north/20260502_070026\frame_007\บางกะปิ.png,7,บางกะปิ,47.11198043823242,56.5,192,ฝนหนัก,3
cropped_districts_by_frame/north/20260312_060023\frame_005\สวนหลวง.png,5,สวนหลวง,47.31325149536133,64.0,83,ฝนหนัก,3
cropped_districts_by_frame/central/20260525_010000\frame_008\บางนา.png,8,บางนา,50.66666793823242,56.5,51,ฝนหนัก,3
cropped_districts_by_frame/central/20260520_210000\frame_003\คันนายาว.png,3,คันนายาว,49.45627212524414,59.0,263,ฝนหนัก,3
cropped_districts_by_frame/north/20260520_210023\frame_002\ปทุมวัน.png,2,ปทุมวัน,47.55555725097656,54.0,45,ฝนหนัก,3
cropped_districts_by_frame/north/20260504_160022\frame_005\คันนายาว.png,5,คันนายาว,47.26576614379883,59.0,111,ฝนหนัก,3
cropped_districts_by_frame/central/20260520_200001\frame_011\ธนบุรี.png,11,ธนบุรี,49.3125,54.0,24,ฝนหนัก,3
cropped_districts_by_frame/central/20260520_200001\frame_007\ลาดพร้าว.png,7,ลาดพร้าว,50.31386947631836,59.0,137,ฝนหนัก,3
cropped_districts_by_frame/north/20260520_200023\frame_002\บางกอกน้อย.png,2,บางกอกน้อย,45.83760833740234,54.0,117,ฝนหนัก,3
cropped_districts_by_frame/north/20260504_170022\frame_011\ลาดพร้าว.png,11,ลาดพร้าว,49.26315689086914,56.5,171,ฝนหนัก,3
cropped_districts_by_frame/central/20260520_200001\frame_006\ลาดพร้าว.png,6,ลาดพร้าว,52.08000183105469,59.0,125,ฝนหนัก,3
cropped_districts_by_frame/central/20260520_200001\frame_008\บางกะปิ.png,8,บางกะปิ,49.0,51.5,4,ฝนหนัก,3
cropped_districts_by_frame/central/20260312_070000\frame_004\มีนบุรี.png,4,มีนบุรี,49.09572219848633,66.5,444,ฝนหนัก,3
cropped_districts_by_frame/north/20260520_210023\frame_006\วัฒนา.png,6,วัฒนา,45.30681991577149,54.0,88,ฝนหนัก,3
cropped_districts_by_frame/north/20260520_210023\frame_004\สวนหลวง.png,4,สวนหลวง,49.771278381347656,54.0,94,ฝนหนัก,3
cropped_districts_by_frame/central/20260520_210000\frame_001\ปทุมวัน.png,1,ปทุมวัน,51.844825744628906,59.0,87,ฝนหนัก,3
cropped_districts_by_frame/north/20260312_060023\frame_002\บางคอแหลม.png,2,บางคอแหลม,47.80434799194336,54.0,23,ฝนหนัก,3
cropped_districts_by_frame/central/20260523_010000\frame_004\บางกอกน้อย.png,4,บางกอกน้อย,45.385868072509766,59.0,92,ฝนหนัก,3
cropped_districts_by_frame/central/20260504_170000\frame_010\ลาดกระบัง.png,10,ลาดกระบัง,45.42023468017578,59.0,771,ฝนหนัก,3
cropped_districts_by_frame/central/20260520_200001\frame_009\บางคอแหลม.png,9,บางคอแหลม,51.1875,56.5,32,ฝนหนัก,3
cropped_districts_by_frame/central/20260520_210000\frame_009\มีนบุรี.png,9,มีนบุรี,48.17177963256836,59.0,489,ฝนหนัก,3
cropped_districts_by_frame/central/20260520_210000\frame_010\มีนบุรี.png,10,มีนบุรี,46.970645904541016,54.0,494,ฝนหนัก,3
cropped_districts_by_frame/central/20260504_160000\frame_001\สายไหม.png,1,สายไหม,49.83333206176758,59.0,9,ฝนหนัก,3
cropped_districts_by_frame/north/20260520_210023\frame_003\บางกะปิ.png,3,บางกะปิ,47.85416793823242,56.5,192,ฝนหนัก,3
cropped_districts_by_frame/central/20260520_210000\frame_001\สัมพันธวงศ์.png,1,สัมพันธวงศ์,52.75,54.0,2,ฝนหนัก,3
cropped_districts_by_frame/north/20260426_160026\frame_003\บางเขน.png,3,บางเขน,45.08544921875,56.5,433,ฝนหนัก,3
cropped_districts_by_frame/north/20260520_210023\frame_000\บางคอแหลม.png,0,บางคอแหลม,47.03571319580078,51.5,28,ฝนหนัก,3
cropped_districts_by_frame/north/20260426_160026\frame_007\หลักสี่.png,7,หลักสี่,46.578125,54.0,160,ฝนหนัก,3
cropped_districts_by_frame/central/20260312_060001\frame_000\บางคอแหลม.png,0,บางคอแหลม,46.364864349365234,54.0,37,ฝนหนัก,3
cropped_districts_by_frame/central/20260520_200001\frame_008\ราษฎร์บูรณะ.png,8,ราษฎร์บูรณะ,45.25,56.5,42,ฝนหนัก,3
cropped_districts_by_frame/north/20260508_190023\frame_000\คันนายาว.png,0,คันนายาว,49.221309661865234,56.5,305,ฝนหนัก,3
cropped_districts_by_frame/north/20260520_200023\frame_010\ราษฎร์บูรณะ.png,10,ราษฎร์บูรณะ,46.90441131591797,54.0,68,ฝนหนัก,3
cropped_districts_by_frame/central/20260312_060001\frame_004\สวนหลวง.png,4,สวนหลวง,48.74085235595703,56.5,164,ฝนหนัก,3
cropped_districts_by_frame/central/20260504_180001\frame_003\ราชเทวี.png,3,ราชเทวี,54.234375,59.0,64,ฝนหนัก,3
cropped_districts_by_frame/central/20260520_200001\frame_009\ราษฎร์บูรณะ.png,9,ราษฎร์บูรณะ,50.203704833984375,56.5,54,ฝนหนัก,3
cropped_districts_by_frame/central/20260520_210000\frame_006\สัมพันธวงศ์.png,6,สัมพันธวงศ์,49.0,54.0,2,ฝนหนัก,3
cropped_districts_by_frame/north/20260508_190023\frame_005\ห้วยขวาง.png,5,ห้วยขวาง,46.33631134033203,56.5,168,ฝนหนัก,3
cropped_districts_by_frame/north/20260312_060023\frame_003\บางนา.png,3,บางนา,48.36111068725586,54.0,90,ฝนหนัก,3
cropped_districts_by_frame/central/20260520_200001\frame_009\ดุสิต.png,9,ดุสิต,45.37096786499024,54.0,31,ฝนหนัก,3
cropped_districts_by_frame/central/20260520_210000\frame_003\ห้วยขวาง.png,3,ห้วยขวาง,46.57462692260742,56.5,134,ฝนหนัก,3
cropped_districts_by_frame/north/20260520_210023\frame_002\คลองสาน.png,2,คลองสาน,46.5,46.5,1,ฝนหนัก,3
cropped_districts_by_frame/north/20260520_210023\frame_006\สวนหลวง.png,6,สวนหลวง,46.88461685180664,54.0,91,ฝนหนัก,3
cropped_districts_by_frame/north/20260508_180027\frame_007\มีนบุรี.png,7,มีนบุรี,45.90889358520508,66.5,461,ฝนหนัก,3
cropped_districts_by_frame/north/20260520_200023\frame_010\คลองสาน.png,10,คลองสาน,56.5,56.5,1,ฝนหนัก,3
cropped_districts_by_frame/central/20260508_190000\frame_002\สวนหลวง.png,2,สวนหลวง,45.74242401123047,56.5,66,ฝนหนัก,3
cropped_districts_by_frame/central/20260520_200001\frame_004\ป้อมปราบศัตรูพ่าย.png,4,ป้อมปราบศัตรูพ่าย,50.66666793823242,54.0,3,ฝนหนัก,3
cropped_districts_by_frame/central/20260312_060001\frame_000\คลองเตย.png,0,คลองเตย,51.26635360717773,56.5,107,ฝนหนัก,3
cropped_districts_by_frame/north/20260504_160022\frame_005\หลักสี่.png,5,หลักสี่,48.39583206176758,56.5,120,ฝนหนัก,3
cropped_districts_by_frame/central/20260520_200001\frame_003\บางกอกน้อย.png,3,บางกอกน้อย,50.92982482910156,64.0,114,ฝนหนัก,3
cropped_districts_by_frame/north/20260508_190023\frame_007\พญาไท.png,7,พญาไท,45.45833206176758,54.0,60,ฝนหนัก,3
cropped_districts_by_frame/north/20260520_210023\frame_006\ราษฎร์บูรณะ.png,6,ราษฎร์บูรณะ,46.364864349365234,54.0,74,ฝนหนัก,3
cropped_districts_by_frame/north/20260312_060023\frame_000\คลองเตย.png,0,คลองเตย,49.843021392822266,56.5,86,ฝนหนัก,3
cropped_districts_by_frame/central/20260504_180001\frame_007\ภาษีเจริญ.png,7,ภาษีเจริญ,45.5,56.5,130,ฝนหนัก,3
cropped_districts_by_frame/central/20260504_180001\frame_004\ปทุมวัน.png,4,ปทุมวัน,51.44318008422852,59.0,88,ฝนหนัก,3
cropped_districts_by_frame/central/20260504_160000\frame_005\สายไหม.png,5,สายไหม,51.7094955444336,61.5,358,ฝนหนัก,3
cropped_districts_by_frame/central/20260520_210000\frame_002\สวนหลวง.png,2,สวนหลวง,47.89706039428711,54.0,34,ฝนหนัก,3
cropped_districts_by_frame/central/20260312_060001\frame_001\คลองเตย.png,1,คลองเตย,45.375,64.0,100,ฝนหนัก,3
cropped_districts_by_frame/central/20260520_200001\frame_005\ห้วยขวาง.png,5,ห้วยขวาง,52.75,54.0,2,ฝนหนัก,3
cropped_districts_by_frame/north/20260504_180023\frame_004\บางแค.png,4,บางแค,49.41666793823242,51.5,6,ฝนหนัก,3
cropped_districts_by_frame/north/20260520_210023\frame_001\วังทองหลาง.png,1,วังทองหลาง,46.38888931274414,54.0,135,ฝนหนัก,3
cropped_districts_by_frame/central/20260523_010000\frame_004\ราษฎร์บูรณะ.png,4,ราษฎร์บูรณะ,45.59574508666992,56.5,47,ฝนหนัก,3
cropped_districts_by_frame/north/20260508_180027\frame_005\มีนบุรี.png,5,มีนบุรี,46.36037063598633,64.0,376,ฝนหนัก,3
cropped_districts_by_frame/central/20260520_200001\frame_004\บางพลัด.png,4,บางพลัด,45.796875,54.0,32,ฝนหนัก,3
cropped_districts_by_frame/central/20260520_200001\frame_009\คลองสามวา.png,9,คลองสามวา,46.335330963134766,61.5,167,ฝนหนัก,3
cropped_districts_by_frame/north/20260226_170024\frame_011\ดอนเมือง.png,11,ดอนเมือง,45.31488037109375,64.0,289,ฝนหนัก,3
cropped_districts_by_frame/central/20260504_180001\frame_006\ตลิ่งชัน.png,6,ตลิ่งชัน,49.84580993652344,64.0,334,ฝนหนัก,3
cropped_districts_by_frame/central/20260504_180001\frame_005\ดุสิต.png,5,ดุสิต,47.07692337036133,54.0,26,ฝนหนัก,3
cropped_districts_by_frame/north/20260504_160022\frame_006\บางเขน.png,6,บางเขน,47.19047546386719,59.0,420,ฝนหนัก,3
cropped_districts_by_frame/central/20260504_160000\frame_003\หลักสี่.png,3,หลักสี่,48.57265090942383,56.5,117,ฝนหนัก,3
cropped_districts_by_frame/north/20260312_060023\frame_001\ปทุมวัน.png,1,ปทุมวัน,45.79999923706055,54.0,25,ฝนหนัก,3
cropped_districts_by_frame/central/20260312_070000\frame_000\มีนบุรี.png,0,มีนบุรี,48.62446212768555,66.5,233,ฝนหนัก,3
cropped_districts_by_frame/north/20260508_190023\frame_005\ราชเทวี.png,5,ราชเทวี,50.875,56.5,48,ฝนหนัก,3
cropped_districts_by_frame/central/20260508_190000\frame_005\ห้วยขวาง.png,5,ห้วยขวาง,53.60144805908203,61.5,138,ฝนหนัก,3
cropped_districts_by_frame/central/20260317_140002\frame_006\หลักสี่.png,6,หลักสี่,49.69196319580078,59.0,112,ฝนหนัก,3
cropped_districts_by_frame/central/20260520_200001\frame_010\จอมทอง.png,10,จอมทอง,48.2729606628418,56.5,196,ฝนหนัก,3
cropped_districts_by_frame/north/20260312_060023\frame_001\วัฒนา.png,1,วัฒนา,49.21084213256836,56.5,83,ฝนหนัก,3
cropped_districts_by_frame/central/20260504_180001\frame_002\บางกะปิ.png,2,บางกะปิ,47.12741470336914,56.5,259,ฝนหนัก,3
cropped_districts_by_frame/central/20260312_070000\frame_005\มีนบุรี.png,5,มีนบุรี,49.791282653808594,64.0,436,ฝนหนัก,3
cropped_districts_by_frame/north/20260508_180027\frame_011\มีนบุรี.png,11,มีนบุรี,47.49699401855469,56.5,499,ฝนหนัก,3
cropped_districts_by_frame/central/20260520_210000\frame_006\ห้วยขวาง.png,6,ห้วยขวาง,45.53168869018555,54.0,142,ฝนหนัก,3
cropped_districts_by_frame/central/20260520_200001\frame_010\บางพลัด.png,10,บางพลัด,45.68918991088867,54.0,37,ฝนหนัก,3
cropped_districts_by_frame/central/20260504_180001\frame_004\บางพลัด.png,4,บางพลัด,47.05555725097656,66.5,36,ฝนหนัก,3
cropped_districts_by_frame/central/20260508_190000\frame_004\ปทุมวัน.png,4,ปทุมวัน,45.791046142578125,56.5,67,ฝนหนัก,3
cropped_districts_by_frame/central/20260504_180001\frame_009\ตลิ่งชัน.png,9,ตลิ่งชัน,45.537879943847656,56.5,330,ฝนหนัก,3
cropped_districts_by_frame/central/20260520_210000\frame_000\บึงกุ่ม.png,0,บึงกุ่ม,45.73575210571289,56.5,193,ฝนหนัก,3
cropped_districts_by_frame/north/20260520_210023\frame_004\ห้วยขวาง.png,4,ห้วยขวาง,45.99127960205078,54.0,172,ฝนหนัก,3
cropped_districts_by_frame/central/20260520_210000\frame_004\บางกะปิ.png,4,บางกะปิ,50.34538269042969,59.0,249,ฝนหนัก,3
cropped_districts_by_frame/central/20260504_170000\frame_011\วังทองหลาง.png,11,วังทองหลาง,45.46396255493164,56.5,111,ฝนหนัก,3
cropped_districts_by_frame/north/20260508_190023\frame_001\คันนายาว.png,1,คันนายาว,49.75907516479492,56.5,303,ฝนหนัก,3
cropped_districts_by_frame/north/20260520_200023\frame_011\บางรัก.png,11,บางรัก,48.375,54.0,8,ฝนหนัก,3
cropped_districts_by_frame/central/20260520_210000\frame_002\บางคอแหลม.png,2,บางคอแหลม,47.90243911743164,54.0,41,ฝนหนัก,3
cropped_districts_by_frame/central/20260523_020000\frame_002\พญาไท.png,2,พญาไท,45.568626403808594,54.0,51,ฝนหนัก,3
cropped_districts_by_frame/north/20260504_180023\frame_003\ตลิ่งชัน.png,3,ตลิ่งชัน,46.774391174316406,59.0,164,ฝนหนัก,3
cropped_districts_by_frame/north/20260504_180023\frame_003\ธนบุรี.png,3,ธนบุรี,54.19230651855469,61.5,13,ฝนหนัก,3
cropped_districts_by_frame/north/20260312_070022\frame_000\คันนายาว.png,0,คันนายาว,47.85135269165039,59.0,185,ฝนหนัก,3
cropped_districts_by_frame/central/20260504_180001\frame_000\ดินแดง.png,0,ดินแดง,45.70000076293945,54.0,25,ฝนหนัก,3
cropped_districts_by_frame/central/20260504_170000\frame_011\ลาดกระบัง.png,11,ลาดกระบัง,45.378936767578125,59.0,921,ฝนหนัก,3
cropped_districts_by_frame/central/20260520_210000\frame_000\บางรัก.png,0,บางรัก,54.119049072265625,56.5,21,ฝนหนัก,3
cropped_districts_by_frame/north/20260504_180023\frame_002\บางกอกใหญ่.png,2,บางกอกใหญ่,54.625,64.0,24,ฝนหนัก,3
cropped_districts_by_frame/central/20260312_060001\frame_009\พญาไท.png,9,พญาไท,45.4375,54.0,40,ฝนหนัก,3
cropped_districts_by_frame/central/20260520_210000\frame_010\บางนา.png,10,บางนา,45.54999923706055,54.0,50,ฝนหนัก,3
cropped_districts_by_frame/north/20260504_180023\frame_000\ป้อมปราบศัตรูพ่าย.png,0,ป้อมปราบศัตรูพ่าย,58.84375,66.5,16,ฝนหนัก,3
cropped_districts_by_frame/central/20260525_000000\frame_008\ทวีวัฒนา.png,8,ทวีวัฒนา,47.35416793823242,59.0,120,ฝนหนัก,3
cropped_districts_by_frame/north/20260504_160022\frame_005\ดอนเมือง.png,5,ดอนเมือง,48.8203125,59.0,320,ฝนหนัก,3
cropped_districts_by_frame/north/20260520_210023\frame_005\สะพานสูง.png,5,สะพานสูง,47.23089599609375,54.0,301,ฝนหนัก,3
cropped_districts_by_frame/central/20260504_160000\frame_007\คันนายาว.png,7,คันนายาว,51.54237365722656,66.5,59,ฝนหนัก,3
cropped_districts_by_frame/central/20260523_020000\frame_002\ดอนเมือง.png,2,ดอนเมือง,45.76005935668945,56.5,348,ฝนหนัก,3
cropped_districts_by_frame/central/20260520_200001\frame_006\บางกอกน้อย.png,6,บางกอกน้อย,47.11475372314453,54.0,122,ฝนหนัก,3
cropped_districts_by_frame/central/20260508_190000\frame_004\คลองเตย.png,4,คลองเตย,48.25,54.0,10,ฝนหนัก,3
cropped_districts_by_frame/central/20260525_000000\frame_007\ทวีวัฒนา.png,7,ทวีวัฒนา,49.769229888916016,59.0,91,ฝนหนัก,3
cropped_districts_by_frame/central/20260312_060001\frame_005\สะพานสูง.png,5,สะพานสูง,49.88435363769531,61.5,294,ฝนหนัก,3
cropped_districts_by_frame/central/20260520_200001\frame_005\ป้อมปราบศัตรูพ่าย.png,5,ป้อมปราบศัตรูพ่าย,53.0,54.0,5,ฝนหนัก,3
cropped_districts_by_frame/central/20260504_180001\frame_005\ภาษีเจริญ.png,5,ภาษีเจริญ,47.65217208862305,61.5,115,ฝนหนัก,3
cropped_districts_by_frame/central/20260504_160000\frame_006\หลักสี่.png,6,หลักสี่,46.546295166015625,54.0,108,ฝนหนัก,3
cropped_districts_by_frame/central/20260218_120002\frame_011\บางบอน.png,11,บางบอน,46.29674911499024,59.0,123,ฝนหนัก,3
cropped_districts_by_frame/north/20260520_200023\frame_011\ธนบุรี.png,11,ธนบุรี,45.09375,54.0,32,ฝนหนัก,3
cropped_districts_by_frame/north/20260520_200023\frame_011\บางกอกน้อย.png,11,บางกอกน้อย,46.33456039428711,54.0,136,ฝนหนัก,3
cropped_districts_by_frame/north/20260508_190023\frame_001\บางกะปิ.png,1,บางกะปิ,50.0195541381836,66.5,179,ฝนหนัก,3
cropped_districts_by_frame/central/20260508_190000\frame_003\วังทองหลาง.png,3,วังทองหลาง,50.46104049682617,56.5,154,ฝนหนัก,3
cropped_districts_by_frame/north/20260508_190023\frame_005\สัมพันธวงศ์.png,5,สัมพันธวงศ์,52.75,56.5,4,ฝนหนัก,3
cropped_districts_by_frame/central/20260520_200001\frame_010\ดุสิต.png,10,ดุสิต,46.59259414672852,54.0,27,ฝนหนัก,3
cropped_districts_by_frame/north/20260504_180023\frame_000\พระนคร.png,0,พระนคร,54.625,66.5,16,ฝนหนัก,3
cropped_districts_by_frame/north/20260504_180023\frame_002\ปทุมวัน.png,2,ปทุมวัน,52.27381134033203,59.0,42,ฝนหนัก,3
cropped_districts_by_frame/north/20260508_190023\frame_007\ภาษีเจริญ.png,7,ภาษีเจริญ,52.75,56.5,8,ฝนหนัก,3
cropped_districts_by_frame/central/20260508_190000\frame_009\ตลิ่งชัน.png,9,ตลิ่งชัน,45.73981094360352,56.5,319,ฝนหนัก,3
cropped_districts_by_frame/central/20260520_200001\frame_004\จตุจักร.png,4,จตุจักร,46.911109924316406,59.0,225,ฝนหนัก,3
cropped_districts_by_frame/north/20260520_210023\frame_001\คลองสาน.png,1,คลองสาน,45.25,46.5,2,ฝนหนัก,3
cropped_districts_by_frame/central/20260520_200001\frame_002\บางกอกน้อย.png,2,บางกอกน้อย,52.09210586547852,59.0,114,ฝนหนัก,3
cropped_districts_by_frame/central/20260504_180001\frame_002\ดุสิต.png,2,ดุสิต,52.21428680419922,54.0,7,ฝนหนัก,3
cropped_districts_by_frame/central/20260504_180001\frame_000\สะพานสูง.png,0,สะพานสูง,45.79661178588867,54.0,295,ฝนหนัก,3
cropped_districts_by_frame/north/20260520_200023\frame_008\บางกอกน้อย.png,8,บางกอกน้อย,45.19403076171875,54.0,134,ฝนหนัก,3
cropped_districts_by_frame/central/20260520_210000\frame_006\บางรัก.png,6,บางรัก,45.956520080566406,54.0,23,ฝนหนัก,3
cropped_districts_by_frame/central/20260525_010000\frame_007\บางคอแหลม.png,7,บางคอแหลม,47.4375,54.0,40,ฝนหนัก,3
cropped_districts_by_frame/central/20260525_000000\frame_011\ภาษีเจริญ.png,11,ภาษีเจริญ,48.4886360168457,59.0,176,ฝนหนัก,3
cropped_districts_by_frame/central/20260312_060001\frame_006\สะพานสูง.png,6,สะพานสูง,50.59698867797852,64.0,299,ฝนหนัก,3
cropped_districts_by_frame/north/20260312_060023\frame_002\ธนบุรี.png,2,ธนบุรี,45.63461685180664,54.0,26,ฝนหนัก,3
cropped_districts_by_frame/central/20260520_200001\frame_005\ดุสิต.png,5,ดุสิต,45.25,54.0,30,ฝนหนัก,3
cropped_districts_by_frame/north/20260520_210023\frame_004\คลองสาน.png,4,คลองสาน,54.0,54.0,1,ฝนหนัก,3
cropped_districts_by_frame/central/20260504_180001\frame_001\ลาดพร้าว.png,1,ลาดพร้าว,46.99603271484375,56.5,126,ฝนหนัก,3
cropped_districts_by_frame/central/20260520_210000\frame_000\จอมทอง.png,0,จอมทอง,46.6593132019043,54.0,204,ฝนหนัก,3
cropped_districts_by_frame/central/20260524_060000\frame_000\คันนายาว.png,0,คันนายาว,47.59296417236328,56.5,199,ฝนหนัก,3
cropped_districts_by_frame/central/20260520_200001\frame_008\คลองสาน.png,8,คลองสาน,48.5,54.0,5,ฝนหนัก,3
cropped_districts_by_frame/north/20260504_160022\frame_004\สายไหม.png,4,สายไหม,48.05405426025391,59.0,333,ฝนหนัก,3
cropped_districts_by_frame/central/20260520_200001\frame_003\ธนบุรี.png,3,ธนบุรี,47.4523811340332,54.0,21,ฝนหนัก,3
cropped_districts_by_frame/central/20260312_060001\frame_001\สาทร.png,1,สาทร,49.654762268066406,56.5,42,ฝนหนัก,3
cropped_districts_by_frame/central/20260525_010000\frame_004\บางรัก.png,4,บางรัก,47.54166793823242,54.0,24,ฝนหนัก,3
cropped_districts_by_frame/central/20260312_060001\frame_003\บางรัก.png,3,บางรัก,53.21875,56.5,16,ฝนหนัก,3
cropped_districts_by_frame/north/20260520_200023\frame_009\จอมทอง.png,9,จอมทอง,45.55813980102539,56.5,215,ฝนหนัก,3
cropped_districts_by_frame/north/20260520_210023\frame_000\คลองเตย.png,0,คลองเตย,47.2303352355957,54.0,89,ฝนหนัก,3
cropped_districts_by_frame/central/20260520_200001\frame_008\บางกอกน้อย.png,8,บางกอกน้อย,49.9375,56.5,112,ฝนหนัก,3
cropped_districts_by_frame/central/20260520_210000\frame_003\คลองเตย.png,3,คลองเตย,51.77227783203125,56.5,101,ฝนหนัก,3
cropped_districts_by_frame/north/20260312_060023\frame_010\คันนายาว.png,10,คันนายาว,49.93421173095703,61.5,190,ฝนหนัก,3
cropped_districts_by_frame/north/20260520_200023\frame_010\ป้อมปราบศัตรูพ่าย.png,10,ป้อมปราบศัตรูพ่าย,46.1875,51.5,16,ฝนหนัก,3
cropped_districts_by_frame/north/20260520_210023\frame_001\ราษฎร์บูรณะ.png,1,ราษฎร์บูรณะ,47.92856979370117,54.0,70,ฝนหนัก,3
cropped_districts_by_frame/central/20260312_060001\frame_004\บางนา.png,4,บางนา,45.20000076293945,54.0,50,ฝนหนัก,3
cropped_districts_by_frame/central/20260504_180001\frame_004\บางรัก.png,4,บางรัก,48.6875,56.5,24,ฝนหนัก,3
cropped_districts_by_frame/central/20260505_010001\frame_004\ตลิ่งชัน.png,4,ตลิ่งชัน,47.84042739868164,61.5,235,ฝนหนัก,3
cropped_districts_by_frame/north/20260520_210023\frame_000\ราษฎร์บูรณะ.png,0,ราษฎร์บูรณะ,46.42537307739258,54.0,67,ฝนหนัก,3
cropped_districts_by_frame/north/20260504_170022\frame_011\ราชเทวี.png,11,ราชเทวี,49.86956405639648,66.5,46,ฝนหนัก,3
cropped_districts_by_frame/north/20260508_190023\frame_005\พระนคร.png,5,พระนคร,50.78571319580078,56.5,14,ฝนหนัก,3
cropped_districts_by_frame/central/20260520_210000\frame_001\ราษฎร์บูรณะ.png,1,ราษฎร์บูรณะ,47.57843017578125,54.0,51,ฝนหนัก,3
cropped_districts_by_frame/central/20260504_180001\frame_002\ลาดพร้าว.png,2,ลาดพร้าว,46.925926208496094,56.5,135,ฝนหนัก,3
cropped_districts_by_frame/central/20260523_020000\frame_004\ลาดพร้าว.png,4,ลาดพร้าว,47.76213455200195,56.5,103,ฝนหนัก,3
cropped_districts_by_frame/central/20260525_000000\frame_011\คลองสาน.png,11,คลองสาน,46.5,46.5,1,ฝนหนัก,3
cropped_districts_by_frame/central/20260508_190000\frame_006\พระนคร.png,6,พระนคร,50.33333206176758,56.5,30,ฝนหนัก,3
cropped_districts_by_frame/central/20260523_010000\frame_007\บางพลัด.png,7,บางพลัด,52.515625,64.0,32,ฝนหนัก,3
cropped_districts_by_frame/central/20260525_010000\frame_004\สัมพันธวงศ์.png,4,สัมพันธวงศ์,46.5,46.5,1,ฝนหนัก,3
cropped_districts_by_frame/north/20260426_160026\frame_002\ห้วยขวาง.png,2,ห้วยขวาง,50.78160858154297,59.0,87,ฝนหนัก,3
cropped_districts_by_frame/central/20260520_210000\frame_005\ห้วยขวาง.png,5,ห้วยขวาง,45.1795768737793,54.0,142,ฝนหนัก,3
cropped_districts_by_frame/north/20260508_190023\frame_003\วัฒนา.png,3,วัฒนา,47.91304397583008,59.0,46,ฝนหนัก,3
cropped_districts_by_frame/north/20260312_060023\frame_003\สวนหลวง.png,3,สวนหลวง,48.13580322265625,66.5,81,ฝนหนัก,3
cropped_districts_by_frame/central/20260312_060001\frame_000\ห้วยขวาง.png,0,ห้วยขวาง,45.46104049682617,56.5,77,ฝนหนัก,3
cropped_districts_by_frame/central/20260504_180001\frame_000\วังทองหลาง.png,0,วังทองหลาง,48.54402542114258,56.5,159,ฝนหนัก,3
cropped_districts_by_frame/central/20260520_200001\frame_003\บางกอกใหญ่.png,3,บางกอกใหญ่,54.14706039428711,64.0,51,ฝนหนัก,3
cropped_districts_by_frame/central/20260508_190000\frame_000\คันนายาว.png,0,คันนายาว,45.585819244384766,54.0,268,ฝนหนัก,3
cropped_districts_by_frame/north/20260504_170022\frame_009\สวนหลวง.png,9,สวนหลวง,51.88461685180664,66.5,52,ฝนหนัก,3
cropped_districts_by_frame/north/20260520_210023\frame_006\บางกะปิ.png,6,บางกะปิ,48.9746208190918,54.0,197,ฝนหนัก,3
cropped_districts_by_frame/central/20260504_180001\frame_004\จตุจักร.png,4,จตุจักร,47.77717208862305,56.5,276,ฝนหนัก,3
cropped_districts_by_frame/central/20260504_170000\frame_010\บางกะปิ.png,10,บางกะปิ,46.8441276550293,56.5,247,ฝนหนัก,3
cropped_districts_by_frame/north/20260520_210023\frame_006\บางคอแหลม.png,6,บางคอแหลม,45.77083206176758,54.0,24,ฝนหนัก,3
cropped_districts_by_frame/north/20260504_170022\frame_008\ลาดพร้าว.png,8,ลาดพร้าว,46.89473724365234,59.0,114,ฝนหนัก,3
cropped_districts_by_frame/central/20260522_120000\frame_004\ปทุมวัน.png,4,ปทุมวัน,46.5,46.5,1,ฝนหนัก,3
cropped_districts_by_frame/central/20260504_180001\frame_004\ป้อมปราบศัตรูพ่าย.png,4,ป้อมปราบศัตรูพ่าย,57.33333206176758,59.0,3,ฝนหนัก,3
cropped_districts_by_frame/central/20260508_190000\frame_008\บางพลัด.png,8,บางพลัด,48.87179565429688,54.0,39,ฝนหนัก,3
cropped_districts_by_frame/north/20260508_190023\frame_006\ราชเทวี.png,6,ราชเทวี,45.3125,54.0,40,ฝนหนัก,3
cropped_districts_by_frame/north/20260507_180025\frame_003\บางคอแหลม.png,3,บางคอแหลม,45.5625,51.5,16,ฝนหนัก,3
cropped_districts_by_frame/north/20260508_180027\frame_008\มีนบุรี.png,8,มีนบุรี,50.91616821289063,66.5,501,ฝนหนัก,3
cropped_districts_by_frame/north/20260504_180023\frame_001\ดินแดง.png,1,ดินแดง,47.38414764404297,56.5,82,ฝนหนัก,3
cropped_districts_by_frame/north/20260513_230023\frame_008\มีนบุรี.png,8,มีนบุรี,45.45833206176758,56.5,60,ฝนหนัก,3
cropped_districts_by_frame/north/20260504_170022\frame_010\บางกะปิ.png,10,บางกะปิ,53.72087478637695,66.5,206,ฝนหนัก,3
cropped_districts_by_frame/central/20260520_210000\frame_002\ธนบุรี.png,2,ธนบุรี,45.09375,51.5,16,ฝนหนัก,3
cropped_districts_by_frame/central/20260520_200001\frame_006\ตลิ่งชัน.png,6,ตลิ่งชัน,45.93283462524414,54.0,335,ฝนหนัก,3
cropped_districts_by_frame/central/20260312_060001\frame_005\สวนหลวง.png,5,สวนหลวง,49.06578826904297,56.5,152,ฝนหนัก,3
cropped_districts_by_frame/central/20260520_210000\frame_000\คลองเตย.png,0,คลองเตย,45.78571319580078,56.5,70,ฝนหนัก,3
cropped_districts_by_frame/central/20260504_180001\frame_003\บางรัก.png,3,บางรัก,54.0,56.5,2,ฝนหนัก,3
cropped_districts_by_frame/north/20260508_190023\frame_003\วังทองหลาง.png,3,วังทองหลาง,50.9202880859375,59.0,138,ฝนหนัก,3
cropped_districts_by_frame/central/20260504_180001\frame_003\ห้วยขวาง.png,3,ห้วยขวาง,48.855072021484375,56.5,138,ฝนหนัก,3
cropped_districts_by_frame/central/20260312_060001\frame_000\วัฒนา.png,0,วัฒนา,53.96479034423828,66.5,71,ฝนหนัก,3
cropped_districts_by_frame/central/20260520_210000\frame_002\พระโขนง.png,2,พระโขนง,48.08536529541016,61.5,41,ฝนหนัก,3
cropped_districts_by_frame/central/20260312_060001\frame_005\มีนบุรี.png,5,มีนบุรี,48.20940017700195,61.5,117,ฝนหนัก,3
cropped_districts_by_frame/central/20260504_180001\frame_005\บางนา.png,5,บางนา,47.02631759643555,51.5,38,ฝนหนัก,3
cropped_districts_by_frame/central/20260520_210000\frame_003\บึงกุ่ม.png,3,บึงกุ่ม,48.09502410888672,64.0,221,ฝนหนัก,3
cropped_districts_by_frame/central/20260520_210000\frame_002\บางรัก.png,2,บางรัก,51.91666793823242,54.0,24,ฝนหนัก,3
cropped_districts_by_frame/north/20260504_180023\frame_001\ปทุมวัน.png,1,ปทุมวัน,57.988094329833984,66.5,42,ฝนหนัก,3
cropped_districts_by_frame/north/20260504_170022\frame_007\มีนบุรี.png,7,มีนบุรี,48.94149017333984,61.5,470,ฝนหนัก,3
cropped_districts_by_frame/north/20260504_180023\frame_001\ห้วยขวาง.png,1,ห้วยขวาง,46.25433349609375,56.5,173,ฝนหนัก,3
cropped_districts_by_frame/central/20260520_210000\frame_000\ป้อมปราบศัตรูพ่าย.png,0,ป้อมปราบศัตรูพ่าย,53.16666793823242,54.0,3,ฝนหนัก,3
cropped_districts_by_frame/central/20260508_190000\frame_005\วังทองหลาง.png,5,วังทองหลาง,46.70569610595703,56.5,158,ฝนหนัก,3
cropped_districts_by_frame/north/20260508_180027\frame_003\คลองสามวา.png,3,คลองสามวา,45.00053787231445,66.5,932,ฝนหนัก,3
cropped_districts_by_frame/north/20260520_210023\frame_002\สาทร.png,2,สาทร,50.5476188659668,54.0,21,ฝนหนัก,3
cropped_districts_by_frame/north/20260504_170022\frame_008\สะพานสูง.png,8,สะพานสูง,49.707069396972656,64.0,297,ฝนหนัก,3
cropped_districts_by_frame/central/20260504_180001\frame_007\บางกอกน้อย.png,7,บางกอกน้อย,48.04867172241211,54.0,113,ฝนหนัก,3
cropped_districts_by_frame/central/20260312_060001\frame_001\ห้วยขวาง.png,1,ห้วยขวาง,46.890625,64.0,64,ฝนหนัก,3
cropped_districts_by_frame/north/20260520_200023\frame_005\คลองสาน.png,5,คลองสาน,46.5,46.5,1,ฝนหนัก,3
cropped_districts_by_frame/north/20260520_210023\frame_003\คันนายาว.png,3,คันนายาว,45.54605102539063,54.0,304,ฝนหนัก,3
cropped_districts_by_frame/central/20260520_200001\frame_010\คลองสาน.png,10,คลองสาน,64.83333587646484,66.5,3,ฝนหนัก,3
cropped_districts_by_frame/north/20260520_210023\frame_005\ดินแดง.png,5,ดินแดง,45.14130401611328,54.0,92,ฝนหนัก,3
cropped_districts_by_frame/central/20260520_200001\frame_006\ภาษีเจริญ.png,6,ภาษีเจริญ,46.76881790161133,54.0,186,ฝนหนัก,3
cropped_districts_by_frame/central/20260504_180001\frame_007\บางพลัด.png,7,บางพลัด,51.19696807861328,56.5,33,ฝนหนัก,3
cropped_districts_by_frame/central/20260312_060001\frame_003\วัฒนา.png,3,วัฒนา,47.125,54.0,72,ฝนหนัก,3
cropped_districts_by_frame/central/20260525_010000\frame_001\ภาษีเจริญ.png,1,ภาษีเจริญ,45.07542037963867,56.5,179,ฝนหนัก,3
cropped_districts_by_frame/north/20260312_060023\frame_009\ปทุมวัน.png,9,ปทุมวัน,49.3125,56.5,8,ฝนหนัก,3
cropped_districts_by_frame/north/20260520_210023\frame_007\บางนา.png,7,บางนา,46.38764190673828,54.0,89,ฝนหนัก,3
cropped_districts_by_frame/central/20260520_200001\frame_006\บางพลัด.png,6,บางพลัด,46.97297286987305,54.0,37,ฝนหนัก,3
cropped_districts_by_frame/central/20260520_210000\frame_000\บางคอแหลม.png,0,บางคอแหลม,54.95588302612305,59.0,34,ฝนหนัก,3
cropped_districts_by_frame/north/20260520_210023\frame_007\พระโขนง.png,7,พระโขนง,45.5,54.0,100,ฝนหนัก,3
cropped_districts_by_frame/central/20260525_010000\frame_004\พระนคร.png,4,พระนคร,45.05769348144531,51.5,26,ฝนหนัก,3
cropped_districts_by_frame/central/20260312_060001\frame_002\ห้วยขวาง.png,2,ห้วยขวาง,45.05263137817383,54.0,95,ฝนหนัก,3
cropped_districts_by_frame/north/20260504_180023\frame_003\พระนคร.png,3,พระนคร,51.32143020629883,56.5,14,ฝนหนัก,3
cropped_districts_by_frame/north/20260508_180027\frame_009\มีนบุรี.png,9,มีนบุรี,49.227272033691406,59.0,495,ฝนหนัก,3
cropped_districts_by_frame/central/20260504_180001\frame_005\ธนบุรี.png,5,ธนบุรี,49.625,54.0,4,ฝนหนัก,3
cropped_districts_by_frame/north/20260520_210023\frame_001\สัมพันธวงศ์.png,1,สัมพันธวงศ์,45.5,51.5,5,ฝนหนัก,3
cropped_districts_by_frame/north/20260520_210023\frame_001\บึงกุ่ม.png,1,บึงกุ่ม,45.04807662963867,54.0,260,ฝนหนัก,3
cropped_districts_by_frame/central/20260520_210000\frame_001\ราชเทวี.png,1,ราชเทวี,47.115943908691406,54.0,69,ฝนหนัก,3
cropped_districts_by_frame/north/20260520_210023\frame_002\พระนคร.png,2,พระนคร,45.60714340209961,54.0,14,ฝนหนัก,3
cropped_districts_by_frame/north/20260520_210023\frame_007\คลองเตย.png,7,คลองเตย,45.09550476074219,54.0,89,ฝนหนัก,3
cropped_districts_by_frame/north/20260520_210023\frame_009\มีนบุรี.png,9,มีนบุรี,46.43014144897461,54.0,501,ฝนหนัก,3
cropped_districts_by_frame/north/20260504_160022\frame_001\หลักสี่.png,1,หลักสี่,47.85869598388672,56.5,92,ฝนหนัก,3
cropped_districts_by_frame/central/20260520_210000\frame_006\วังทองหลาง.png,6,วังทองหลาง,48.41082763671875,54.0,157,ฝนหนัก,3
cropped_districts_by_frame/central/20260504_180001\frame_003\คลองเตย.png,3,คลองเตย,51.28260803222656,56.5,69,ฝนหนัก,3
cropped_districts_by_frame/central/20260525_010000\frame_003\ป้อมปราบศัตรูพ่าย.png,3,ป้อมปราบศัตรูพ่าย,47.75,54.0,2,ฝนหนัก,3
cropped_districts_by_frame/north/20260520_210023\frame_002\ดุสิต.png,2,ดุสิต,46.6315803527832,54.0,38,ฝนหนัก,3
cropped_districts_by_frame/central/20260504_180001\frame_003\วัฒนา.png,3,วัฒนา,52.0434799194336,56.5,69,ฝนหนัก,3
cropped_districts_by_frame/north/20260504_160022\frame_008\สายไหม.png,8,สายไหม,45.80791091918945,56.5,354,ฝนหนัก,3
cropped_districts_by_frame/north/20260226_170024\frame_001\ทวีวัฒนา.png,1,ทวีวัฒนา,54.0,54.0,2,ฝนหนัก,3
cropped_districts_by_frame/north/20260504_180023\frame_003\ภาษีเจริญ.png,3,ภาษีเจริญ,51.5,56.5,6,ฝนหนัก,3
cropped_districts_by_frame/central/20260504_180001\frame_002\ห้วยขวาง.png,2,ห้วยขวาง,52.57407379150391,59.0,135,ฝนหนัก,3
cropped_districts_by_frame/north/20260504_180023\frame_002\คลองสาน.png,2,คลองสาน,52.75,54.0,2,ฝนหนัก,3
cropped_districts_by_frame/north/20260504_180023\frame_003\บางรัก.png,3,บางรัก,45.5625,54.0,8,ฝนหนัก,3
cropped_districts_by_frame/north/20260513_230023\frame_011\มีนบุรี.png,11,มีนบุรี,46.1875,56.5,32,ฝนหนัก,3
cropped_districts_by_frame/central/20260504_160000\frame_009\สายไหม.png,9,สายไหม,45.82017517089844,64.0,342,ฝนหนัก,3
cropped_districts_by_frame/central/20260504_180001\frame_007\ดุสิต.png,7,ดุสิต,48.66666793823242,54.0,30,ฝนหนัก,3
cropped_districts_by_frame/north/20260504_180023\frame_002\ยานนาวา.png,2,ยานนาวา,47.75,51.5,4,ฝนหนัก,3
cropped_districts_by_frame/north/20260504_170022\frame_009\วังทองหลาง.png,9,วังทองหลาง,49.3278694152832,64.0,61,ฝนหนัก,3
cropped_districts_by_frame/central/20260504_160000\frame_006\สายไหม.png,6,สายไหม,47.81268310546875,66.5,339,ฝนหนัก,3
cropped_districts_by_frame/central/20260520_200001\frame_009\ธนบุรี.png,9,ธนบุรี,58.0,66.5,25,ฝนหนัก,3
cropped_districts_by_frame/central/20260520_200001\frame_009\บางรัก.png,9,บางรัก,45.153846740722656,54.0,26,ฝนหนัก,3
cropped_districts_by_frame/north/20260508_190023\frame_004\ห้วยขวาง.png,4,ห้วยขวาง,48.19696807861328,56.5,165,ฝนหนัก,3
cropped_districts_by_frame/central/20260520_210000\frame_007\สะพานสูง.png,7,สะพานสูง,52.64686584472656,59.0,303,ฝนหนัก,3
cropped_districts_by_frame/north/20260520_190023\frame_011\ทวีวัฒนา.png,11,ทวีวัฒนา,45.70731735229492,54.0,41,ฝนหนัก,3
cropped_districts_by_frame/central/20260525_010000\frame_002\บางรัก.png,2,บางรัก,47.57143020629883,54.0,21,ฝนหนัก,3
cropped_districts_by_frame/central/20260504_170000\frame_011\ลาดพร้าว.png,11,ลาดพร้าว,46.738094329833984,54.0,84,ฝนหนัก,3
cropped_districts_by_frame/central/20260312_060001\frame_007\สะพานสูง.png,7,สะพานสูง,49.1721305847168,61.5,305,ฝนหนัก,3
cropped_districts_by_frame/central/20260504_180001\frame_002\วังทองหลาง.png,2,วังทองหลาง,47.05379867553711,56.5,158,ฝนหนัก,3
cropped_districts_by_frame/central/20260520_200001\frame_008\บางกอกใหญ่.png,8,บางกอกใหญ่,53.03508758544922,56.5,57,ฝนหนัก,3
cropped_districts_by_frame/north/20260520_210023\frame_008\สะพานสูง.png,8,สะพานสูง,47.46416473388672,54.0,293,ฝนหนัก,3
cropped_districts_by_frame/central/20260504_180001\frame_005\บางซื่อ.png,5,บางซื่อ,45.44495391845703,54.0,109,ฝนหนัก,3
cropped_districts_by_frame/north/20260520_210023\frame_002\คันนายาว.png,2,คันนายาว,45.24155426025391,54.0,296,ฝนหนัก,3
cropped_districts_by_frame/central/20260525_000000\frame_009\ทวีวัฒนา.png,9,ทวีวัฒนา,45.20252990722656,54.0,158,ฝนหนัก,3
cropped_districts_by_frame/north/20260520_210023\frame_000\ดุสิต.png,0,ดุสิต,46.5,54.0,40,ฝนหนัก,3
cropped_districts_by_frame/north/20260508_190023\frame_007\ป้อมปราบศัตรูพ่าย.png,7,ป้อมปราบศัตรูพ่าย,45.66666793823242,51.5,6,ฝนหนัก,3
cropped_districts_by_frame/central/20260228_070000\frame_000\ลาดกระบัง.png,0,ลาดกระบัง,46.5,46.5,2,ฝนหนัก,3
cropped_districts_by_frame/central/20260504_180001\frame_003\ธนบุรี.png,3,ธนบุรี,52.75,54.0,4,ฝนหนัก,3
cropped_districts_by_frame/central/20260312_060001\frame_003\ประเวศ.png,3,ประเวศ,45.844512939453125,59.0,492,ฝนหนัก,3
cropped_districts_by_frame/central/20260520_200001\frame_011\ยานนาวา.png,11,ยานนาวา,56.79411697387695,64.0,85,ฝนหนัก,3
cropped_districts_by_frame/central/20260524_030001\frame_010\คลองสาน.png,10,คลองสาน,45.25,46.5,4,ฝนหนัก,3
cropped_districts_by_frame/central/20260508_180005\frame_001\คลองสามวา.png,1,คลองสามวา,46.71538543701172,59.0,650,ฝนหนัก,3
cropped_districts_by_frame/central/20260508_190000\frame_009\ดุสิต.png,9,ดุสิต,46.57352828979492,54.0,34,ฝนหนัก,3
cropped_districts_by_frame/north/20260508_190023\frame_003\บางกะปิ.png,3,บางกะปิ,49.14634323120117,59.0,205,ฝนหนัก,3
cropped_districts_by_frame/north/20260504_180023\frame_001\ป้อมปราบศัตรูพ่าย.png,1,ป้อมปราบศัตรูพ่าย,54.35714340209961,56.5,14,ฝนหนัก,3
cropped_districts_by_frame/central/20260520_210000\frame_005\บึงกุ่ม.png,5,บึงกุ่ม,45.41447448730469,56.5,228,ฝนหนัก,3
cropped_districts_by_frame/central/20260523_010000\frame_006\ดุสิต.png,6,ดุสิต,47.125,54.0,4,ฝนหนัก,3
cropped_districts_by_frame/north/20260504_180023\frame_007\ทวีวัฒนา.png,7,ทวีวัฒนา,45.50914764404297,54.0,164,ฝนหนัก,3
cropped_districts_by_frame/north/20260508_180027\frame_004\ลาดกระบัง.png,4,ลาดกระบัง,45.13165664672852,59.0,338,ฝนหนัก,3
cropped_districts_by_frame/north/20260507_180025\frame_000\พระนคร.png,0,พระนคร,48.80769348144531,51.5,13,ฝนหนัก,3
cropped_districts_by_frame/central/20260508_190000\frame_003\สวนหลวง.png,3,สวนหลวง,46.341773986816406,56.5,79,ฝนหนัก,3
cropped_districts_by_frame/central/20260523_010000\frame_003\ตลิ่งชัน.png,3,ตลิ่งชัน,47.57276153564453,59.0,268,ฝนหนัก,3
cropped_districts_by_frame/central/20260508_190000\frame_007\บางพลัด.png,7,บางพลัด,45.153846740722656,54.0,26,ฝนหนัก,3
cropped_districts_by_frame/central/20260520_200001\frame_008\คันนายาว.png,8,คันนายาว,47.47222137451172,56.5,36,ฝนหนัก,3
cropped_districts_by_frame/central/20260504_180001\frame_002\ดินแดง.png,2,ดินแดง,49.05952453613281,56.5,84,ฝนหนัก,3
cropped_districts_by_frame/north/20260520_200023\frame_009\บางบอน.png,9,บางบอน,45.19932556152344,54.0,296,ฝนหนัก,3
cropped_districts_by_frame/north/20260426_160026\frame_000\บางเขน.png,0,บางเขน,48.12660217285156,59.0,312,ฝนหนัก,3
cropped_districts_by_frame/central/20260523_020000\frame_005\หลักสี่.png,5,หลักสี่,45.77469253540039,54.0,162,ฝนหนัก,3
cropped_districts_by_frame/north/20260520_210023\frame_008\บางกะปิ.png,8,บางกะปิ,46.15144348144531,54.0,208,ฝนหนัก,3
cropped_districts_by_frame/north/20260520_210023\frame_002\ราชเทวี.png,2,ราชเทวี,49.27777862548828,54.0,63,ฝนหนัก,3
cropped_districts_by_frame/central/20260520_210000\frame_004\คลองเตย.png,4,คลองเตย,45.85185241699219,54.0,108,ฝนหนัก,3
cropped_districts_by_frame/north/20260520_200023\frame_009\คลองสาน.png,9,คลองสาน,51.5,51.5,1,ฝนหนัก,3
cropped_districts_by_frame/central/20260520_210000\frame_001\ทุ่งครุ.png,1,ทุ่งครุ,45.06539916992188,59.0,237,ฝนหนัก,3
cropped_districts_by_frame/north/20260504_160022\frame_007\บางเขน.png,7,บางเขน,45.691009521484375,59.0,445,ฝนหนัก,3
cropped_districts_by_frame/north/20260226_180022\frame_003\ดอนเมือง.png,3,ดอนเมือง,45.5476188659668,51.5,21,ฝนหนัก,3
cropped_districts_by_frame/north/20260520_200023\frame_011\พระนคร.png,11,พระนคร,50.78571319580078,54.0,14,ฝนหนัก,3
cropped_districts_by_frame/central/20260504_180001\frame_002\ราชเทวี.png,2,ราชเทวี,52.90151596069336,59.0,66,ฝนหนัก,3
cropped_districts_by_frame/central/20260504_180001\frame_002\ปทุมวัน.png,2,ปทุมวัน,48.79166793823242,59.0,84,ฝนหนัก,3
cropped_districts_by_frame/north/20260520_210023\frame_001\บางรัก.png,1,บางรัก,50.96428680419922,54.0,14,ฝนหนัก,3
cropped_districts_by_frame/central/20260520_200001\frame_005\สัมพันธวงศ์.png,5,สัมพันธวงศ์,51.5,51.5,1,ฝนหนัก,3
cropped_districts_by_frame/north/20260508_190023\frame_002\สวนหลวง.png,2,สวนหลวง,45.78571319580078,59.0,56,ฝนหนัก,3
cropped_districts_by_frame/north/20260520_210023\frame_002\สัมพันธวงศ์.png,2,สัมพันธวงศ์,45.5,51.5,5,ฝนหนัก,3
cropped_districts_by_frame/central/20260525_000000\frame_010\หนองแขม.png,10,หนองแขม,46.335243225097656,56.5,349,ฝนหนัก,3
cropped_districts_by_frame/north/20260312_070022\frame_001\คันนายาว.png,1,คันนายาว,46.34276580810547,54.0,159,ฝนหนัก,3
cropped_districts_by_frame/central/20260520_200001\frame_005\บางแค.png,5,บางแค,45.67892074584961,54.0,408,ฝนหนัก,3
cropped_districts_by_frame/central/20260520_200001\frame_011\ราชเทวี.png,11,ราชเทวี,47.22463607788086,54.0,69,ฝนหนัก,3
cropped_districts_by_frame/central/20260520_200001\frame_003\พญาไท.png,3,พญาไท,52.33333206176758,54.0,6,ฝนหนัก,3
cropped_districts_by_frame/central/20260504_180001\frame_004\ดินแดง.png,4,ดินแดง,46.0224723815918,54.0,89,ฝนหนัก,3
cropped_districts_by_frame/central/20260504_180001\frame_000\พญาไท.png,0,พญาไท,49.55555725097656,56.5,9,ฝนหนัก,3
cropped_districts_by_frame/north/20260520_210023\frame_001\คลองเตย.png,1,คลองเตย,49.08241653442383,54.0,91,ฝนหนัก,3
cropped_districts_by_frame/central/20260523_010000\frame_003\ราษฎร์บูรณะ.png,3,ราษฎร์บูรณะ,46.32558059692383,54.0,43,ฝนหนัก,3
cropped_districts_by_frame/central/20260504_180001\frame_002\คลองเตย.png,2,คลองเตย,50.08695602416992,64.0,23,ฝนหนัก,3
cropped_districts_by_frame/north/20260312_060023\frame_009\ดินแดง.png,9,ดินแดง,50.13333511352539,56.5,75,ฝนหนัก,3
cropped_districts_by_frame/north/20260520_210023\frame_011\มีนบุรี.png,11,มีนบุรี,45.50195693969727,54.0,511,ฝนหนัก,3
cropped_districts_by_frame/north/20260504_180023\frame_003\ป้อมปราบศัตรูพ่าย.png,3,ป้อมปราบศัตรูพ่าย,52.59375,56.5,16,ฝนหนัก,3
cropped_districts_by_frame/central/20260504_180001\frame_005\วัฒนา.png,5,วัฒนา,45.480262756347656,54.0,76,ฝนหนัก,3
cropped_districts_by_frame/central/20260523_010000\frame_003\บางคอแหลม.png,3,บางคอแหลม,47.125,51.5,4,ฝนหนัก,3
cropped_districts_by_frame/north/20260504_180023\frame_001\ดุสิต.png,1,ดุสิต,64.0,64.0,1,ฝนหนัก,3
cropped_districts_by_frame/north/20260504_170022\frame_004\มีนบุรี.png,4,มีนบุรี,53.17576599121094,66.5,458,ฝนหนัก,3
cropped_districts_by_frame/central/20260508_190000\frame_005\ป้อมปราบศัตรูพ่าย.png,5,ป้อมปราบศัตรูพ่าย,47.75,54.0,2,ฝนหนัก,3
cropped_districts_by_frame/central/20260508_190000\frame_007\ราชเทวี.png,7,ราชเทวี,47.39622497558594,54.0,53,ฝนหนัก,3
cropped_districts_by_frame/north/20260520_210023\frame_000\บางรัก.png,0,บางรัก,49.19230651855469,54.0,13,ฝนหนัก,3
cropped_districts_by_frame/central/20260520_200001\frame_008\ธนบุรี.png,8,ธนบุรี,54.125,59.0,20,ฝนหนัก,3
cropped_districts_by_frame/central/20260504_180001\frame_000\ราชเทวี.png,0,ราชเทวี,52.40517425537109,56.5,58,ฝนหนัก,3
cropped_districts_by_frame/central/20260504_180001\frame_004\บางกอกน้อย.png,4,บางกอกน้อย,58.24796676635742,66.5,123,ฝนหนัก,3
cropped_districts_by_frame/central/20260504_180001\frame_005\บางกอกน้อย.png,5,บางกอกน้อย,56.85714340209961,66.5,126,ฝนหนัก,3
cropped_districts_by_frame/central/20260520_200001\frame_010\ธนบุรี.png,10,ธนบุรี,53.67391204833984,66.5,23,ฝนหนัก,3
cropped_districts_by_frame/north/20260504_170022\frame_004\ลาดกระบัง.png,4,ลาดกระบัง,50.82234573364258,66.5,273,ฝนหนัก,3
cropped_districts_by_frame/central/20260505_010001\frame_009\ทุ่งครุ.png,9,ทุ่งครุ,45.22916793823242,56.5,240,ฝนหนัก,3
cropped_districts_by_frame/central/20260520_200001\frame_009\บางบอน.png,9,บางบอน,46.2733154296875,54.0,386,ฝนหนัก,3
cropped_districts_by_frame/north/20260510_010023\frame_001\บางแค.png,1,บางแค,47.025001525878906,56.5,200,ฝนหนัก,3
cropped_districts_by_frame/north/20260508_190023\frame_007\ดุสิต.png,7,ดุสิต,47.787879943847656,54.0,33,ฝนหนัก,3
cropped_districts_by_frame/north/20260520_210023\frame_003\คลองเตย.png,3,คลองเตย,49.5,54.0,95,ฝนหนัก,3
cropped_districts_by_frame/north/20260508_200025\frame_002\บางแค.png,2,บางแค,46.5,46.5,3,ฝนหนัก,3
cropped_districts_by_frame/central/20260312_060001\frame_006\มีนบุรี.png,6,มีนบุรี,47.69047546386719,61.5,105,ฝนหนัก,3
cropped_districts_by_frame/central/20260504_180001\frame_000\บางกะปิ.png,0,บางกะปิ,51.02999877929688,56.5,250,ฝนหนัก,3
cropped_districts_by_frame/central/20260523_020000\frame_003\ดอนเมือง.png,3,ดอนเมือง,45.65014266967773,56.5,353,ฝนหนัก,3
cropped_districts_by_frame/central/20260520_200001\frame_008\ภาษีเจริญ.png,8,ภาษีเจริญ,47.225807189941406,59.0,186,ฝนหนัก,3
cropped_districts_by_frame/north/20260520_200023\frame_008\คลองสาน.png,8,คลองสาน,46.5,46.5,1,ฝนหนัก,3
cropped_districts_by_frame/north/20260510_010023\frame_000\ธนบุรี.png,0,ธนบุรี,45.97916793823242,54.0,48,ฝนหนัก,3
cropped_districts_by_frame/north/20260312_060023\frame_004\บางนา.png,4,บางนา,45.9505500793457,54.0,91,ฝนหนัก,3
cropped_districts_by_frame/north/20260504_170022\frame_009\ลาดพร้าว.png,9,ลาดพร้าว,50.7578125,59.0,128,ฝนหนัก,3
cropped_districts_by_frame/north/20260520_210023\frame_003\ปทุมวัน.png,3,ปทุมวัน,45.283782958984375,54.0,37,ฝนหนัก,3
cropped_districts_by_frame/central/20260504_180001\frame_006\บางพลัด.png,6,บางพลัด,51.5,56.5,32,ฝนหนัก,3
cropped_districts_by_frame/central/20260523_020000\frame_005\สายไหม.png,5,สายไหม,45.57185745239258,56.5,334,ฝนหนัก,3
cropped_districts_by_frame/central/20260218_093052\frame_005\คันนายาว.png,5,คันนายาว,48.83333206176758,54.0,15,ฝนหนัก,3
cropped_districts_by_frame/north/20260508_190023\frame_005\ปทุมวัน.png,5,ปทุมวัน,47.91304397583008,54.0,23,ฝนหนัก,3
cropped_districts_by_frame/central/20260525_010000\frame_007\คลองเตย.png,7,คลองเตย,46.31182861328125,54.0,93,ฝนหนัก,3
cropped_districts_by_frame/central/20260316_150000\frame_006\วังทองหลาง.png,6,วังทองหลาง,45.54513931274414,56.5,144,ฝนหนัก,3
cropped_districts_by_frame/north/20260508_190023\frame_001\บึงกุ่ม.png,1,บึงกุ่ม,47.20038986206055,56.5,257,ฝนหนัก,3
cropped_districts_by_frame/central/20260523_010000\frame_006\บางพลัด.png,6,บางพลัด,49.882354736328125,56.5,34,ฝนหนัก,3
cropped_districts_by_frame/north/20260520_210023\frame_000\ปทุมวัน.png,0,ปทุมวัน,47.31632614135742,54.0,49,ฝนหนัก,3
cropped_districts_by_frame/north/20260508_190023\frame_006\ดินแดง.png,6,ดินแดง,46.078948974609375,54.0,95,ฝนหนัก,3
cropped_districts_by_frame/central/20260520_200001\frame_007\บางกอกน้อย.png,7,บางกอกน้อย,50.14224243164063,56.5,116,ฝนหนัก,3
cropped_districts_by_frame/north/20260520_210023\frame_007\ลาดกระบัง.png,7,ลาดกระบัง,45.03932571411133,54.0,445,ฝนหนัก,3
cropped_districts_by_frame/north/20260504_160022\frame_003\ดอนเมือง.png,3,ดอนเมือง,45.8577995300293,56.5,327,ฝนหนัก,3
cropped_districts_by_frame/central/20260520_210000\frame_002\ทุ่งครุ.png,2,ทุ่งครุ,45.268798828125,59.0,266,ฝนหนัก,3
cropped_districts_by_frame/central/20260508_190000\frame_004\ธนบุรี.png,4,ธนบุรี,46.5,46.5,2,ฝนหนัก,3
cropped_districts_by_frame/north/20260520_200023\frame_011\สัมพันธวงศ์.png,11,สัมพันธวงศ์,49.625,51.5,4,ฝนหนัก,3
cropped_districts_by_frame/central/20260520_200001\frame_010\พระนคร.png,10,พระนคร,51.04545593261719,54.0,33,ฝนหนัก,3
cropped_districts_by_frame/central/20260520_210000\frame_001\ธนบุรี.png,1,ธนบุรี,47.703704833984375,54.0,27,ฝนหนัก,3
cropped_districts_by_frame/north/20260504_170022\frame_000\หนองจอก.png,0,หนองจอก,45.06049728393555,64.0,1405,ฝนหนัก,3
cropped_districts_by_frame/central/20260504_160000\frame_010\บึงกุ่ม.png,10,บึงกุ่ม,46.8125,54.0,8,ฝนหนัก,3
cropped_districts_by_frame/central/20260525_010000\frame_005\ดุสิต.png,5,ดุสิต,51.0,54.0,5,ฝนหนัก,3
cropped_districts_by_frame/central/20260504_180001\frame_008\ดุสิต.png,8,ดุสิต,45.78571319580078,54.0,35,ฝนหนัก,3
cropped_districts_by_frame/central/20260520_210000\frame_000\ยานนาวา.png,0,ยานนาวา,56.56172943115234,66.5,81,ฝนหนัก,3
cropped_districts_by_frame/central/20260523_010000\frame_001\บางพลัด.png,1,บางพลัด,45.66666793823242,56.5,18,ฝนหนัก,3
cropped_districts_by_frame/central/20260525_010000\frame_001\ตลิ่งชัน.png,1,ตลิ่งชัน,46.14285659790039,59.0,287,ฝนหนัก,3
cropped_districts_by_frame/central/20260520_200001\frame_006\ดินแดง.png,6,ดินแดง,50.12068939208984,59.0,87,ฝนหนัก,3
cropped_districts_by_frame/north/20260504_160022\frame_011\หนองจอก.png,11,หนองจอก,46.02749252319336,64.0,1164,ฝนหนัก,3
cropped_districts_by_frame/north/20260508_190023\frame_006\ภาษีเจริญ.png,6,ภาษีเจริญ,50.92307662963867,56.5,13,ฝนหนัก,3
cropped_districts_by_frame/central/20260525_000000\frame_011\ธนบุรี.png,11,ธนบุรี,46.8125,59.0,16,ฝนหนัก,3
cropped_districts_by_frame/north/20260520_210023\frame_000\ราชเทวี.png,0,ราชเทวี,47.4375,54.0,48,ฝนหนัก,3
cropped_districts_by_frame/central/20260504_180001\frame_008\ตลิ่งชัน.png,8,ตลิ่งชัน,48.69941329956055,56.5,341,ฝนหนัก,3
cropped_districts_by_frame/north/20260504_160022\frame_007\คันนายาว.png,7,คันนายาว,46.26063919067383,64.0,94,ฝนหนัก,3
cropped_districts_by_frame/north/20260520_200023\frame_008\ธนบุรี.png,8,ธนบุรี,47.31730651855469,54.0,52,ฝนหนัก,3
cropped_districts_by_frame/central/20260525_010000\frame_002\ตลิ่งชัน.png,2,ตลิ่งชัน,46.27706909179688,59.0,314,ฝนหนัก,3
cropped_districts_by_frame/central/20260520_200001\frame_003\จอมทอง.png,3,จอมทอง,45.10293960571289,56.5,102,ฝนหนัก,3
cropped_districts_by_frame/central/20260524_030001\frame_009\ธนบุรี.png,9,ธนบุรี,49.0,54.0,3,ฝนหนัก,3
cropped_districts_by_frame/central/20260520_200001\frame_008\วังทองหลาง.png,8,วังทองหลาง,46.875,61.5,60,ฝนหนัก,3
cropped_districts_by_frame/north/20260520_210023\frame_002\บึงกุ่ม.png,2,บึงกุ่ม,45.355770111083984,54.0,260,ฝนหนัก,3
cropped_districts_by_frame/north/20260226_180022\frame_000\ดอนเมือง.png,0,ดอนเมือง,45.38671875,59.0,256,ฝนหนัก,3
cropped_districts_by_frame/central/20260520_200001\frame_005\บางเขน.png,5,บางเขน,45.94444274902344,61.5,108,ฝนหนัก,3
cropped_districts_by_frame/central/20260508_190000\frame_002\บางกะปิ.png,2,บางกะปิ,48.77458953857422,59.0,244,ฝนหนัก,3
cropped_districts_by_frame/north/20260312_060023\frame_006\สวนหลวง.png,6,สวนหลวง,45.09550476074219,54.0,89,ฝนหนัก,3
cropped_districts_by_frame/north/20260508_190023\frame_005\ดินแดง.png,5,ดินแดง,47.38541793823242,56.5,96,ฝนหนัก,3
cropped_districts_by_frame/central/20260523_010000\frame_010\ดอนเมือง.png,10,ดอนเมือง,45.86416244506836,56.5,346,ฝนหนัก,3
cropped_districts_by_frame/central/20260523_020000\frame_001\สายไหม.png,1,สายไหม,48.67289733886719,56.5,214,ฝนหนัก,3
cropped_districts_by_frame/north/20260520_210023\frame_002\ห้วยขวาง.png,2,ห้วยขวาง,47.40361404418945,56.5,166,ฝนหนัก,3
cropped_districts_by_frame/central/20260508_190000\frame_005\ดินแดง.png,5,ดินแดง,49.99431991577149,59.0,88,ฝนหนัก,3
cropped_districts_by_frame/central/20260520_200001\frame_006\บางเขน.png,6,บางเขน,46.639442443847656,61.5,251,ฝนหนัก,3
cropped_districts_by_frame/central/20260520_200001\frame_007\ป้อมปราบศัตรูพ่าย.png,7,ป้อมปราบศัตรูพ่าย,49.625,54.0,4,ฝนหนัก,3
cropped_districts_by_frame/central/20260504_180001\frame_007\พระนคร.png,7,พระนคร,45.25,54.0,32,ฝนหนัก,3
cropped_districts_by_frame/north/20260520_210023\frame_008\มีนบุรี.png,8,มีนบุรี,45.81658935546875,54.0,428,ฝนหนัก,3
cropped_districts_by_frame/north/20260520_200023\frame_011\ยานนาวา.png,11,ยานนาวา,47.89204406738281,54.0,88,ฝนหนัก,3
cropped_districts_by_frame/central/20260520_210000\frame_000\สาทร.png,0,สาทร,53.125,56.5,40,ฝนหนัก,3
cropped_districts_by_frame/central/20260520_200001\frame_005\บางกอกใหญ่.png,5,บางกอกใหญ่,49.29411697387695,54.0,51,ฝนหนัก,3
cropped_districts_by_frame/central/20260520_210000\frame_001\วังทองหลาง.png,1,วังทองหลาง,47.03082275390625,56.5,146,ฝนหนัก,3
cropped_districts_by_frame/central/20260523_020000\frame_005\บางเขน.png,5,บางเขน,46.20756912231445,56.5,436,ฝนหนัก,3
cropped_districts_by_frame/north/20260520_210023\frame_009\บางนา.png,9,บางนา,47.24712753295898,54.0,87,ฝนหนัก,3
cropped_districts_by_frame/north/20260520_210023\frame_005\วังทองหลาง.png,5,วังทองหลาง,48.92647171020508,54.0,136,ฝนหนัก,3
cropped_districts_by_frame/north/20260502_070026\frame_006\บางกะปิ.png,6,บางกะปิ,45.778350830078125,56.5,194,ฝนหนัก,3
cropped_districts_by_frame/central/20260520_200001\frame_004\ดินแดง.png,4,ดินแดง,47.21428680419922,54.0,7,ฝนหนัก,3
cropped_districts_by_frame/central/20260520_210000\frame_004\สะพานสูง.png,4,สะพานสูง,46.12871170043945,59.0,202,ฝนหนัก,3
cropped_districts_by_frame/central/20260523_010000\frame_005\คลองสาน.png,5,คลองสาน,48.0,51.5,5,ฝนหนัก,3
cropped_districts_by_frame/central/20260312_060001\frame_002\สาทร.png,2,สาทร,51.55813980102539,56.5,43,ฝนหนัก,3
cropped_districts_by_frame/north/20260502_070026\frame_005\สวนหลวง.png,5,สวนหลวง,46.68041229248047,56.5,97,ฝนหนัก,3
cropped_districts_by_frame/central/20260524_030001\frame_007\ธนบุรี.png,7,ธนบุรี,46.5,54.0,16,ฝนหนัก,3
cropped_districts_by_frame/north/20260520_200023\frame_009\บางคอแหลม.png,9,บางคอแหลม,48.0,54.0,15,ฝนหนัก,3
cropped_districts_by_frame/central/20260520_210000\frame_004\ดุสิต.png,4,ดุสิต,45.58333206176758,54.0,30,ฝนหนัก,3
cropped_districts_by_frame/central/20260525_010000\frame_003\บางกอกน้อย.png,3,บางกอกน้อย,48.565216064453125,56.5,115,ฝนหนัก,3
cropped_districts_by_frame/central/20260520_210000\frame_006\สวนหลวง.png,6,สวนหลวง,47.77329254150391,54.0,161,ฝนหนัก,3
cropped_districts_by_frame/central/20260520_210000\frame_002\พระนคร.png,2,พระนคร,45.93548202514648,54.0,31,ฝนหนัก,3
cropped_districts_by_frame/central/20260520_210000\frame_003\ป้อมปราบศัตรูพ่าย.png,3,ป้อมปราบศัตรูพ่าย,49.0,54.0,6,ฝนหนัก,3
cropped_districts_by_frame/north/20260312_060023\frame_008\สะพานสูง.png,8,สะพานสูง,45.440677642822266,56.5,295,ฝนหนัก,3
cropped_districts_by_frame/north/20260520_210023\frame_001\ราชเทวี.png,1,ราชเทวี,47.55769348144531,54.0,52,ฝนหนัก,3
cropped_districts_by_frame/central/20260520_210000\frame_000\ดินแดง.png,0,ดินแดง,45.015625,54.0,96,ฝนหนัก,3
cropped_districts_by_frame/central/20260504_160000\frame_004\หลักสี่.png,4,หลักสี่,47.5476188659668,59.0,105,ฝนหนัก,3
cropped_districts_by_frame/north/20260520_200023\frame_010\บางคอแหลม.png,10,บางคอแหลม,48.375,54.0,28,ฝนหนัก,3
cropped_districts_by_frame/central/20260520_210000\frame_005\วัฒนา.png,5,วัฒนา,45.582279205322266,54.0,79,ฝนหนัก,3
cropped_districts_by_frame/north/20260312_060023\frame_005\สะพานสูง.png,5,สะพานสูง,48.56925582885742,59.0,296,ฝนหนัก,3
cropped_districts_by_frame/north/20260504_170022\frame_011\ป้อมปราบศัตรูพ่าย.png,11,ป้อมปราบศัตรูพ่าย,61.96875,66.5,16,ฝนหนัก,3
cropped_districts_by_frame/north/20260504_180023\frame_002\ธนบุรี.png,2,ธนบุรี,51.85714340209961,56.5,7,ฝนหนัก,3
cropped_districts_by_frame/north/20260520_200023\frame_011\ราชเทวี.png,11,ราชเทวี,45.359649658203125,51.5,57,ฝนหนัก,3
cropped_districts_by_frame/central/20260504_180001\frame_005\บางพลัด.png,5,บางพลัด,47.703704833984375,56.5,27,ฝนหนัก,3
cropped_districts_by_frame/central/20260520_200001\frame_007\บึงกุ่ม.png,7,บึงกุ่ม,45.296295166015625,59.0,27,ฝนหนัก,3
cropped_districts_by_frame/north/20260502_070026\frame_004\วัฒนา.png,4,วัฒนา,45.11538314819336,56.5,65,ฝนหนัก,3
cropped_districts_by_frame/north/20260504_180023\frame_000\สวนหลวง.png,0,สวนหลวง,46.30769348144531,54.0,91,ฝนหนัก,3
cropped_districts_by_frame/central/20260520_200001\frame_008\จอมทอง.png,8,จอมทอง,51.57772064208984,59.0,193,ฝนหนัก,3
cropped_districts_by_frame/north/20260312_060023\frame_011\คลองสามวา.png,11,คลองสามวา,45.203704833984375,64.0,81,ฝนหนัก,3
cropped_districts_by_frame/north/20260520_210023\frame_001\สาทร.png,1,สาทร,51.15909194946289,54.0,22,ฝนหนัก,3
cropped_districts_by_frame/north/20260520_200023\frame_010\บางกอกน้อย.png,10,บางกอกน้อย,48.28082275390625,54.0,146,ฝนหนัก,3
cropped_districts_by_frame/central/20260523_020000\frame_006\หลักสี่.png,6,หลักสี่,46.24242401123047,54.0,165,ฝนหนัก,3
cropped_districts_by_frame/central/20260523_010000\frame_004\บางคอแหลม.png,4,บางคอแหลม,45.82692337036133,54.0,26,ฝนหนัก,3
cropped_districts_by_frame/north/20260508_190023\frame_003\ห้วยขวาง.png,3,ห้วยขวาง,51.703704833984375,59.0,135,ฝนหนัก,3
cropped_districts_by_frame/north/20260312_060023\frame_002\บางรัก.png,2,บางรัก,47.75,54.0,8,ฝนหนัก,3
cropped_districts_by_frame/central/20260525_010000\frame_003\ตลิ่งชัน.png,3,ตลิ่งชัน,45.95884323120117,56.5,328,ฝนหนัก,3
cropped_districts_by_frame/central/20260504_160000\frame_005\บางเขน.png,5,บางเขน,45.203704833984375,61.5,405,ฝนหนัก,3
cropped_districts_by_frame/north/20260504_160022\frame_003\หลักสี่.png,3,หลักสี่,47.54838562011719,59.0,124,ฝนหนัก,3
cropped_districts_by_frame/central/20260520_200001\frame_008\ราชเทวี.png,8,ราชเทวี,45.28571319580078,54.0,70,ฝนหนัก,3
cropped_districts_by_frame/central/20260520_210000\frame_001\พระนคร.png,1,พระนคร,49.0,54.0,35,ฝนหนัก,3
cropped_districts_by_frame/north/20260520_210023\frame_001\ยานนาวา.png,1,ยานนาวา,47.33333206176758,54.0,93,ฝนหนัก,3
cropped_districts_by_frame/north/20260508_180027\frame_004\คลองสามวา.png,4,คลองสามวา,46.239234924316406,59.0,1045,ฝนหนัก,3
cropped_districts_by_frame/north/20260426_160026\frame_000\หลักสี่.png,0,หลักสี่,46.20085525512695,59.0,117,ฝนหนัก,3
cropped_districts_by_frame/central/20260504_180001\frame_005\พระนคร.png,5,พระนคร,51.91666793823242,56.5,24,ฝนหนัก,3
cropped_districts_by_frame/central/20260504_180001\frame_001\ราชเทวี.png,1,ราชเทวี,48.75,56.5,70,ฝนหนัก,3
cropped_districts_by_frame/north/20260520_210023\frame_000\พระนคร.png,0,พระนคร,49.15625,54.0,16,ฝนหนัก,3
cropped_districts_by_frame/central/20260312_060001\frame_004\ประเวศ.png,4,ประเวศ,49.4554443359375,59.0,505,ฝนหนัก,3
cropped_districts_by_frame/north/20260520_200023\frame_009\พระนคร.png,9,พระนคร,46.16666793823242,51.5,15,ฝนหนัก,3
cropped_districts_by_frame/central/20260504_180001\frame_007\บางซื่อ.png,7,บางซื่อ,46.06818008422852,54.0,110,ฝนหนัก,3
cropped_districts_by_frame/central/20260520_200001\frame_007\บางบอน.png,7,บางบอน,47.282493591308594,56.5,377,ฝนหนัก,3
cropped_districts_by_frame/central/20260508_190000\frame_006\ราชเทวี.png,6,ราชเทวี,47.08035659790039,54.0,56,ฝนหนัก,3
cropped_districts_by_frame/central/20260520_200001\frame_009\จอมทอง.png,9,จอมทอง,49.74872970581055,59.0,197,ฝนหนัก,3
cropped_districts_by_frame/central/20260520_200001\frame_007\บางพลัด.png,7,บางพลัด,46.04545593261719,54.0,33,ฝนหนัก,3
cropped_districts_by_frame/central/20260520_210000\frame_008\บางคอแหลม.png,8,บางคอแหลม,45.09756088256836,54.0,41,ฝนหนัก,3
cropped_districts_by_frame/central/20260524_030001\frame_009\คลองสาน.png,9,คลองสาน,49.0,54.0,2,ฝนหนัก,3
cropped_districts_by_frame/central/20260520_210000\frame_002\วัฒนา.png,2,วัฒนา,53.07534408569336,64.0,73,ฝนหนัก,3
cropped_districts_by_frame/central/20260312_060001\frame_011\มีนบุรี.png,11,มีนบุรี,46.06730651855469,64.0,208,ฝนหนัก,3
cropped_districts_by_frame/central/20260312_060001\frame_000\บางรัก.png,0,บางรัก,52.75,56.5,16,ฝนหนัก,3
cropped_districts_by_frame/north/20260520_210023\frame_001\ป้อมปราบศัตรูพ่าย.png,1,ป้อมปราบศัตรูพ่าย,48.26470565795898,54.0,17,ฝนหนัก,3
cropped_districts_by_frame/central/20260520_210000\frame_001\ยานนาวา.png,1,ยานนาวา,50.29518127441406,56.5,83,ฝนหนัก,3
cropped_districts_by_frame/central/20260520_200001\frame_007\จอมทอง.png,7,จอมทอง,50.653438568115234,59.0,189,ฝนหนัก,3
cropped_districts_by_frame/central/20260504_180001\frame_004\ห้วยขวาง.png,4,ห้วยขวาง,46.82196807861328,54.0,132,ฝนหนัก,3
cropped_districts_by_frame/north/20260312_060023\frame_011\ปทุมวัน.png,11,ปทุมวัน,47.33333206176758,54.0,30,ฝนหนัก,3
cropped_districts_by_frame/central/20260504_180001\frame_006\ดุสิต.png,6,ดุสิต,45.96428680419922,54.0,28,ฝนหนัก,3
cropped_districts_by_frame/north/20260426_160026\frame_006\หลักสี่.png,6,หลักสี่,46.81645584106445,54.0,158,ฝนหนัก,3
cropped_districts_by_frame/north/20260520_210023\frame_002\บางรัก.png,2,บางรัก,46.5,54.0,6,ฝนหนัก,3
cropped_districts_by_frame/north/20260504_180023\frame_001\สัมพันธวงศ์.png,1,สัมพันธวงศ์,52.0,54.0,5,ฝนหนัก,3
cropped_districts_by_frame/central/20260520_200001\frame_004\พญาไท.png,4,พญาไท,50.33620834350586,56.5,58,ฝนหนัก,3
cropped_districts_by_frame/north/20260312_060023\frame_001\คลองเตย.png,1,คลองเตย,45.45348739624024,54.0,86,ฝนหนัก,3
cropped_districts_by_frame/central/20260508_190000\frame_007\พญาไท.png,7,พญาไท,49.38888931274414,54.0,90,ฝนหนัก,3
cropped_districts_by_frame/north/20260520_200023\frame_009\บางกอกใหญ่.png,9,บางกอกใหญ่,49.7421875,54.0,64,ฝนหนัก,3
cropped_districts_by_frame/central/20260520_200001\frame_011\คลองสาน.png,11,คลองสาน,53.0,54.0,5,ฝนหนัก,3
cropped_districts_by_frame/north/20260504_160022\frame_006\คันนายาว.png,6,คันนายาว,47.80208206176758,59.0,96,ฝนหนัก,3
cropped_districts_by_frame/central/20260508_190000\frame_004\สัมพันธวงศ์.png,4,สัมพันธวงศ์,50.0,54.0,5,ฝนหนัก,3
cropped_districts_by_frame/north/20260510_010023\frame_001\บางคอแหลม.png,1,บางคอแหลม,45.30952453613281,51.5,21,ฝนหนัก,3
cropped_districts_by_frame/central/20260504_180001\frame_005\ราชเทวี.png,5,ราชเทวี,50.96428680419922,54.0,70,ฝนหนัก,3
cropped_districts_by_frame/central/20260504_180001\frame_003\สัมพันธวงศ์.png,3,สัมพันธวงศ์,61.1875,66.5,8,ฝนหนัก,3
cropped_districts_by_frame/north/20260312_060023\frame_002\ปทุมวัน.png,2,ปทุมวัน,45.16071319580078,54.0,28,ฝนหนัก,3
cropped_districts_by_frame/central/20260520_200001\frame_008\สัมพันธวงศ์.png,8,สัมพันธวงศ์,51.5,51.5,2,ฝนหนัก,3
cropped_districts_by_frame/central/20260525_010000\frame_009\บางนา.png,9,บางนา,47.23170852661133,54.0,41,ฝนหนัก,3
cropped_districts_by_frame/central/20260520_210000\frame_005\พญาไท.png,5,พญาไท,46.52747344970703,54.0,91,ฝนหนัก,3
cropped_districts_by_frame/north/20260520_200023\frame_010\จอมทอง.png,10,จอมทอง,45.29146957397461,54.0,211,ฝนหนัก,3
cropped_districts_by_frame/north/20260520_200023\frame_010\บางกอกใหญ่.png,10,บางกอกใหญ่,45.59090805053711,54.0,55,ฝนหนัก,3
cropped_districts_by_frame/central/20260504_180001\frame_005\ทวีวัฒนา.png,5,ทวีวัฒนา,45.64444351196289,59.0,225,ฝนหนัก,3
cropped_districts_by_frame/central/20260312_060001\frame_003\สาทร.png,3,สาทร,50.39534759521485,56.5,43,ฝนหนัก,3
cropped_districts_by_frame/north/20260312_070022\frame_006\มีนบุรี.png,6,มีนบุรี,49.158451080322266,66.5,426,ฝนหนัก,3
cropped_districts_by_frame/central/20260520_210000\frame_001\บึงกุ่ม.png,1,บึงกุ่ม,48.54545593261719,59.0,209,ฝนหนัก,3
cropped_districts_by_frame/north/20260520_210023\frame_007\สะพานสูง.png,7,สะพานสูง,48.29042816162109,54.0,303,ฝนหนัก,3
cropped_districts_by_frame/central/20260504_160000\frame_002\หลักสี่.png,2,หลักสี่,45.37931060791016,56.5,87,ฝนหนัก,3
cropped_districts_by_frame/north/20260504_180023\frame_002\พระนคร.png,2,พระนคร,57.75,66.5,16,ฝนหนัก,3
cropped_districts_by_frame/central/20260520_210000\frame_005\สวนหลวง.png,5,สวนหลวง,51.09935760498047,59.0,156,ฝนหนัก,3
cropped_districts_by_frame/north/20260312_070022\frame_007\มีนบุรี.png,7,มีนบุรี,46.64223098754883,66.5,457,ฝนหนัก,3
cropped_districts_by_frame/central/20260505_010001\frame_001\บางซื่อ.png,1,บางซื่อ,48.7265625,64.0,64,ฝนหนัก,3
cropped_districts_by_frame/central/20260312_060001\frame_000\สาทร.png,0,สาทร,52.625,56.5,40,ฝนหนัก,3
cropped_districts_by_frame/central/20260520_200001\frame_002\บางพลัด.png,2,บางพลัด,47.48684310913086,54.0,38,ฝนหนัก,3
cropped_districts_by_frame/central/20260520_210000\frame_009\สะพานสูง.png,9,สะพานสูง,46.92721557617188,56.5,316,ฝนหนัก,3
cropped_districts_by_frame/central/20260520_200001\frame_007\พญาไท.png,7,พญาไท,47.5439567565918,56.5,91,ฝนหนัก,3
cropped_districts_by_frame/central/20260504_180001\frame_003\พระนคร.png,3,พระนคร,60.5476188659668,66.5,42,ฝนหนัก,3
cropped_districts_by_frame/north/20260504_170022\frame_006\ลาดกระบัง.png,6,ลาดกระบัง,49.19498443603516,64.0,359,ฝนหนัก,3
cropped_districts_by_frame/central/20260312_060001\frame_001\บางรัก.png,1,บางรัก,49.33333206176758,56.5,15,ฝนหนัก,3
cropped_districts_by_frame/central/20260524_030001\frame_008\ป้อมปราบศัตรูพ่าย.png,8,ป้อมปราบศัตรูพ่าย,54.0,54.0,1,ฝนหนัก,3
cropped_districts_by_frame/north/20260504_170022\frame_001\หนองจอก.png,1,หนองจอก,47.97775268554688,64.0,1888,ฝนหนัก,3
cropped_districts_by_frame/central/20260520_210000\frame_004\คันนายาว.png,4,คันนายาว,48.55830383300781,59.0,283,ฝนหนัก,3
cropped_districts_by_frame/north/20260520_210023\frame_005\บางกะปิ.png,5,บางกะปิ,49.99734115600586,54.0,188,ฝนหนัก,3
cropped_districts_by_frame/central/20260525_010000\frame_004\ป้อมปราบศัตรูพ่าย.png,4,ป้อมปราบศัตรูพ่าย,46.5,51.5,4,ฝนหนัก,3
cropped_districts_by_frame/north/20260508_190023\frame_003\คลองเตย.png,3,คลองเตย,47.5,54.0,5,ฝนหนัก,3
cropped_districts_by_frame/central/20260504_180001\frame_004\บางซื่อ.png,4,บางซื่อ,45.8577995300293,54.0,109,ฝนหนัก,3
cropped_districts_by_frame/north/20260508_190023\frame_006\พระนคร.png,6,พระนคร,49.57692337036133,56.5,13,ฝนหนัก,3
cropped_districts_by_frame/central/20260525_010000\frame_007\สวนหลวง.png,7,สวนหลวง,45.875,54.0,8,ฝนหนัก,3
cropped_districts_by_frame/central/20260520_210000\frame_002\ราษฎร์บูรณะ.png,2,ราษฎร์บูรณะ,49.68627548217773,54.0,51,ฝนหนัก,3
cropped_districts_by_frame/north/20260520_210023\frame_002\ป้อมปราบศัตรูพ่าย.png,2,ป้อมปราบศัตรูพ่าย,47.88888931274414,54.0,18,ฝนหนัก,3
cropped_districts_by_frame/central/20260520_210000\frame_000\คลองสาน.png,0,คลองสาน,53.58333206176758,54.0,6,ฝนหนัก,3
cropped_districts_by_frame/north/20260504_170022\frame_010\วังทองหลาง.png,10,วังทองหลาง,51.75700759887695,61.5,107,ฝนหนัก,3
cropped_districts_by_frame/north/20260312_060023\frame_008\พญาไท.png,8,พญาไท,45.911766052246094,54.0,34,ฝนหนัก,3
cropped_districts_by_frame/central/20260508_180005\frame_000\คลองสามวา.png,0,คลองสามวา,45.88500595092773,61.5,687,ฝนหนัก,3
cropped_districts_by_frame/central/20260312_060001\frame_001\คลองสาน.png,1,คลองสาน,54.0,54.0,3,ฝนหนัก,3
cropped_districts_by_frame/central/20260520_200001\frame_011\บางกอกใหญ่.png,11,บางกอกใหญ่,45.02040863037109,54.0,49,ฝนหนัก,3
cropped_districts_by_frame/central/20260508_190000\frame_005\ธนบุรี.png,5,ธนบุรี,52.0,54.0,5,ฝนหนัก,3
cropped_districts_by_frame/north/20260508_190023\frame_002\บึงกุ่ม.png,2,บึงกุ่ม,47.53281784057617,56.5,259,ฝนหนัก,3
cropped_districts_by_frame/central/20260520_200001\frame_007\ราชเทวี.png,7,ราชเทวี,48.62328720092773,56.5,73,ฝนหนัก,3
cropped_districts_by_frame/north/20260504_160022\frame_003\สายไหม.png,3,สายไหม,45.6334342956543,66.5,326,ฝนหนัก,3
cropped_districts_by_frame/central/20260520_200001\frame_005\คลองสาน.png,5,คลองสาน,51.727272033691406,54.0,11,ฝนหนัก,3
cropped_districts_by_frame/north/20260312_070022\frame_001\สะพานสูง.png,1,สะพานสูง,49.33333206176758,59.0,300,ฝนหนัก,3
cropped_districts_by_frame/central/20260504_180001\frame_000\ลาดพร้าว.png,0,ลาดพร้าว,47.75,56.5,136,ฝนหนัก,3
cropped_districts_by_frame/north/20260504_180023\frame_000\ปทุมวัน.png,0,ปทุมวัน,54.625,66.5,32,ฝนหนัก,3
cropped_districts_by_frame/north/20260520_210023\frame_006\บางนา.png,6,บางนา,46.35465240478516,54.0,86,ฝนหนัก,3
cropped_districts_by_frame/central/20260317_140002\frame_008\หลักสี่.png,8,หลักสี่,45.5,54.0,110,ฝนหนัก,3
cropped_districts_by_frame/central/20260520_200001\frame_004\คลองสาน.png,4,คลองสาน,48.16666793823242,54.0,3,ฝนหนัก,3
cropped_districts_by_frame/central/20260520_200001\frame_011\บางพลัด.png,11,บางพลัด,48.0,54.0,35,ฝนหนัก,3
cropped_districts_by_frame/central/20260504_180001\frame_000\ปทุมวัน.png,0,ปทุมวัน,45.86046600341797,54.0,86,ฝนหนัก,3
cropped_districts_by_frame/north/20260520_210023\frame_000\สาทร.png,0,สาทร,50.66666793823242,54.0,18,ฝนหนัก,3
cropped_districts_by_frame/north/20260520_210023\frame_003\วัฒนา.png,3,วัฒนา,50.32352828979492,56.5,85,ฝนหนัก,3
cropped_districts_by_frame/north/20260520_210023\frame_006\วังทองหลาง.png,6,วังทองหลาง,47.21167755126953,54.0,137,ฝนหนัก,3
cropped_districts_by_frame/north/20260504_170022\frame_011\บางรัก.png,11,บางรัก,54.625,66.5,8,ฝนหนัก,3
cropped_districts_by_frame/north/20260520_210023\frame_006\คลองสาน.png,6,คลองสาน,54.0,54.0,1,ฝนหนัก,3
